order_id,customer_id,age,product_id,country,signup_date,last_purchase_date,cancellations_count,subscription_status,order_date,unit_price,quantity,purchase_frequency,preferred_category,product_name,category,gender,Revenue,Age_group,Days Since Last Purchase,Customer Tenure Days,Month-Year,Churn Risk Score
ORD5000,CUST1000,39,PROD200,Canada,07-Jan-21,21-Feb-23,0,active,20-Aug-24,78.21,5,37,Sports,Football,Sports,Female,391.05,36-45,1095,775,Aug-24,50
ORD5001,CUST1001,61,PROD201,USA,19-Oct-20,08-Dec-21,0,active,17-Jul-25,64.02,8,35,Sports,Refrigerator,Home,Female,512.16,56+,1535,415,Jul-25,50
ORD5002,CUST1002,26,PROD202,Pakistan,10-Jun-23,04-Sep-23,3,cancelled,12-Mar-25,604.14,2,44,Electronics,Hoodie,Clothing,Female,1208.28,26-35,900,86,Mar-25,80
ORD5003,CUST1003,54,PROD203,India,30-Jul-23,20-Feb-24,4,paused,19-Sep-24,84.66,4,1,Sports,Conditioner,Beauty,Male,338.64,46-55,731,205,Sep-24,100
ORD5004,CUST1004,50,PROD204,India,09-Dec-20,14-Sep-24,0,active,08-Aug-24,62.66,7,35,Sports,Smartwatch,Electronics,Male,438.62,46-55,524,1375,Aug-24,50
ORD5005,CUST1005,46,PROD205,Pakistan,16-May-23,13-Aug-25,2,active,14-Oct-24,221.61,8,16,Electronics,Hoodie,Clothing,Male,1772.88,46-55,191,820,Oct-24,70
ORD5006,CUST1006,29,PROD206,Germany,10-Apr-23,15-Jul-25,1,active,05-Mar-24,175.74,4,7,Clothing,Tablet,Electronics,Female,702.96,26-35,220,827,Mar-24,60
ORD5007,CUST1007,24,PROD207,UK,11-Jul-22,31-Dec-24,2,active,21-Mar-25,9.56,5,34,Clothing,Jacket,Clothing,Female,47.8,18-25,416,904,Mar-25,70
ORD5008,CUST1008,53,PROD208,Pakistan,25-Apr-21,26-Dec-24,4,paused,14-Dec-23,1525.8,1,32,Electronics,Nail Polish,Beauty,Female,1525.8,46-55,421,1341,Dec-23,100
ORD5009,CUST1009,38,PROD209,Germany,09-Dec-21,29-Nov-24,2,active,24-Dec-21,337.24,4,6,Clothing,Camera,Electronics,Male,1348.96,36-45,448,1086,Dec-21,70
ORD5010,CUST1010,41,PROD210,UK,04-Oct-20,02-Aug-22,2,active,23-Nov-23,203.05,6,38,Home,Dumbbells,Sports,Female,1218.3,36-45,1298,667,Nov-23,70
ORD5011,CUST1011,24,PROD211,Canada,12-Feb-22,12-Mar-25,1,active,30-May-25,940.17,1,24,Beauty,Headphones,Electronics,Female,940.17,18-25,345,1124,May-25,60
ORD5012,CUST1012,39,PROD212,Canada,20-Dec-20,16-Jan-23,2,active,07-Aug-21,168.79,9,36,Beauty,Vacuum Cleaner,Home,Female,1519.11,36-45,1131,757,Aug-21,70
ORD5013,CUST1013,61,PROD213,USA,19-Feb-21,09-Dec-24,3,active,26-Jan-24,236.77,8,5,Sports,Perfume,Beauty,Female,1894.16,56+,438,1389,Jan-24,80
ORD5014,CUST1014,64,PROD214,UK,27-Feb-21,24-Apr-25,1,active,06-Dec-23,130.32,6,20,Clothing,Cycling Helmet,Sports,Female,781.92,56+,302,1517,Dec-23,60
ORD5015,CUST1015,28,PROD215,UK,31-Dec-21,15-Nov-23,5,cancelled,30-Nov-24,333.99,3,27,Home,Face Wash,Beauty,Female,1001.97,26-35,828,684,Nov-24,80
ORD5016,CUST1016,34,PROD216,USA,06-Jul-21,02-Aug-25,1,active,19-Jun-24,1875.08,1,31,Sports,Football,Sports,Female,1875.08,26-35,202,1488,Jun-24,60
ORD5017,CUST1017,22,PROD217,Pakistan,14-Sep-21,04-Aug-24,0,cancelled,27-Jan-24,211.24,6,18,Electronics,Cricket Bat,Sports,Male,1267.44,18-25,565,1055,Jan-24,50
ORD5018,CUST1018,42,PROD218,USA,25-May-23,09-Jan-25,5,paused,13-Aug-25,1702.39,1,14,Clothing,Sneakers,Clothing,Male,1702.39,36-45,407,595,Aug-25,100
ORD5019,CUST1019,51,PROD219,India,14-Sep-22,13-Aug-25,0,paused,27-Oct-24,199.58,8,41,Clothing,Refrigerator,Home,Female,1596.64,46-55,191,1064,Oct-24,70
ORD5020,CUST1020,64,PROD220,Canada,13-Mar-22,23-Jan-24,4,active,06-May-22,242.03,6,2,Electronics,Cricket Bat,Sports,Female,1452.18,56+,759,681,May-22,80
ORD5021,CUST1021,52,PROD221,Germany,02-Feb-21,20-Jun-22,1,paused,20-Aug-24,50.78,7,9,Home,Dress,Clothing,Male,355.46,46-55,1341,503,Aug-24,80
ORD5022,CUST1022,28,PROD222,Germany,09-Jun-22,05-Aug-22,2,active,06-Feb-24,89.87,6,39,Home,Smartphone,Electronics,Female,539.22,26-35,1295,57,Feb-24,70
ORD5023,CUST1023,25,PROD223,Germany,04-May-21,11-Jun-25,5,active,11-Jul-25,52.34,8,16,Electronics,Camera,Electronics,Male,418.72,18-25,254,1499,Jul-25,80
ORD5024,CUST1024,45,PROD224,Germany,14-Apr-22,29-Jan-23,2,active,21-May-24,232.67,3,20,Clothing,Lipstick,Beauty,Male,698.01,36-45,1118,290,May-24,70
ORD5025,CUST1025,49,PROD225,India,07-Nov-21,09-Jun-22,3,cancelled,26-Sep-22,142.89,5,40,Clothing,Sneakers,Clothing,Male,714.45,46-55,1352,214,Sep-22,80
ORD5026,CUST1026,27,PROD226,Germany,15-May-23,05-May-25,0,paused,26-Aug-24,44.69,7,28,Beauty,T-Shirt,Clothing,Male,312.83,26-35,291,721,Aug-24,70
ORD5027,CUST1027,69,PROD227,Pakistan,23-Mar-21,25-Feb-22,4,cancelled,13-Nov-24,139.3,7,42,Clothing,Tennis Racket,Sports,Male,975.1,56+,1456,339,Nov-24,80
ORD5028,CUST1028,66,PROD228,India,02-Jun-21,03-Apr-25,1,active,17-Jan-22,149.65,8,45,Electronics,Sofa,Home,Male,1197.2,56+,323,1401,Jan-22,60
ORD5029,CUST1029,43,PROD229,Canada,22-Aug-20,22-Mar-24,3,cancelled,06-Aug-21,157.1,6,14,Electronics,Laptop,Electronics,Female,942.6,36-45,700,1308,Aug-21,80
ORD5030,CUST1030,18,PROD230,Germany,19-Apr-21,01-Jun-21,5,active,04-Mar-23,182.53,9,24,Clothing,Basketball,Sports,Male,1642.77,18-25,1725,43,Mar-23,80
ORD5031,CUST1031,37,PROD231,Canada,19-Aug-21,22-Jul-23,4,paused,07-Sep-24,31.95,1,9,Home,Dress,Clothing,Male,31.95,36-45,944,702,Sep-24,100
ORD5032,CUST1032,52,PROD232,Germany,09-Feb-21,27-Jul-21,0,cancelled,10-Nov-23,804.77,2,26,Beauty,Cycling Helmet,Sports,Female,1609.54,46-55,1669,168,Nov-23,50
ORD5033,CUST1033,50,PROD233,Canada,25-Mar-22,25-Sep-22,5,active,05-Sep-22,332.38,5,29,Home,Shirt,Clothing,Male,1661.9,46-55,1244,184,Sep-22,80
ORD5034,CUST1034,49,PROD234,UK,26-Feb-21,22-Apr-25,5,active,18-Oct-21,1292.65,1,12,Electronics,Cricket Bat,Sports,Female,1292.65,46-55,304,1516,Oct-21,80
ORD5035,CUST1035,48,PROD235,India,11-Jul-21,23-Nov-23,3,active,03-Jun-24,36.39,7,24,Electronics,Tablet,Electronics,Female,254.73,46-55,820,865,Jun-24,80
ORD5036,CUST1036,42,PROD236,UK,03-Aug-23,14-Jan-24,0,paused,22-Sep-24,79.19,7,13,Home,Camera,Electronics,Male,554.33,36-45,768,164,Sep-24,70
ORD5037,CUST1037,66,PROD237,India,25-Mar-23,16-May-23,3,active,29-Dec-24,94.06,4,48,Sports,Blender,Home,Male,376.24,56+,1011,52,Dec-24,80
ORD5038,CUST1038,25,PROD238,Pakistan,17-Feb-22,29-Jun-23,3,paused,13-Mar-22,786.48,2,11,Sports,Basketball,Sports,Female,1572.96,18-25,967,497,Mar-22,100
ORD5039,CUST1039,40,PROD239,India,04-Dec-22,13-Dec-24,5,active,05-Jun-25,20.55,6,47,Beauty,Sneakers,Clothing,Female,123.3,36-45,434,740,Jun-25,80
ORD5040,CUST1040,31,PROD240,USA,08-May-23,06-Aug-25,3,active,09-Oct-23,203.23,5,45,Beauty,Sneakers,Clothing,Male,1016.15,26-35,198,821,Oct-23,80
ORD5041,CUST1041,55,PROD241,Pakistan,19-Jul-22,28-Mar-25,5,active,02-Dec-24,65.07,7,5,Sports,Dumbbells,Sports,Female,455.49,46-55,329,983,Dec-24,80
ORD5042,CUST1042,57,PROD242,Germany,23-May-23,15-Mar-25,4,paused,25-Aug-23,1954.64,1,36,Home,Cricket Bat,Sports,Other,1954.64,56+,342,662,Aug-23,100
ORD5043,CUST1043,55,PROD243,UK,22-Apr-23,28-May-24,4,active,24-Dec-24,18.98,7,45,Sports,Smartphone,Electronics,Female,132.86,46-55,633,402,Dec-24,80
ORD5044,CUST1044,47,PROD244,Germany,11-Mar-22,11-Dec-23,5,cancelled,09-Jul-25,654.56,3,48,Beauty,Football,Sports,Male,1963.68,46-55,802,640,Jul-25,80
ORD5045,CUST1045,29,PROD245,Pakistan,30-Nov-20,22-May-22,0,active,24-Oct-23,334.17,5,6,Home,Headphones,Electronics,Male,1670.85,26-35,1370,538,Oct-23,50
ORD5046,CUST1046,19,PROD246,Pakistan,21-Mar-23,14-Jan-25,0,active,29-Apr-24,219.75,5,37,Beauty,Jacket,Clothing,Female,1098.75,18-25,402,665,Apr-24,50
ORD5047,CUST1047,38,PROD247,Canada,13-Jul-21,09-Jul-22,1,active,23-Jul-21,223.05,7,23,Home,Lamp,Home,Male,1561.35,36-45,1322,361,Jul-21,60
ORD5048,CUST1048,48,PROD248,Pakistan,10-Apr-23,18-Apr-25,5,paused,09-Jun-25,149.88,4,35,Sports,Headphones,Electronics,Male,599.52,46-55,308,739,Jun-25,100
ORD5049,CUST1049,58,PROD249,Germany,17-Jun-22,04-Jan-25,4,active,26-Nov-24,165.27,9,30,Sports,Bluetooth Speaker,Electronics,Male,1487.43,56+,412,932,Nov-24,80
ORD5050,CUST1050,27,PROD250,Pakistan,29-Aug-20,15-Aug-24,0,paused,09-Feb-23,222.62,8,37,Beauty,Gaming Console,Electronics,Female,1780.96,26-35,554,1447,Feb-23,70
ORD5051,CUST1051,54,PROD251,Canada,05-Dec-22,13-Jul-23,2,active,05-Jun-25,45.17,2,14,Beauty,Bluetooth Speaker,Electronics,Male,90.34,46-55,953,220,Jun-25,70
ORD5052,CUST1052,67,PROD252,USA,09-Sep-20,28-May-25,3,active,19-Mar-22,136.95,8,4,Clothing,Basketball,Sports,Female,1095.6,56+,268,1722,Mar-22,80
ORD5053,CUST1053,51,PROD253,Canada,05-Oct-20,16-Aug-21,4,cancelled,03-Apr-25,323.04,3,8,Beauty,Nail Polish,Beauty,Female,969.12,46-55,1649,315,Apr-25,80
ORD5054,CUST1054,59,PROD254,UK,03-May-23,26-Apr-24,0,cancelled,24-Dec-23,104,3,1,Electronics,Smartphone,Electronics,Male,312,56+,665,359,Dec-23,50
ORD5055,CUST1055,42,PROD255,USA,09-Apr-22,04-Aug-22,4,cancelled,10-Apr-23,251.6,3,23,Beauty,Lamp,Home,Female,754.8,36-45,1296,117,Apr-23,80
ORD5056,CUST1056,38,PROD256,USA,15-Aug-23,28-Dec-23,0,active,18-Apr-25,472.04,2,17,Electronics,Shirt,Clothing,Male,944.08,36-45,785,135,Apr-25,50
ORD5057,CUST1057,23,PROD257,Germany,27-Feb-23,11-Feb-25,5,active,14-Mar-23,21.85,8,1,Home,Tennis Racket,Sports,Female,174.8,18-25,374,715,Mar-23,80
ORD5058,CUST1058,18,PROD258,USA,22-Apr-21,18-May-23,3,active,04-Feb-23,295.22,5,18,Electronics,Jeans,Clothing,Male,1476.1,18-25,1009,756,Feb-23,80
ORD5059,CUST1059,41,PROD259,Canada,30-Aug-20,02-Sep-23,0,paused,30-Sep-23,362.26,5,13,Beauty,Running Shoes,Sports,Female,1811.3,36-45,902,1098,Sep-23,70
ORD5060,CUST1060,35,PROD260,Canada,16-Aug-21,21-Sep-21,1,cancelled,22-Nov-21,286.73,6,42,Beauty,Cycling Helmet,Sports,Female,1720.38,26-35,1613,36,Nov-21,60
ORD5061,CUST1061,39,PROD261,Canada,29-Dec-21,10-Jan-24,3,active,05-Apr-22,34.68,9,2,Home,Smartphone,Electronics,Female,312.12,36-45,772,742,Apr-22,80
ORD5062,CUST1062,33,PROD262,UK,09-Sep-21,02-Feb-24,4,paused,14-Nov-22,370.97,4,13,Electronics,Sneakers,Clothing,Female,1483.88,26-35,749,876,Nov-22,100
ORD5063,CUST1063,34,PROD263,Canada,26-Nov-20,10-Mar-22,4,active,17-Aug-21,841.95,2,9,Sports,Camera,Electronics,Female,1683.9,26-35,1443,469,Aug-21,80
ORD5064,CUST1064,22,PROD264,Germany,08-Jul-22,03-Feb-23,4,cancelled,31-Mar-24,1795.65,1,16,Clothing,Sofa,Home,Female,1795.65,18-25,1113,210,Mar-24,80
ORD5065,CUST1065,56,PROD265,Pakistan,16-Nov-20,12-Jun-25,1,paused,15-Aug-22,459.56,3,7,Sports,Smartwatch,Electronics,Male,1378.68,56+,253,1669,Aug-22,80
ORD5066,CUST1066,54,PROD266,Pakistan,13-Jul-23,10-Apr-24,3,cancelled,08-Aug-24,193.86,5,9,Home,Hoodie,Clothing,Female,969.3,46-55,681,272,Aug-24,80
ORD5067,CUST1067,66,PROD267,UK,24-Sep-21,30-Oct-24,4,active,22-Jun-24,180.63,3,39,Clothing,Cycling Helmet,Sports,Female,541.89,56+,478,1132,Jun-24,80
ORD5068,CUST1068,45,PROD268,Canada,27-May-23,11-Sep-24,5,active,28-Sep-24,1217.67,1,40,Home,Lipstick,Beauty,Other,1217.67,36-45,527,473,Sep-24,80
ORD5069,CUST1069,19,PROD269,Canada,25-Jan-22,29-Jun-25,4,active,07-Jan-25,262.1,6,33,Clothing,Smartwatch,Electronics,Male,1572.6,18-25,236,1251,Jan-25,80
ORD5070,CUST1070,33,PROD270,India,29-Jul-23,18-Dec-24,3,active,17-Apr-25,466.13,3,25,Home,Jeans,Clothing,Female,1398.39,26-35,429,508,Apr-25,80
ORD5071,CUST1071,62,PROD271,India,09-Oct-21,01-Mar-24,2,active,25-Dec-22,365.16,3,13,Sports,Laptop,Electronics,Female,1095.48,56+,721,874,Dec-22,70
ORD5072,CUST1072,34,PROD272,Canada,14-Dec-20,01-Apr-21,3,active,10-Jul-23,24.08,5,28,Beauty,Bluetooth Speaker,Electronics,Male,120.4,26-35,1786,108,Jul-23,80
ORD5073,CUST1073,57,PROD273,Pakistan,01-Nov-21,20-Oct-22,0,cancelled,21-Jul-25,167.47,5,13,Sports,Sofa,Home,Male,837.35,56+,1219,353,Jul-25,50
ORD5074,CUST1074,21,PROD274,India,19-Aug-21,21-May-25,2,active,11-Sep-22,44.36,6,27,Sports,Bluetooth Speaker,Electronics,Female,266.16,18-25,275,1371,Sep-22,70
ORD5075,CUST1075,43,PROD275,USA,20-Aug-22,20-Feb-24,1,cancelled,16-Aug-23,157.7,5,32,Home,Dumbbells,Sports,Female,788.5,36-45,731,549,Aug-23,60
ORD5076,CUST1076,63,PROD276,USA,03-May-21,06-Aug-22,5,cancelled,30-Jul-25,244.5,6,19,Clothing,Blender,Home,Male,1467,56+,1294,460,Jul-25,80
ORD5077,CUST1077,35,PROD277,UK,17-Jul-21,08-Dec-24,2,cancelled,28-Oct-24,1519.11,1,47,Sports,Tablet,Electronics,Female,1519.11,26-35,439,1240,Oct-24,70
ORD5078,CUST1078,55,PROD278,UK,11-Apr-21,29-Dec-23,2,cancelled,06-Aug-24,160.26,8,44,Beauty,Face Wash,Beauty,Female,1282.08,46-55,784,992,Aug-24,70
ORD5079,CUST1079,54,PROD279,Germany,05-Oct-20,21-May-25,5,active,06-Apr-24,154,7,21,Sports,Foundation,Beauty,Male,1078,46-55,275,1689,Apr-24,80
ORD5080,CUST1080,53,PROD280,Germany,02-Nov-21,10-Oct-23,0,active,02-Oct-24,119.16,7,4,Electronics,Perfume,Beauty,Male,834.12,46-55,864,707,Oct-24,50
ORD5081,CUST1081,20,PROD281,USA,01-Jul-23,18-Dec-23,5,active,16-Feb-25,68.21,5,8,Home,Refrigerator,Home,Male,341.05,18-25,795,170,Feb-25,80
ORD5082,CUST1082,18,PROD282,UK,23-Sep-21,20-Feb-22,0,active,07-Jun-25,112.63,7,20,Electronics,Headphones,Electronics,Male,788.41,18-25,1461,150,Jun-25,50
ORD5083,CUST1083,44,PROD283,UK,03-Oct-21,08-Nov-23,0,active,23-Apr-22,269.36,6,16,Beauty,Basketball,Sports,Female,1616.16,36-45,835,766,Apr-22,50
ORD5084,CUST1084,20,PROD284,Pakistan,02-Dec-21,26-Apr-25,0,active,14-Dec-23,1032.49,1,1,Sports,Dress,Clothing,Male,1032.49,18-25,300,1241,Dec-23,50
ORD5085,CUST1085,51,PROD285,Germany,04-Apr-21,27-Nov-23,0,active,01-Sep-22,253.07,2,7,Sports,Tablet,Electronics,Female,506.14,46-55,816,967,Sep-22,50
ORD5086,CUST1086,55,PROD286,Germany,15-Jan-21,21-Jun-24,1,active,25-Aug-21,189.41,8,3,Home,Laptop,Electronics,Female,1515.28,46-55,609,1253,Aug-21,60
ORD5087,CUST1087,52,PROD287,Pakistan,05-Apr-22,20-Jun-23,1,cancelled,27-Mar-24,1495.51,1,45,Home,Refrigerator,Home,Female,1495.51,46-55,976,441,Mar-24,60
ORD5088,CUST1088,31,PROD288,Germany,16-Oct-21,08-Nov-22,4,cancelled,07-Dec-24,384.7,2,38,Home,Gaming Console,Electronics,Female,769.4,26-35,1200,388,Dec-24,80
ORD5089,CUST1089,46,PROD289,India,28-Aug-21,07-Sep-23,5,active,16-Jan-24,256.4,6,29,Home,Sofa,Home,Male,1538.4,46-55,897,740,Jan-24,80
ORD5090,CUST1090,61,PROD290,Pakistan,07-Jul-23,08-Aug-23,0,active,14-Jul-25,289.7,4,14,Clothing,Chair,Home,Female,1158.8,56+,927,32,Jul-25,50
ORD5091,CUST1091,30,PROD291,Canada,27-Feb-21,26-Jun-23,2,active,25-Feb-24,27,5,8,Electronics,Dining Table,Home,Female,135,26-35,970,849,Feb-24,70
ORD5092,CUST1092,56,PROD292,Canada,13-Sep-21,22-May-22,2,active,29-Nov-24,279.83,3,28,Clothing,Moisturizer,Beauty,Female,839.49,56+,1370,251,Nov-24,70
ORD5093,CUST1093,24,PROD293,Canada,29-May-23,28-Jun-24,0,paused,22-Oct-24,290.29,5,30,Sports,Headphones,Electronics,Male,1451.45,18-25,602,396,Oct-24,70
ORD5094,CUST1094,68,PROD294,Pakistan,14-Jul-22,25-Dec-24,2,active,05-Jul-24,259.26,6,38,Home,Yoga Mat,Sports,Female,1555.56,56+,422,895,Jul-24,70
ORD5095,CUST1095,52,PROD295,Canada,20-Oct-22,11-Nov-24,5,cancelled,09-Jul-25,159.25,5,40,Sports,Gaming Console,Electronics,Male,796.25,46-55,466,753,Jul-25,80
ORD5096,CUST1096,43,PROD296,USA,15-Feb-21,19-Oct-21,0,active,25-Jan-25,62.41,3,30,Sports,Tennis Racket,Sports,Female,187.23,36-45,1585,246,Jan-25,50
ORD5097,CUST1097,35,PROD297,Pakistan,31-Mar-21,21-Nov-22,4,active,22-May-22,107.73,5,26,Home,Smartwatch,Electronics,Male,538.65,26-35,1187,600,May-22,80
ORD5098,CUST1098,66,PROD298,Germany,15-Sep-21,07-Aug-22,5,paused,28-May-22,556.57,2,40,Sports,T-Shirt,Clothing,Male,1113.14,56+,1293,326,May-22,100
ORD5099,CUST1099,32,PROD299,UK,18-Sep-21,15-Apr-22,2,active,19-Jan-22,990.57,1,5,Sports,Headphones,Electronics,Female,990.57,26-35,1407,209,Jan-22,70
ORD5100,CUST1100,57,PROD300,UK,28-Nov-20,20-Jan-24,2,cancelled,10-Mar-22,140.71,6,26,Home,Nail Polish,Beauty,Female,844.26,56+,762,1148,Mar-22,70
ORD5101,CUST1101,49,PROD301,USA,15-Apr-22,20-Sep-24,2,active,09-Mar-25,38.59,9,48,Sports,Yoga Mat,Sports,Male,347.31,46-55,518,889,Mar-25,70
ORD5102,CUST1102,62,PROD302,USA,14-Aug-23,08-Jul-24,1,active,18-May-25,196.79,8,35,Clothing,Moisturizer,Beauty,Female,1574.32,56+,592,329,May-25,60
ORD5103,CUST1103,36,PROD303,Germany,18-Jun-23,06-Apr-25,4,active,27-Jan-24,84.34,5,41,Sports,Basketball,Sports,Female,421.7,36-45,320,658,Jan-24,80
ORD5104,CUST1104,51,PROD304,USA,27-Jul-22,17-Oct-23,2,paused,04-Jan-25,760.96,1,13,Electronics,Foundation,Beauty,Male,760.96,46-55,857,447,Jan-25,90
ORD5105,CUST1105,54,PROD305,India,01-Oct-22,10-Nov-24,4,active,12-Mar-24,716.3,2,24,Home,Smartphone,Electronics,Female,1432.6,46-55,467,771,Mar-24,80
ORD5106,CUST1106,27,PROD306,UK,15-Sep-22,21-Feb-25,0,cancelled,28-Jun-25,396.36,5,34,Sports,Chair,Home,Female,1981.8,26-35,364,890,Jun-25,50
ORD5107,CUST1107,42,PROD307,Germany,16-Oct-20,08-Mar-22,0,active,04-Jul-21,805.84,2,39,Home,Cycling Helmet,Sports,Female,1611.68,36-45,1445,508,Jul-21,50
ORD5108,CUST1108,51,PROD308,India,04-Jul-22,11-Nov-24,3,cancelled,23-Jul-24,107.67,4,26,Clothing,Vacuum Cleaner,Home,Other,430.68,46-55,466,861,Jul-24,80
ORD5109,CUST1109,39,PROD309,India,06-Nov-22,05-Apr-24,1,cancelled,14-Sep-24,233.34,6,44,Clothing,Perfume,Beauty,Male,1400.04,36-45,686,516,Sep-24,60
ORD5110,CUST1110,23,PROD310,Canada,29-Oct-22,21-Aug-23,1,active,05-Apr-24,353.8,3,11,Electronics,Perfume,Beauty,Female,1061.4,18-25,914,296,Apr-24,60
ORD5111,CUST1111,59,PROD311,India,27-Jan-23,26-Dec-23,0,paused,11-Jan-25,221.28,8,41,Clothing,Jeans,Clothing,Female,1770.24,56+,787,333,Jan-25,70
ORD5112,CUST1112,29,PROD312,Canada,13-Feb-21,05-Oct-23,4,paused,27-Nov-24,247.78,8,28,Electronics,Lipstick,Beauty,Female,1982.24,26-35,869,964,Nov-24,100
ORD5113,CUST1113,50,PROD313,India,11-Aug-23,07-Mar-25,0,cancelled,26-Oct-23,1810.76,1,13,Clothing,Yoga Mat,Sports,Male,1810.76,46-55,350,574,Oct-23,50
ORD5114,CUST1114,31,PROD314,Pakistan,16-Dec-21,27-May-23,3,active,01-Nov-23,164.62,6,15,Sports,Sofa,Home,Female,987.72,26-35,1000,527,Nov-23,80
ORD5115,CUST1115,65,PROD315,Canada,26-Jul-22,01-Oct-22,3,active,15-Jun-23,57.48,5,42,Beauty,Tablet,Electronics,Female,287.4,56+,1238,67,Jun-23,80
ORD5116,CUST1116,28,PROD316,Canada,29-Nov-22,28-Sep-24,0,active,16-May-24,431.26,3,3,Electronics,Vacuum Cleaner,Home,Female,1293.78,26-35,510,669,May-24,50
ORD5117,CUST1117,31,PROD317,Germany,30-Dec-20,09-Jun-21,0,cancelled,02-Mar-23,205.69,8,7,Clothing,Dress,Clothing,Male,1645.52,26-35,1717,161,Mar-23,50
ORD5118,CUST1118,45,PROD318,Canada,01-Mar-22,17-Sep-24,1,active,22-Aug-22,338.72,1,22,Home,Hoodie,Clothing,Male,338.72,36-45,521,931,Aug-22,60
ORD5119,CUST1119,19,PROD319,USA,12-Sep-21,28-Jun-24,1,active,24-Oct-22,174.49,9,25,Clothing,Lipstick,Beauty,Female,1570.41,18-25,602,1020,Oct-22,60
ORD5120,CUST1120,64,PROD320,Pakistan,16-Nov-20,06-Aug-22,5,cancelled,06-Jul-24,102.01,6,1,Electronics,Tablet,Electronics,Male,612.06,56+,1294,628,Jul-24,80
ORD5121,CUST1121,23,PROD321,UK,30-Oct-22,27-Apr-24,5,active,18-Feb-23,389.99,5,3,Home,Shirt,Clothing,Male,1949.95,18-25,664,545,Feb-23,80
ORD5122,CUST1122,22,PROD322,UK,03-Dec-22,19-Dec-24,2,cancelled,07-Dec-22,21.57,6,49,Sports,Face Wash,Beauty,Male,129.42,18-25,428,747,Dec-22,70
ORD5123,CUST1123,68,PROD323,USA,25-Apr-23,24-Sep-24,1,cancelled,26-Mar-25,649.18,2,38,Electronics,Gaming Console,Electronics,Male,1298.36,56+,514,518,Mar-25,60
ORD5124,CUST1124,61,PROD324,Canada,19-Feb-23,23-Apr-25,3,cancelled,29-Jul-25,964.88,2,5,Clothing,Running Shoes,Sports,Female,1929.76,56+,303,794,Jul-25,80
ORD5125,CUST1125,52,PROD325,UK,20-May-23,08-Feb-24,0,active,11-May-25,201.06,8,28,Home,Lamp,Home,Male,1608.48,46-55,743,264,May-25,50
ORD5126,CUST1126,35,PROD326,UK,09-Jun-21,18-Oct-24,1,active,31-May-22,178.81,1,41,Electronics,Smartwatch,Electronics,Female,178.81,26-35,490,1227,May-22,60
ORD5127,CUST1127,45,PROD327,Germany,25-Jul-22,27-Feb-23,2,cancelled,14-Nov-23,167.69,5,49,Electronics,Headphones,Electronics,Female,838.45,36-45,1089,217,Nov-23,70
ORD5128,CUST1128,49,PROD328,Germany,28-Sep-22,12-Oct-22,2,active,03-Mar-24,19.56,6,43,Beauty,Bluetooth Speaker,Electronics,Female,117.36,46-55,1227,14,Mar-24,70
ORD5129,CUST1129,31,PROD329,UK,24-Apr-21,10-Jan-24,0,active,04-Aug-23,170.27,3,34,Electronics,Shampoo,Beauty,Male,510.81,26-35,772,991,Aug-23,50
ORD5130,CUST1130,33,PROD330,Germany,20-Oct-22,07-Aug-24,3,cancelled,31-Oct-22,968.05,2,3,Clothing,Smartwatch,Electronics,Male,1936.1,26-35,562,657,Oct-22,80
ORD5131,CUST1131,21,PROD331,UK,08-Nov-21,25-Jan-25,0,cancelled,14-Apr-25,184.34,6,13,Home,Tablet,Electronics,Female,1106.04,18-25,391,1174,Apr-25,50
ORD5132,CUST1132,59,PROD332,USA,13-Jul-22,12-Jun-23,3,active,08-Aug-25,332.14,4,3,Electronics,Skirt,Clothing,Female,1328.56,56+,984,334,Aug-25,80
ORD5133,CUST1133,46,PROD333,Germany,29-Jun-21,04-Nov-22,2,active,02-Jun-25,42.65,5,34,Home,Tennis Racket,Sports,Female,213.25,46-55,1204,493,Jun-25,70
ORD5134,CUST1134,35,PROD334,UK,05-Sep-21,18-Nov-24,1,active,28-Nov-22,21.3,9,43,Beauty,Cycling Helmet,Sports,Male,191.7,26-35,459,1170,Nov-22,60
ORD5135,CUST1135,51,PROD335,USA,20-May-23,17-May-24,5,cancelled,25-Jun-24,111.78,7,28,Clothing,Microwave,Home,Male,782.46,46-55,644,363,Jun-24,80
ORD5136,CUST1136,51,PROD336,India,10-Jan-22,08-Jul-22,1,active,06-Apr-23,103.26,7,25,Beauty,Face Wash,Beauty,Female,722.82,46-55,1323,179,Apr-23,60
ORD5137,CUST1137,39,PROD337,USA,02-May-21,11-Jul-24,3,active,30-Jun-25,5.48,9,11,Electronics,Headphones,Electronics,Female,49.32,36-45,589,1166,Jun-25,80
ORD5138,CUST1138,36,PROD338,Germany,07-Apr-23,09-May-23,3,active,11-Jul-25,151.96,5,16,Sports,Cycling Helmet,Sports,Female,759.8,36-45,1018,32,Jul-25,80
ORD5139,CUST1139,49,PROD339,Pakistan,07-Jun-23,19-Jul-23,3,active,23-Mar-25,152.78,9,12,Electronics,Sneakers,Clothing,Female,1375.02,46-55,947,42,Mar-25,80
ORD5140,CUST1140,55,PROD340,UK,14-Feb-22,25-Feb-24,2,active,05-Dec-24,179.86,7,3,Clothing,Cycling Helmet,Sports,Male,1259.02,46-55,726,741,Dec-24,70
ORD5141,CUST1141,19,PROD341,Germany,24-Mar-23,03-Nov-24,4,cancelled,30-Dec-23,218.72,8,9,Clothing,Sneakers,Clothing,Female,1749.76,18-25,474,590,Dec-23,80
ORD5142,CUST1142,47,PROD342,UK,02-Jun-23,28-Mar-25,0,cancelled,24-Aug-23,177.72,4,46,Clothing,T-Shirt,Clothing,Female,710.88,46-55,329,665,Aug-23,50
ORD5143,CUST1143,53,PROD343,India,20-Oct-21,26-Apr-25,5,active,16-Sep-24,224.37,4,30,Electronics,Conditioner,Beauty,Female,897.48,46-55,300,1284,Sep-24,80
ORD5144,CUST1144,46,PROD344,India,10-Nov-21,26-Jun-24,3,active,19-Aug-25,283.6,7,18,Electronics,Dress,Clothing,Female,1985.2,46-55,604,959,Aug-25,80
ORD5145,CUST1145,48,PROD345,Germany,07-Aug-21,05-Sep-24,2,cancelled,06-Jul-23,167,9,23,Clothing,Skirt,Clothing,Male,1503,46-55,533,1125,Jul-23,70
ORD5146,CUST1146,47,PROD346,USA,17-Mar-21,30-Oct-23,1,active,25-Jan-23,121.06,6,24,Beauty,Jeans,Clothing,Female,726.36,46-55,844,957,Jan-23,60
ORD5147,CUST1147,26,PROD347,Germany,24-Aug-22,28-Feb-25,5,active,19-Jul-25,433.59,3,28,Beauty,Headphones,Electronics,Other,1300.77,26-35,357,919,Jul-25,80
ORD5148,CUST1148,20,PROD348,India,05-Dec-21,25-Jul-24,1,active,16-Feb-25,230.28,5,17,Beauty,Lamp,Home,Male,1151.4,18-25,575,963,Feb-25,60
ORD5149,CUST1149,51,PROD349,Germany,23-Sep-21,05-Feb-24,2,cancelled,24-Jan-24,8.24,6,37,Clothing,Nail Polish,Beauty,Male,49.44,46-55,746,865,Jan-24,70
ORD5150,CUST1150,20,PROD350,Germany,22-Sep-21,07-Oct-22,3,cancelled,05-May-24,634.46,3,40,Clothing,Shirt,Clothing,Male,1903.38,18-25,1232,380,May-24,80
ORD5151,CUST1151,49,PROD351,USA,26-Dec-20,01-May-22,3,active,16-May-21,156.77,8,40,Sports,Nail Polish,Beauty,Female,1254.16,46-55,1391,491,May-21,80
ORD5152,CUST1152,27,PROD352,Pakistan,09-Nov-21,18-Jan-23,5,active,25-Jan-24,172.17,7,41,Home,Microwave,Home,Female,1205.19,26-35,1129,435,Jan-24,80
ORD5153,CUST1153,52,PROD353,India,27-Jul-22,08-Jul-24,2,active,15-Sep-22,1308.29,1,18,Clothing,Jacket,Clothing,Female,1308.29,46-55,592,712,Sep-22,70
ORD5154,CUST1154,24,PROD354,UK,13-Oct-20,20-Dec-24,1,cancelled,17-Mar-21,773,2,42,Home,Face Wash,Beauty,Other,1546,18-25,427,1529,Mar-21,60
ORD5155,CUST1155,54,PROD355,UK,28-Aug-22,30-Jan-25,1,cancelled,28-Jul-23,37.35,1,7,Home,Sneakers,Clothing,Female,37.35,46-55,386,886,Jul-23,60
ORD5156,CUST1156,42,PROD356,Pakistan,06-Oct-21,12-Aug-24,0,active,18-Sep-22,210.51,2,1,Home,Jacket,Clothing,Male,421.02,36-45,557,1041,Sep-22,50
ORD5157,CUST1157,55,PROD357,Canada,17-Jul-22,07-Feb-24,4,cancelled,29-Jul-22,184.94,7,45,Home,Hoodie,Clothing,Male,1294.58,46-55,744,570,Jul-22,80
ORD5158,CUST1158,35,PROD358,Pakistan,22-Nov-20,14-Oct-21,4,active,09-Apr-21,34.88,5,24,Beauty,Lamp,Home,Female,174.4,26-35,1590,326,Apr-21,80
ORD5159,CUST1159,31,PROD359,Pakistan,09-Apr-22,09-Aug-24,3,active,17-May-24,23.82,9,1,Clothing,Foundation,Beauty,Male,214.38,26-35,560,853,May-24,80
ORD5160,CUST1160,21,PROD360,Germany,22-May-22,02-Nov-22,1,active,07-Aug-22,241.3,6,21,Clothing,Yoga Mat,Sports,Male,1447.8,18-25,1206,164,Aug-22,60
ORD5161,CUST1161,65,PROD361,Canada,30-Jul-22,13-Aug-22,5,active,27-Jul-25,292.25,3,24,Beauty,Tennis Racket,Sports,Female,876.75,56+,1287,14,Jul-25,80
ORD5162,CUST1162,30,PROD362,Canada,30-Sep-20,30-Sep-23,4,cancelled,04-Mar-22,139.58,6,44,Clothing,Blender,Home,Female,837.48,26-35,874,1095,Mar-22,80
ORD5163,CUST1163,38,PROD363,Pakistan,02-Jul-23,21-Dec-24,4,cancelled,16-Oct-23,400.08,4,38,Clothing,Running Shoes,Sports,Female,1600.32,36-45,426,538,Oct-23,80
ORD5164,CUST1164,64,PROD364,Germany,19-Nov-22,14-Mar-23,3,paused,01-Aug-23,901.2,2,34,Electronics,Vacuum Cleaner,Home,Male,1802.4,56+,1074,115,Aug-23,100
ORD5165,CUST1165,45,PROD365,Germany,12-May-23,10-Aug-24,5,active,11-Jun-25,597.67,3,9,Electronics,Blender,Home,Male,1793.01,36-45,559,456,Jun-25,80
ORD5166,CUST1166,41,PROD366,UK,03-Sep-21,23-Nov-24,2,cancelled,04-Feb-23,77.76,3,3,Electronics,Running Shoes,Sports,Male,233.28,36-45,454,1177,Feb-23,70
ORD5167,CUST1167,38,PROD367,Pakistan,23-Nov-21,13-Jun-23,1,cancelled,02-Dec-22,15.8,6,8,Home,Cricket Bat,Sports,Male,94.8,36-45,983,567,Dec-22,60
ORD5168,CUST1168,62,PROD368,Germany,23-Jan-21,04-Jan-23,2,active,09-Aug-23,151.98,5,36,Home,Running Shoes,Sports,Other,759.9,56+,1143,711,Aug-23,70
ORD5169,CUST1169,47,PROD369,India,02-May-21,28-Oct-22,5,active,16-May-21,35.32,6,49,Sports,Shirt,Clothing,Male,211.92,46-55,1211,544,May-21,80
ORD5170,CUST1170,65,PROD370,UK,09-May-21,01-May-24,5,active,27-Feb-25,161.03,9,47,Electronics,Basketball,Sports,Female,1449.27,56+,660,1088,Feb-25,80
ORD5171,CUST1171,36,PROD371,UK,17-Apr-21,12-Jun-24,1,cancelled,17-Sep-22,621.17,2,2,Home,Sneakers,Clothing,Female,1242.34,36-45,618,1152,Sep-22,60
ORD5172,CUST1172,64,PROD372,Canada,19-Feb-22,15-Apr-23,0,cancelled,28-Feb-24,261.65,5,28,Sports,Skirt,Clothing,Female,1308.25,56+,1042,420,Feb-24,50
ORD5173,CUST1173,38,PROD373,Pakistan,12-May-22,02-Dec-24,5,cancelled,11-May-25,332.86,5,42,Beauty,Lamp,Home,Male,1664.3,36-45,445,935,May-25,80
ORD5174,CUST1174,51,PROD374,Germany,15-Feb-23,15-Nov-24,4,active,09-May-25,68.45,3,39,Beauty,Shampoo,Beauty,Male,205.35,46-55,462,639,May-25,80
ORD5175,CUST1175,62,PROD375,Pakistan,15-Sep-21,19-Feb-24,5,active,20-Sep-24,274.96,4,26,Sports,Smartphone,Electronics,Male,1099.84,56+,732,887,Sep-24,80
ORD5176,CUST1176,20,PROD376,Pakistan,11-Jul-23,13-Jul-24,3,cancelled,29-Sep-24,859.4,2,17,Sports,Bluetooth Speaker,Electronics,Male,1718.8,18-25,587,368,Sep-24,80
ORD5177,CUST1177,21,PROD377,Canada,19-Nov-20,04-Nov-22,4,paused,28-Oct-22,103.64,9,34,Sports,Cricket Bat,Sports,Female,932.76,18-25,1204,715,Oct-22,100
ORD5178,CUST1178,45,PROD378,Canada,14-Nov-21,19-Jul-22,3,cancelled,06-Sep-23,993.48,2,18,Beauty,Perfume,Beauty,Female,1986.96,36-45,1312,247,Sep-23,80
ORD5179,CUST1179,48,PROD379,Germany,24-Jul-21,06-Oct-21,2,active,10-Apr-22,348.34,2,15,Sports,Lipstick,Beauty,Male,696.68,46-55,1598,74,Apr-22,70
ORD5180,CUST1180,48,PROD380,Pakistan,10-Apr-23,01-May-24,0,active,18-Jul-25,18.7,6,33,Beauty,Microwave,Home,Male,112.2,46-55,660,387,Jul-25,50
ORD5181,CUST1181,33,PROD381,Pakistan,21-Mar-23,17-Apr-24,3,cancelled,11-May-25,1543.22,1,42,Sports,T-Shirt,Clothing,Male,1543.22,26-35,674,393,May-25,80
ORD5182,CUST1182,37,PROD382,India,01-Aug-21,28-Jul-25,0,active,21-Apr-24,183.2,8,5,Beauty,Headphones,Electronics,Male,1465.6,36-45,207,1457,Apr-24,50
ORD5183,CUST1183,59,PROD383,Canada,19-Apr-21,14-Oct-22,2,active,17-Aug-24,215.88,8,23,Clothing,Smartwatch,Electronics,Male,1727.04,56+,1225,543,Aug-24,70
ORD5184,CUST1184,37,PROD384,USA,09-Jul-23,07-Mar-25,3,active,31-Oct-24,1071.13,1,33,Electronics,Running Shoes,Sports,Male,1071.13,36-45,350,607,Oct-24,80
ORD5185,CUST1185,47,PROD385,Canada,22-Jun-22,17-Feb-25,2,active,28-Feb-25,22.07,9,9,Home,Cricket Bat,Sports,Female,198.63,46-55,368,971,Feb-25,70
ORD5186,CUST1186,62,PROD386,Canada,08-Aug-21,12-Jul-25,5,active,14-Oct-22,200.21,4,10,Beauty,Jacket,Clothing,Female,800.84,56+,223,1434,Oct-22,80
ORD5187,CUST1187,26,PROD387,India,06-May-23,24-Mar-25,1,cancelled,14-Apr-25,678.67,2,39,Home,Tennis Racket,Sports,Female,1357.34,26-35,333,688,Apr-25,60
ORD5188,CUST1188,20,PROD388,Pakistan,25-May-21,10-Oct-24,0,active,14-Sep-24,689.37,2,34,Beauty,Microwave,Home,Female,1378.74,18-25,498,1234,Sep-24,50
ORD5189,CUST1189,40,PROD389,Germany,22-Oct-22,26-Feb-23,5,active,04-Aug-25,180.98,6,40,Electronics,Skirt,Clothing,Male,1085.88,36-45,1090,127,Aug-25,80
ORD5190,CUST1190,49,PROD390,Pakistan,19-Jul-21,02-Jan-23,4,cancelled,04-Jun-25,148.34,5,7,Electronics,Camera,Electronics,Female,741.7,46-55,1145,532,Jun-25,80
ORD5191,CUST1191,33,PROD391,UK,15-Feb-22,25-Oct-22,4,cancelled,02-May-22,127.83,7,9,Electronics,Bluetooth Speaker,Electronics,Male,894.81,26-35,1214,252,May-22,80
ORD5192,CUST1192,54,PROD392,Pakistan,03-Oct-21,14-Feb-24,2,active,02-Jan-25,187.02,8,29,Clothing,Lipstick,Beauty,Other,1496.16,46-55,737,864,Jan-25,70
ORD5193,CUST1193,28,PROD393,Canada,14-Aug-21,02-Jun-23,5,active,07-May-24,175.71,7,26,Home,T-Shirt,Clothing,Male,1229.97,26-35,994,657,May-24,80
ORD5194,CUST1194,36,PROD394,Canada,10-May-21,18-Feb-22,2,cancelled,01-Jul-21,39.74,9,10,Home,Conditioner,Beauty,Female,357.66,36-45,1463,284,Jul-21,70
ORD5195,CUST1195,57,PROD395,India,19-Jul-23,21-Aug-24,0,active,14-Jan-25,199.73,6,46,Electronics,Dumbbells,Sports,Male,1198.38,56+,548,399,Jan-25,50
ORD5196,CUST1196,36,PROD396,India,07-Oct-20,19-Dec-22,3,active,22-May-22,30.76,9,49,Beauty,Jeans,Clothing,Male,276.84,36-45,1159,803,May-22,80
ORD5197,CUST1197,34,PROD397,USA,01-Oct-22,03-Mar-23,2,active,20-Mar-23,429.25,4,45,Electronics,Headphones,Electronics,Male,1717,26-35,1085,153,Mar-23,70
ORD5198,CUST1198,39,PROD398,USA,25-Apr-22,06-Mar-24,4,cancelled,20-Nov-22,122.72,9,35,Electronics,Shirt,Clothing,Female,1104.48,36-45,716,681,Nov-22,80
ORD5199,CUST1199,32,PROD399,Pakistan,11-Oct-22,29-Mar-23,4,active,05-May-24,504.16,3,43,Electronics,Hoodie,Clothing,Male,1512.48,26-35,1059,169,May-24,80
ORD5200,CUST1200,69,PROD400,Germany,11-Jul-21,19-Sep-23,2,cancelled,09-Sep-21,483.12,4,23,Sports,Shampoo,Beauty,Female,1932.48,56+,885,800,Sep-21,70
ORD5201,CUST1201,61,PROD401,India,29-Mar-23,02-Jun-25,0,cancelled,21-Apr-23,138.92,6,47,Electronics,Shirt,Clothing,Male,833.52,56+,263,796,Apr-23,50
ORD5202,CUST1202,68,PROD402,UK,06-Nov-21,27-Dec-22,4,active,17-Apr-25,299.78,6,13,Home,Vacuum Cleaner,Home,Female,1798.68,56+,1151,416,Apr-25,80
ORD5203,CUST1203,61,PROD403,Germany,22-Jul-21,15-Mar-23,4,cancelled,04-Sep-22,296.68,6,6,Clothing,Dress,Clothing,Other,1780.08,56+,1073,601,Sep-22,80
ORD5204,CUST1204,22,PROD404,USA,12-May-21,25-Oct-23,0,active,06-Sep-24,63.16,2,13,Clothing,Bluetooth Speaker,Electronics,Female,126.32,18-25,849,896,Sep-24,50
ORD5205,CUST1205,58,PROD405,India,20-Aug-21,22-Apr-25,2,cancelled,30-Jan-24,1484.8,1,13,Clothing,Headphones,Electronics,Male,1484.8,56+,304,1341,Jan-24,70
ORD5206,CUST1206,59,PROD406,Germany,24-Nov-21,11-Dec-23,1,active,08-Jun-24,263.02,6,26,Beauty,Yoga Mat,Sports,Female,1578.12,56+,802,747,Jun-24,60
ORD5207,CUST1207,32,PROD407,India,16-Jul-23,03-Dec-23,1,active,18-Aug-24,1212.26,1,38,Clothing,Vacuum Cleaner,Home,Male,1212.26,26-35,810,140,Aug-24,60
ORD5208,CUST1208,37,PROD408,India,12-Sep-22,17-Aug-23,0,active,18-Feb-23,1790.4,1,33,Beauty,Shirt,Clothing,Male,1790.4,36-45,918,339,Feb-23,50
ORD5209,CUST1209,30,PROD409,Pakistan,12-Apr-22,14-Sep-24,2,active,28-Nov-22,582.62,2,6,Clothing,Sneakers,Clothing,Male,1165.24,26-35,524,886,Nov-22,70
ORD5210,CUST1210,30,PROD410,UK,14-Mar-22,14-Feb-23,0,active,01-Jul-22,181.32,2,40,Home,Moisturizer,Beauty,Female,362.64,26-35,1102,337,Jul-22,50
ORD5211,CUST1211,65,PROD411,UK,08-Mar-22,18-Feb-23,2,paused,15-May-25,174.87,9,34,Sports,Cricket Bat,Sports,Male,1573.83,56+,1098,347,May-25,90
ORD5212,CUST1212,48,PROD412,Canada,26-Apr-22,11-Feb-24,4,cancelled,12-Jun-23,462.9,3,45,Clothing,Refrigerator,Home,Female,1388.7,46-55,740,656,Jun-23,80
ORD5213,CUST1213,56,PROD413,Pakistan,04-Jan-21,26-Jul-24,2,cancelled,14-Apr-25,490.01,3,40,Sports,Headphones,Electronics,Female,1470.03,56+,574,1299,Apr-25,70
ORD5214,CUST1214,29,PROD414,Germany,26-Oct-22,14-Dec-23,0,cancelled,14-Jan-24,1068.34,1,36,Home,Chair,Home,Female,1068.34,26-35,799,414,Jan-24,50
ORD5215,CUST1215,64,PROD415,India,08-Mar-21,19-May-23,4,active,04-May-24,151.03,8,30,Beauty,Smartphone,Electronics,Male,1208.24,56+,1008,802,May-24,80
ORD5216,CUST1216,48,PROD416,Pakistan,06-Nov-22,24-Dec-22,3,active,09-Aug-23,152.35,8,32,Sports,Refrigerator,Home,Female,1218.8,46-55,1154,48,Aug-23,80
ORD5217,CUST1217,59,PROD417,Germany,27-Apr-23,04-Dec-23,5,active,05-Sep-23,277.17,7,3,Electronics,Lipstick,Beauty,Male,1940.19,56+,809,221,Sep-23,80
ORD5218,CUST1218,36,PROD418,Canada,01-Jul-22,28-Feb-25,5,active,26-Aug-23,90.95,1,30,Sports,Moisturizer,Beauty,Female,90.95,36-45,357,973,Aug-23,80
ORD5219,CUST1219,20,PROD419,Canada,20-Aug-23,29-Dec-23,4,active,08-Jun-25,813.9,2,38,Sports,Cricket Bat,Sports,Female,1627.8,18-25,784,131,Jun-25,80
ORD5220,CUST1220,51,PROD420,Pakistan,06-Jun-22,12-Jul-23,3,paused,28-Jul-25,262.87,3,27,Home,Shampoo,Beauty,Female,788.61,46-55,954,401,Jul-25,100
ORD5221,CUST1221,49,PROD421,USA,01-Oct-20,16-May-25,2,active,07-May-23,173.2,8,45,Sports,Running Shoes,Sports,Female,1385.6,46-55,280,1688,May-23,70
ORD5222,CUST1222,46,PROD422,Canada,26-Apr-22,31-May-24,1,active,19-May-24,398.18,5,12,Sports,Perfume,Beauty,Female,1990.9,46-55,630,766,May-24,60
ORD5223,CUST1223,25,PROD423,Pakistan,05-Jan-23,20-Oct-24,0,active,01-May-23,211.82,8,32,Home,Moisturizer,Beauty,Female,1694.56,18-25,488,654,May-23,50
ORD5224,CUST1224,19,PROD424,USA,27-Oct-21,09-Nov-24,1,active,17-Oct-24,255.77,6,21,Beauty,Dumbbells,Sports,Female,1534.62,18-25,468,1109,Oct-24,60
ORD5225,CUST1225,62,PROD425,UK,27-Feb-23,02-Sep-24,5,active,08-May-24,63.52,8,7,Beauty,Dumbbells,Sports,Female,508.16,56+,536,553,May-24,80
ORD5226,CUST1226,52,PROD426,Germany,19-Mar-21,12-Sep-22,2,active,06-Feb-23,317.31,5,45,Electronics,Cricket Bat,Sports,Female,1586.55,46-55,1257,542,Feb-23,70
ORD5227,CUST1227,52,PROD427,Germany,14-Sep-21,26-May-25,5,active,23-Sep-23,436.16,2,11,Sports,Cycling Helmet,Sports,Other,872.32,46-55,270,1350,Sep-23,80
ORD5228,CUST1228,47,PROD428,Germany,16-Mar-22,19-Feb-23,0,active,29-May-23,366.64,4,13,Sports,Cycling Helmet,Sports,Female,1466.56,46-55,1097,340,May-23,50
ORD5229,CUST1229,46,PROD429,UK,25-Jul-22,15-Jan-25,2,active,25-Aug-23,347.76,4,27,Beauty,Shirt,Clothing,Male,1391.04,46-55,401,905,Aug-23,70
ORD5230,CUST1230,18,PROD430,India,21-Jun-22,26-May-23,1,active,29-Nov-23,220.93,8,38,Home,Basketball,Sports,Female,1767.44,18-25,1001,339,Nov-23,60
ORD5231,CUST1231,66,PROD431,Pakistan,12-Jan-23,01-Jun-25,5,active,07-Jun-25,1331.03,1,33,Sports,Sofa,Home,Female,1331.03,56+,264,871,Jun-25,80
ORD5232,CUST1232,54,PROD432,UK,14-Jul-22,06-Oct-23,4,cancelled,11-Apr-24,134.4,5,30,Electronics,Chair,Home,Other,672,46-55,868,449,Apr-24,80
ORD5233,CUST1233,35,PROD433,India,07-Apr-22,02-Jun-24,1,active,24-Nov-23,133.25,9,26,Electronics,Sofa,Home,Female,1199.25,26-35,628,787,Nov-23,60
ORD5234,CUST1234,65,PROD434,USA,16-Nov-21,05-Jan-25,1,cancelled,15-May-22,210.26,9,15,Sports,Cycling Helmet,Sports,Male,1892.34,56+,411,1146,May-22,60
ORD5235,CUST1235,22,PROD435,Pakistan,22-Sep-20,31-Oct-22,0,cancelled,21-Jan-22,80.21,8,47,Clothing,Vacuum Cleaner,Home,Female,641.68,18-25,1208,769,Jan-22,50
ORD5236,CUST1236,60,PROD436,Pakistan,23-Sep-21,16-Jul-22,2,active,11-Sep-23,133.84,4,11,Home,T-Shirt,Clothing,Female,535.36,56+,1315,296,Sep-23,70
ORD5237,CUST1237,57,PROD437,Germany,10-Jan-23,07-Oct-23,1,cancelled,26-Jul-23,286.69,4,28,Electronics,Perfume,Beauty,Female,1146.76,56+,867,270,Jul-23,60
ORD5238,CUST1238,37,PROD438,Canada,29-Nov-21,26-Jan-23,2,active,28-May-25,55.18,8,3,Electronics,Smartphone,Electronics,Female,441.44,36-45,1121,423,May-25,70
ORD5239,CUST1239,50,PROD439,USA,27-Dec-22,26-Feb-25,5,active,04-Feb-25,25.75,7,8,Clothing,Tennis Racket,Sports,Female,180.25,46-55,359,792,Feb-25,80
ORD5240,CUST1240,22,PROD440,Germany,21-May-22,09-Apr-23,5,active,30-May-22,7.42,6,22,Electronics,Lamp,Home,Female,44.52,18-25,1048,323,May-22,80
ORD5241,CUST1241,46,PROD441,Canada,16-Sep-20,23-Jan-22,0,active,19-Oct-24,430.28,4,39,Sports,Jeans,Clothing,Female,1721.12,46-55,1489,494,Oct-24,50
ORD5242,CUST1242,59,PROD442,India,09-May-21,03-May-25,2,active,24-Apr-23,307.95,3,40,Clothing,Bluetooth Speaker,Electronics,Male,923.85,56+,293,1455,Apr-23,70
ORD5243,CUST1243,53,PROD443,Germany,18-Dec-21,12-Jul-22,2,active,24-Oct-23,235.7,1,5,Beauty,Lipstick,Beauty,Female,235.7,46-55,1319,206,Oct-23,70
ORD5244,CUST1244,40,PROD444,USA,17-Oct-22,28-Mar-24,5,active,03-Apr-23,174.95,8,23,Home,Cycling Helmet,Sports,Female,1399.6,36-45,694,528,Apr-23,80
ORD5245,CUST1245,67,PROD445,UK,31-Oct-20,23-Jul-21,0,active,06-Jul-25,232.39,4,40,Beauty,Conditioner,Beauty,Female,929.56,56+,1673,265,Jul-25,50
ORD5246,CUST1246,26,PROD446,Germany,13-Jan-21,16-Mar-24,2,active,03-May-24,266.75,4,23,Electronics,Vacuum Cleaner,Home,Male,1067,26-35,706,1158,May-24,70
ORD5247,CUST1247,67,PROD447,UK,18-Nov-22,23-Mar-25,5,active,30-Sep-23,32.82,2,39,Beauty,Gaming Console,Electronics,Female,65.64,56+,334,856,Sep-23,80
ORD5248,CUST1248,23,PROD448,USA,29-Aug-21,21-Nov-21,2,paused,30-Apr-22,597.36,3,11,Electronics,Conditioner,Beauty,Male,1792.08,18-25,1552,84,Apr-22,90
ORD5249,CUST1249,51,PROD449,India,18-Dec-22,07-Dec-24,1,cancelled,14-Sep-24,147.45,8,18,Beauty,Conditioner,Beauty,Female,1179.6,46-55,440,720,Sep-24,60
ORD5250,CUST1250,64,PROD450,India,21-Feb-21,16-Nov-24,2,active,12-Jan-22,91.92,7,39,Electronics,Running Shoes,Sports,Female,643.44,56+,461,1364,Jan-22,70
ORD5251,CUST1251,42,PROD451,Germany,20-May-23,08-Nov-24,2,active,09-Oct-23,89.68,6,39,Home,Skirt,Clothing,Female,538.08,36-45,469,538,Oct-23,70
ORD5252,CUST1252,23,PROD452,Pakistan,13-May-21,17-Apr-24,1,paused,02-Feb-22,269.62,5,6,Sports,Blender,Home,Male,1348.1,18-25,674,1070,Feb-22,80
ORD5253,CUST1253,57,PROD453,India,12-Feb-21,11-May-21,0,active,10-Dec-22,214.01,1,37,Clothing,Jeans,Clothing,Female,214.01,56+,1746,88,Dec-22,50
ORD5254,CUST1254,29,PROD454,India,12-Sep-22,28-Mar-25,0,active,05-Mar-24,368.2,2,24,Sports,Headphones,Electronics,Male,736.4,26-35,329,928,Mar-24,50
ORD5255,CUST1255,60,PROD455,USA,09-Feb-23,18-Dec-23,5,paused,15-Aug-24,560.24,2,40,Clothing,Cricket Bat,Sports,Female,1120.48,56+,795,312,Aug-24,100
ORD5256,CUST1256,22,PROD456,Germany,28-May-21,10-Sep-24,2,active,20-Feb-23,262.89,1,44,Home,Dumbbells,Sports,Female,262.89,18-25,528,1201,Feb-23,70
ORD5257,CUST1257,56,PROD457,Canada,18-Oct-21,24-Jan-25,2,cancelled,31-Aug-23,113.52,8,14,Beauty,Football,Sports,Male,908.16,56+,392,1194,Aug-23,70
ORD5258,CUST1258,65,PROD458,India,02-Sep-20,20-Apr-25,2,active,14-Aug-23,78.71,7,35,Beauty,Dining Table,Home,Female,550.97,56+,306,1691,Aug-23,70
ORD5259,CUST1259,40,PROD459,USA,18-Feb-21,17-Apr-25,0,active,02-Oct-21,283.52,3,48,Home,Smartphone,Electronics,Male,850.56,36-45,309,1519,Oct-21,50
ORD5260,CUST1260,34,PROD460,UK,14-Dec-22,06-Aug-23,1,active,23-Feb-23,174.45,9,14,Clothing,Headphones,Electronics,Female,1570.05,26-35,929,235,Feb-23,60
ORD5261,CUST1261,36,PROD461,UK,02-Sep-22,01-Aug-25,5,paused,28-May-23,165.34,6,8,Home,Skirt,Clothing,Female,992.04,36-45,203,1064,May-23,100
ORD5262,CUST1262,46,PROD462,India,03-Apr-23,29-Sep-23,1,active,17-May-24,274.67,4,25,Home,Conditioner,Beauty,Female,1098.68,46-55,875,179,May-24,60
ORD5263,CUST1263,65,PROD463,UK,02-Sep-20,05-Mar-23,5,paused,26-Oct-20,73.91,5,28,Clothing,Smartwatch,Electronics,Male,369.55,56+,1083,914,Oct-20,100
ORD5264,CUST1264,31,PROD464,Pakistan,22-Jul-22,30-May-24,3,cancelled,20-Jul-24,330.52,2,37,Clothing,Foundation,Beauty,Female,661.04,26-35,631,678,Jul-24,80
ORD5265,CUST1265,57,PROD465,Germany,27-Feb-23,18-Nov-24,3,cancelled,25-Dec-23,1865.18,1,47,Electronics,Lipstick,Beauty,Female,1865.18,56+,459,630,Dec-23,80
ORD5266,CUST1266,32,PROD466,Pakistan,25-Apr-23,07-Mar-24,1,paused,15-Sep-24,1624.53,1,16,Home,Skirt,Clothing,Male,1624.53,26-35,715,317,Sep-24,80
ORD5267,CUST1267,47,PROD467,India,28-Jul-22,19-Jan-24,2,active,26-Oct-24,222.38,3,12,Sports,Lamp,Home,Male,667.14,46-55,763,540,Oct-24,70
ORD5268,CUST1268,28,PROD468,USA,29-Oct-22,02-Mar-25,3,active,09-Dec-23,190.6,8,1,Clothing,Jeans,Clothing,Male,1524.8,26-35,355,855,Dec-23,80
ORD5269,CUST1269,58,PROD469,UK,30-Nov-21,19-Sep-22,3,cancelled,09-Jul-25,157.4,4,45,Sports,Blender,Home,Female,629.6,56+,1250,293,Jul-25,80
ORD5270,CUST1270,27,PROD470,Germany,04-May-21,14-Nov-22,1,cancelled,05-Nov-22,97.56,7,17,Electronics,Dress,Clothing,Female,682.92,26-35,1194,559,Nov-22,60
ORD5271,CUST1271,52,PROD471,India,06-Nov-21,05-Mar-25,4,paused,30-Sep-22,43.76,8,38,Sports,Skirt,Clothing,Female,350.08,46-55,352,1215,Sep-22,100
ORD5272,CUST1272,28,PROD472,USA,31-Oct-22,27-Mar-23,3,active,07-May-24,238.3,8,41,Clothing,Vacuum Cleaner,Home,Female,1906.4,26-35,1061,147,May-24,80
ORD5273,CUST1273,53,PROD473,Pakistan,28-Mar-21,06-Mar-23,1,active,18-Aug-23,247.28,6,49,Sports,Moisturizer,Beauty,Female,1483.68,46-55,1082,708,Aug-23,60
ORD5274,CUST1274,61,PROD474,USA,31-Aug-21,18-Feb-22,0,active,29-Dec-22,341.04,3,1,Beauty,Dining Table,Home,Female,1023.12,56+,1463,171,Dec-22,50
ORD5275,CUST1275,53,PROD475,Germany,06-Sep-21,21-Apr-22,3,active,06-Sep-22,730.44,2,46,Clothing,Moisturizer,Beauty,Female,1460.88,46-55,1401,227,Sep-22,80
ORD5276,CUST1276,59,PROD476,UK,29-May-22,22-Aug-24,3,cancelled,13-Feb-23,14.55,8,12,Home,Headphones,Electronics,Female,116.4,56+,547,816,Feb-23,80
ORD5277,CUST1277,33,PROD477,India,09-Dec-22,18-May-24,4,active,23-Jan-25,224.89,6,30,Electronics,Dining Table,Home,Female,1349.34,26-35,643,526,Jan-25,80
ORD5278,CUST1278,53,PROD478,UK,06-May-23,18-Apr-25,0,paused,05-Sep-24,244.49,7,41,Sports,Bluetooth Speaker,Electronics,Female,1711.43,46-55,308,713,Sep-24,70
ORD5279,CUST1279,47,PROD479,Germany,14-Oct-20,09-Sep-23,4,cancelled,22-Dec-23,284.09,2,49,Sports,Running Shoes,Sports,Male,568.18,46-55,895,1060,Dec-23,80
ORD5280,CUST1280,52,PROD480,Canada,20-Oct-22,05-Jun-23,5,active,15-Jul-23,239.57,4,14,Clothing,Bluetooth Speaker,Electronics,Male,958.28,46-55,991,228,Jul-23,80
ORD5281,CUST1281,59,PROD481,UK,04-Apr-21,03-Aug-21,0,cancelled,16-Aug-21,102.62,3,23,Home,Yoga Mat,Sports,Female,307.86,56+,1662,121,Aug-21,50
ORD5282,CUST1282,63,PROD482,Pakistan,15-May-23,09-Aug-25,2,active,12-Jun-23,26.61,8,28,Sports,Headphones,Electronics,Male,212.88,56+,195,817,Jun-23,70
ORD5283,CUST1283,29,PROD483,Canada,09-Jul-21,23-Oct-21,4,active,08-Feb-24,281.71,5,28,Sports,Camera,Electronics,Male,1408.55,26-35,1581,106,Feb-24,80
ORD5284,CUST1284,45,PROD484,Germany,06-Nov-20,10-Aug-25,1,paused,03-Jan-21,498.41,3,23,Clothing,Hoodie,Clothing,Male,1495.23,36-45,194,1738,Jan-21,80
ORD5285,CUST1285,54,PROD485,India,22-May-21,29-May-23,3,cancelled,09-Oct-23,150.77,7,39,Clothing,Jacket,Clothing,Female,1055.39,46-55,998,737,Oct-23,80
ORD5286,CUST1286,28,PROD486,UK,27-Nov-21,07-Jan-24,2,paused,13-Jul-25,112.52,7,24,Home,Jacket,Clothing,Male,787.64,26-35,775,771,Jul-25,90
ORD5287,CUST1287,45,PROD487,UK,09-Apr-22,29-Jul-25,3,active,09-Sep-22,194.81,9,15,Electronics,Vacuum Cleaner,Home,Female,1753.29,36-45,206,1207,Sep-22,80
ORD5288,CUST1288,28,PROD488,Pakistan,12-Feb-22,07-Apr-24,1,active,11-Jan-25,209.41,5,8,Sports,Perfume,Beauty,Male,1047.05,26-35,684,785,Jan-25,60
ORD5289,CUST1289,29,PROD489,USA,08-Apr-21,23-Dec-21,0,cancelled,15-Dec-21,494.41,2,22,Electronics,Shampoo,Beauty,Other,988.82,26-35,1520,259,Dec-21,50
ORD5290,CUST1290,47,PROD490,Pakistan,25-Feb-23,05-Apr-25,2,active,01-Apr-23,187.03,5,7,Beauty,Lamp,Home,Male,935.15,46-55,321,770,Apr-23,70
ORD5291,CUST1291,41,PROD491,Germany,28-Mar-23,28-Jul-23,4,active,29-Oct-24,314.88,4,47,Sports,Football,Sports,Female,1259.52,36-45,938,122,Oct-24,80
ORD5292,CUST1292,37,PROD492,India,13-Dec-21,16-Dec-21,5,cancelled,01-Jul-24,233.87,5,19,Clothing,Laptop,Electronics,Male,1169.35,36-45,1527,3,Jul-24,80
ORD5293,CUST1293,58,PROD493,UK,05-Jan-23,16-Jan-23,4,active,23-Apr-23,171.07,6,6,Sports,Cycling Helmet,Sports,Male,1026.42,56+,1131,11,Apr-23,80
ORD5294,CUST1294,38,PROD494,Canada,05-Oct-20,08-Sep-21,5,active,20-Jun-25,155.44,5,29,Electronics,Moisturizer,Beauty,Male,777.2,36-45,1626,338,Jun-25,80
ORD5295,CUST1295,68,PROD495,UK,15-Jan-23,06-May-25,0,active,23-Jul-23,789.5,2,14,Beauty,Shampoo,Beauty,Male,1579,56+,290,842,Jul-23,50
ORD5296,CUST1296,38,PROD496,UK,09-Jun-22,09-Jun-25,2,active,25-Jan-24,232.75,8,5,Beauty,Smartwatch,Electronics,Female,1862,36-45,256,1096,Jan-24,70
ORD5297,CUST1297,66,PROD497,Pakistan,08-Mar-21,21-Aug-24,5,paused,16-Nov-22,1786.22,1,2,Home,Dress,Clothing,Male,1786.22,56+,548,1262,Nov-22,100
ORD5298,CUST1298,42,PROD498,USA,01-Mar-21,12-May-23,3,cancelled,09-Aug-23,216.99,8,15,Clothing,T-Shirt,Clothing,Female,1735.92,36-45,1015,802,Aug-23,80
ORD5299,CUST1299,45,PROD499,Pakistan,28-Feb-21,31-Dec-23,5,cancelled,16-Apr-25,10.88,9,38,Electronics,Camera,Electronics,Male,97.92,36-45,782,1036,Apr-25,80
ORD5300,CUST1300,19,PROD500,Canada,14-Aug-23,02-Nov-24,1,active,05-Nov-23,1226.18,1,25,Sports,Conditioner,Beauty,Female,1226.18,18-25,475,446,Nov-23,60
ORD5301,CUST1301,65,PROD501,USA,08-Aug-23,26-Mar-24,2,active,15-Dec-24,460.02,4,7,Electronics,Sofa,Home,Female,1840.08,56+,696,231,Dec-24,70
ORD5302,CUST1302,55,PROD502,USA,28-Jul-23,28-Aug-23,3,paused,22-Mar-25,217.3,7,21,Home,Cricket Bat,Sports,Female,1521.1,46-55,907,31,Mar-25,100
ORD5303,CUST1303,45,PROD503,Germany,12-Sep-22,28-Jun-24,1,cancelled,19-Aug-24,120.62,5,11,Electronics,Gaming Console,Electronics,Female,603.1,36-45,602,655,Aug-24,60
ORD5304,CUST1304,35,PROD504,India,14-Oct-21,08-Jun-23,5,active,15-Jul-22,90.23,4,6,Electronics,Smartwatch,Electronics,Male,360.92,26-35,988,602,Jul-22,80
ORD5305,CUST1305,26,PROD505,Germany,28-Jul-21,30-Oct-22,3,active,21-Sep-24,737.62,2,31,Sports,Smartwatch,Electronics,Male,1475.24,26-35,1209,459,Sep-24,80
ORD5306,CUST1306,56,PROD506,USA,13-Nov-22,29-Apr-23,4,active,22-Aug-23,658.94,2,47,Electronics,Smartphone,Electronics,Female,1317.88,56+,1028,167,Aug-23,80
ORD5307,CUST1307,40,PROD507,Canada,17-Jan-22,05-Jun-22,0,paused,21-Aug-24,121.19,3,20,Clothing,Face Wash,Beauty,Male,363.57,36-45,1356,139,Aug-24,70
ORD5308,CUST1308,57,PROD508,Germany,08-Apr-21,14-Dec-21,4,active,01-Jan-24,583.41,3,49,Home,Dumbbells,Sports,Male,1750.23,56+,1529,250,Jan-24,80
ORD5309,CUST1309,57,PROD509,UK,29-Sep-20,26-Oct-24,3,active,29-Apr-23,242.39,6,20,Clothing,Cricket Bat,Sports,Female,1454.34,56+,482,1488,Apr-23,80
ORD5310,CUST1310,21,PROD510,Germany,16-Mar-21,22-Jan-23,4,cancelled,16-Oct-23,84.73,7,6,Sports,Camera,Electronics,Female,593.11,18-25,1125,677,Oct-23,80
ORD5311,CUST1311,31,PROD511,Germany,19-Sep-20,28-Aug-21,3,paused,21-Jun-24,399.32,4,25,Sports,Cricket Bat,Sports,Female,1597.28,26-35,1637,343,Jun-24,100
ORD5312,CUST1312,52,PROD512,UK,01-Dec-20,27-Oct-24,0,active,05-Sep-23,96.56,7,49,Home,Microwave,Home,Female,675.92,46-55,481,1426,Sep-23,50
ORD5313,CUST1313,27,PROD513,Pakistan,21-Oct-21,29-Oct-23,4,active,25-Nov-23,211.81,6,30,Clothing,Shirt,Clothing,Other,1270.86,26-35,845,738,Nov-23,80
ORD5314,CUST1314,32,PROD514,Canada,08-Jan-21,03-Feb-25,1,active,25-Aug-24,227.67,5,15,Clothing,Smartwatch,Electronics,Male,1138.35,26-35,382,1487,Aug-24,60
ORD5315,CUST1315,55,PROD515,Pakistan,02-Aug-21,28-Aug-24,5,cancelled,27-Dec-22,65.36,3,49,Clothing,Perfume,Beauty,Male,196.08,46-55,541,1122,Dec-22,80
ORD5316,CUST1316,37,PROD516,Canada,02-Mar-22,23-Oct-23,2,cancelled,18-Sep-22,51.02,6,32,Sports,Nail Polish,Beauty,Female,306.12,36-45,851,600,Sep-22,70
ORD5317,CUST1317,19,PROD517,Germany,08-May-23,16-Sep-23,4,active,27-Aug-24,462.3,2,6,Sports,Blender,Home,Female,924.6,18-25,888,131,Aug-24,80
ORD5318,CUST1318,59,PROD518,USA,11-Dec-22,09-Dec-23,1,cancelled,27-Apr-23,126.46,9,48,Sports,Perfume,Beauty,Female,1138.14,56+,804,363,Apr-23,60
ORD5319,CUST1319,67,PROD519,India,20-Aug-23,22-Jul-24,4,cancelled,27-Oct-24,65.2,5,32,Sports,Dining Table,Home,Male,326,56+,578,337,Oct-24,80
ORD5320,CUST1320,31,PROD520,Germany,07-Mar-23,24-Sep-23,2,paused,27-Dec-24,116.64,4,46,Clothing,Cricket Bat,Sports,Female,466.56,26-35,880,201,Dec-24,90
ORD5321,CUST1321,19,PROD521,USA,07-Apr-23,05-Oct-24,0,active,01-Dec-23,140.63,6,23,Electronics,Microwave,Home,Male,843.78,18-25,503,547,Dec-23,50
ORD5322,CUST1322,41,PROD522,India,27-Aug-22,04-Dec-22,5,cancelled,03-Apr-25,152.53,4,49,Clothing,Bluetooth Speaker,Electronics,Female,610.12,36-45,1174,99,Apr-25,80
ORD5323,CUST1323,59,PROD523,Pakistan,23-Jul-22,19-Aug-24,3,active,30-Mar-24,285.44,7,46,Home,Dumbbells,Sports,Female,1998.08,56+,550,758,Mar-24,80
ORD5324,CUST1324,61,PROD524,India,27-Jul-23,20-Aug-23,5,active,11-Jan-24,136.3,3,29,Beauty,Perfume,Beauty,Male,408.9,56+,915,24,Jan-24,80
ORD5325,CUST1325,46,PROD525,Canada,10-Sep-20,01-Oct-24,4,cancelled,28-Apr-25,556.7,2,39,Clothing,Gaming Console,Electronics,Other,1113.4,46-55,507,1482,Apr-25,80
ORD5326,CUST1326,19,PROD526,UK,11-Oct-21,26-Oct-24,2,active,03-Sep-24,231.25,6,39,Electronics,Jeans,Clothing,Female,1387.5,18-25,482,1111,Sep-24,70
ORD5327,CUST1327,44,PROD527,Pakistan,02-Nov-21,18-Jul-22,4,active,15-Apr-25,105.05,6,15,Sports,Shampoo,Beauty,Female,630.3,36-45,1313,258,Apr-25,80
ORD5328,CUST1328,64,PROD528,Pakistan,22-Apr-22,30-Aug-22,1,active,13-Aug-25,11.73,5,49,Home,Smartwatch,Electronics,Male,58.65,56+,1270,130,Aug-25,60
ORD5329,CUST1329,66,PROD529,India,12-Sep-21,19-May-22,0,active,25-Sep-21,230.61,8,9,Electronics,Basketball,Sports,Female,1844.88,56+,1373,249,Sep-21,50
ORD5330,CUST1330,60,PROD530,Germany,08-Dec-21,08-Apr-23,2,active,17-Jul-23,188.23,8,13,Home,Tablet,Electronics,Female,1505.84,56+,1049,486,Jul-23,70
ORD5331,CUST1331,36,PROD531,Canada,28-May-22,16-Nov-23,0,active,09-Dec-24,28.65,6,27,Clothing,Vacuum Cleaner,Home,Female,171.9,36-45,827,537,Dec-24,50
ORD5332,CUST1332,49,PROD532,Canada,10-Aug-22,08-Dec-24,2,active,22-Jan-24,175.42,8,2,Home,Smartwatch,Electronics,Male,1403.36,46-55,439,851,Jan-24,70
ORD5333,CUST1333,45,PROD533,Pakistan,11-Jul-23,19-Feb-25,4,active,20-Aug-23,180.09,8,25,Beauty,Foundation,Beauty,Female,1440.72,36-45,366,589,Aug-23,80
ORD5334,CUST1334,54,PROD534,UK,08-Feb-21,20-Nov-24,4,active,06-May-25,284.73,7,47,Home,Blender,Home,Male,1993.11,46-55,457,1381,May-25,80
ORD5335,CUST1335,22,PROD535,Germany,24-Dec-21,15-May-22,0,cancelled,03-Jul-25,231.43,3,38,Sports,Basketball,Sports,Female,694.29,18-25,1377,142,Jul-25,50
ORD5336,CUST1336,22,PROD536,UK,24-Aug-21,08-Jan-25,5,active,07-Sep-23,137.29,7,2,Clothing,Cricket Bat,Sports,Female,961.03,18-25,408,1233,Sep-23,80
ORD5337,CUST1337,22,PROD537,USA,19-Jul-23,04-Dec-24,0,paused,21-Feb-25,210.01,7,9,Home,Shirt,Clothing,Female,1470.07,18-25,443,504,Feb-25,70
ORD5338,CUST1338,45,PROD538,UK,14-Jun-22,15-May-24,3,paused,12-Aug-25,348.76,4,16,Sports,Gaming Console,Electronics,Female,1395.04,36-45,646,701,Aug-25,100
ORD5339,CUST1339,40,PROD539,UK,13-Sep-22,10-Nov-23,2,active,26-Mar-23,219.21,4,23,Home,Laptop,Electronics,Female,876.84,36-45,833,423,Mar-23,70
ORD5340,CUST1340,21,PROD540,Canada,15-Mar-23,27-Mar-25,1,active,06-Sep-23,104.03,7,27,Sports,Vacuum Cleaner,Home,Female,728.21,18-25,330,743,Sep-23,60
ORD5341,CUST1341,27,PROD541,Pakistan,08-Oct-21,30-May-22,2,active,14-Jun-24,360.74,5,10,Beauty,Face Wash,Beauty,Male,1803.7,26-35,1362,234,Jun-24,70
ORD5342,CUST1342,57,PROD542,Canada,09-Jan-21,16-Feb-22,1,active,26-Oct-22,208.01,8,44,Home,Blender,Home,Male,1664.08,56+,1465,403,Oct-22,60
ORD5343,CUST1343,59,PROD543,Canada,16-Feb-23,30-Jul-23,5,active,03-Jun-23,235.36,5,30,Beauty,Camera,Electronics,Male,1176.8,56+,936,164,Jun-23,80
ORD5344,CUST1344,21,PROD544,USA,14-Apr-21,23-Jun-25,0,active,14-Jul-25,6.45,7,37,Clothing,Conditioner,Beauty,Male,45.15,18-25,242,1531,Jul-25,50
ORD5345,CUST1345,35,PROD545,UK,26-Dec-21,09-Dec-22,4,active,30-Dec-23,205.55,2,15,Electronics,Laptop,Electronics,Male,411.1,26-35,1169,348,Dec-23,80
ORD5346,CUST1346,37,PROD546,Germany,14-Oct-21,05-Dec-22,2,active,23-Dec-24,224.15,1,7,Home,Smartwatch,Electronics,Female,224.15,36-45,1173,417,Dec-24,70
ORD5347,CUST1347,26,PROD547,Pakistan,12-Oct-20,02-Jan-24,1,active,26-Apr-22,115.98,2,4,Clothing,Blender,Home,Female,231.96,26-35,780,1177,Apr-22,60
ORD5348,CUST1348,41,PROD548,Germany,27-Sep-21,19-Aug-23,0,cancelled,21-Sep-23,26.33,1,11,Sports,Laptop,Electronics,Male,26.33,36-45,916,691,Sep-23,50
ORD5349,CUST1349,43,PROD549,Canada,01-May-23,25-Nov-24,1,active,14-Sep-23,172.3,6,8,Electronics,Basketball,Sports,Male,1033.8,36-45,452,574,Sep-23,60
ORD5350,CUST1350,61,PROD550,UK,18-Jun-21,22-Jan-24,3,active,16-Mar-25,374.37,5,36,Electronics,Blender,Home,Female,1871.85,56+,760,948,Mar-25,80
ORD5351,CUST1351,51,PROD551,Pakistan,28-Oct-21,17-Feb-22,0,cancelled,14-Aug-25,296.71,6,2,Beauty,Jeans,Clothing,Female,1780.26,46-55,1464,112,Aug-25,50
ORD5352,CUST1352,57,PROD552,USA,18-Nov-21,14-Aug-25,4,cancelled,29-Nov-24,575.92,3,14,Clothing,Skirt,Clothing,Female,1727.76,56+,190,1365,Nov-24,80
ORD5353,CUST1353,34,PROD553,Germany,20-Mar-21,09-Sep-22,2,cancelled,28-Apr-21,214.73,7,49,Electronics,Tablet,Electronics,Female,1503.11,26-35,1260,538,Apr-21,70
ORD5354,CUST1354,22,PROD554,UK,18-Dec-22,10-Jul-24,4,cancelled,24-Aug-24,416.03,3,8,Beauty,Dining Table,Home,Female,1248.09,18-25,590,570,Aug-24,80
ORD5355,CUST1355,50,PROD555,Pakistan,19-Nov-20,28-Nov-22,0,cancelled,24-Jun-24,219.47,6,38,Electronics,Football,Sports,Male,1316.82,46-55,1180,739,Jun-24,50
ORD5356,CUST1356,66,PROD556,UK,03-Nov-20,11-Mar-25,0,active,09-Apr-24,34.42,7,29,Electronics,Lipstick,Beauty,Female,240.94,56+,346,1589,Apr-24,50
ORD5357,CUST1357,66,PROD557,UK,21-Aug-21,15-Feb-23,3,active,26-Feb-22,128.99,9,29,Beauty,Blender,Home,Male,1160.91,56+,1101,543,Feb-22,80
ORD5358,CUST1358,47,PROD558,Canada,12-Sep-20,14-Feb-23,0,active,23-Jul-24,148.19,8,26,Sports,Dress,Clothing,Female,1185.52,46-55,1102,885,Jul-24,50
ORD5359,CUST1359,39,PROD559,India,06-Dec-21,28-May-25,5,cancelled,21-Dec-21,343.33,5,44,Beauty,Running Shoes,Sports,Female,1716.65,36-45,268,1269,Dec-21,80
ORD5360,CUST1360,48,PROD560,India,01-Aug-23,31-Jul-24,5,active,29-Jun-24,146.28,4,36,Beauty,Sneakers,Clothing,Female,585.12,46-55,569,365,Jun-24,80
ORD5361,CUST1361,23,PROD561,India,05-Aug-22,30-Oct-22,1,cancelled,16-Oct-23,165.06,9,48,Beauty,Sneakers,Clothing,Male,1485.54,18-25,1209,86,Oct-23,60
ORD5362,CUST1362,18,PROD562,Germany,11-Jun-21,24-Oct-21,1,active,26-Sep-22,222.3,8,3,Electronics,Vacuum Cleaner,Home,Female,1778.4,18-25,1580,135,Sep-22,60
ORD5363,CUST1363,29,PROD563,UK,19-Oct-21,21-Oct-23,4,cancelled,22-Jan-24,662.89,3,9,Sports,Vacuum Cleaner,Home,Female,1988.67,26-35,853,732,Jan-24,80
ORD5364,CUST1364,21,PROD564,Germany,23-Oct-20,29-Jan-21,5,cancelled,11-Apr-22,134.18,9,41,Home,Shampoo,Beauty,Female,1207.62,18-25,1848,98,Apr-22,80
ORD5365,CUST1365,32,PROD565,Pakistan,01-Feb-21,15-Oct-22,4,active,29-Jan-24,57.06,4,21,Beauty,Camera,Electronics,Male,228.24,26-35,1224,621,Jan-24,80
ORD5366,CUST1366,60,PROD566,India,22-Feb-22,20-Oct-23,3,active,03-Jan-23,668.04,2,17,Electronics,Smartphone,Electronics,Female,1336.08,56+,854,605,Jan-23,80
ORD5367,CUST1367,27,PROD567,Pakistan,12-Feb-21,23-Jul-24,3,active,28-Apr-24,348.12,4,24,Beauty,Lamp,Home,Female,1392.48,26-35,577,1257,Apr-24,80
ORD5368,CUST1368,66,PROD568,USA,06-May-23,27-Jun-25,3,cancelled,14-Jan-24,76.13,7,7,Beauty,Skirt,Clothing,Male,532.91,56+,238,783,Jan-24,80
ORD5369,CUST1369,27,PROD569,USA,09-May-21,18-Apr-23,4,active,07-Jan-24,89.75,7,22,Clothing,Sneakers,Clothing,Female,628.25,26-35,1039,709,Jan-24,80
ORD5370,CUST1370,37,PROD570,UK,30-Sep-21,23-Sep-24,1,active,02-Jul-24,390.53,5,16,Clothing,Basketball,Sports,Male,1952.65,36-45,515,1089,Jul-24,60
ORD5371,CUST1371,43,PROD571,Canada,19-Jan-23,20-Jun-25,5,active,02-May-25,725.84,2,24,Clothing,Vacuum Cleaner,Home,Female,1451.68,36-45,245,883,May-25,80
ORD5372,CUST1372,63,PROD572,Germany,18-Oct-22,02-Dec-24,4,active,19-Feb-23,604.52,3,7,Sports,Camera,Electronics,Male,1813.56,56+,445,776,Feb-23,80
ORD5373,CUST1373,64,PROD573,Germany,20-Oct-21,23-Apr-24,2,active,28-Jan-25,316.46,6,37,Sports,Dumbbells,Sports,Female,1898.76,56+,668,916,Jan-25,70
ORD5374,CUST1374,19,PROD574,India,14-Apr-21,16-Nov-23,4,cancelled,05-Nov-21,75.21,6,38,Clothing,Microwave,Home,Male,451.26,18-25,827,946,Nov-21,80
ORD5375,CUST1375,63,PROD575,Germany,29-May-22,01-Sep-23,5,paused,23-Mar-24,399.54,4,17,Beauty,Face Wash,Beauty,Male,1598.16,56+,903,460,Mar-24,100
ORD5376,CUST1376,56,PROD576,Germany,13-Apr-22,07-Feb-24,5,active,02-Jun-23,12.03,7,42,Beauty,T-Shirt,Clothing,Female,84.21,56+,744,665,Jun-23,80
ORD5377,CUST1377,33,PROD577,Germany,28-Jul-21,08-Oct-24,3,active,28-Mar-23,54.72,4,34,Sports,Dining Table,Home,Male,218.88,26-35,500,1168,Mar-23,80
ORD5378,CUST1378,48,PROD578,Canada,10-Apr-22,03-Dec-24,1,active,08-Mar-24,122.74,5,40,Sports,Tablet,Electronics,Male,613.7,46-55,444,968,Mar-24,60
ORD5379,CUST1379,47,PROD579,Germany,14-Dec-21,01-Mar-23,1,paused,08-May-22,23.7,6,48,Electronics,Headphones,Electronics,Female,142.2,46-55,1087,442,May-22,80
ORD5380,CUST1380,46,PROD580,India,10-Jul-23,08-Oct-23,1,paused,19-Jan-25,181.5,3,20,Beauty,Refrigerator,Home,Male,544.5,46-55,866,90,Jan-25,80
ORD5381,CUST1381,66,PROD581,Germany,22-Jul-23,28-Jul-25,3,active,01-Mar-25,195.6,2,45,Clothing,Conditioner,Beauty,Female,391.2,56+,207,737,Mar-25,80
ORD5382,CUST1382,60,PROD582,Pakistan,13-Jan-21,15-May-25,5,cancelled,11-Dec-21,107.92,9,14,Beauty,Lipstick,Beauty,Female,971.28,56+,281,1583,Dec-21,80
ORD5383,CUST1383,39,PROD583,UK,26-May-23,25-Jul-24,2,active,01-Sep-23,577.66,3,18,Sports,Camera,Electronics,Female,1732.98,36-45,575,426,Sep-23,70
ORD5384,CUST1384,31,PROD584,Pakistan,18-May-22,09-May-24,5,active,16-Jul-23,81.15,7,41,Beauty,Basketball,Sports,Male,568.05,26-35,652,722,Jul-23,80
ORD5385,CUST1385,26,PROD585,UK,05-May-23,04-Mar-24,4,paused,24-Jun-24,68.54,8,18,Sports,Gaming Console,Electronics,Female,548.32,26-35,718,304,Jun-24,100
ORD5386,CUST1386,34,PROD586,India,27-Oct-22,03-Mar-23,3,cancelled,13-Feb-24,193.43,8,23,Sports,Running Shoes,Sports,Male,1547.44,26-35,1085,127,Feb-24,80
ORD5387,CUST1387,44,PROD587,UK,18-Jan-22,15-May-22,5,active,22-Jan-22,276.7,6,22,Home,Blender,Home,Male,1660.2,36-45,1377,117,Jan-22,80
ORD5388,CUST1388,61,PROD588,Germany,31-Dec-21,30-Mar-22,0,cancelled,13-Jun-25,51.83,2,12,Electronics,Basketball,Sports,Male,103.66,56+,1423,89,Jun-25,50
ORD5389,CUST1389,46,PROD589,UK,16-Dec-20,31-Mar-21,1,active,17-Jul-22,133.73,8,33,Sports,Vacuum Cleaner,Home,Female,1069.84,46-55,1787,105,Jul-22,60
ORD5390,CUST1390,64,PROD590,UK,08-Jan-22,05-Jun-25,4,paused,11-Nov-23,52.44,4,34,Clothing,Smartphone,Electronics,Male,209.76,56+,260,1244,Nov-23,100
ORD5391,CUST1391,60,PROD591,India,30-Jul-21,05-Jan-24,0,active,10-Jul-23,1499.71,1,29,Clothing,Cricket Bat,Sports,Female,1499.71,56+,777,889,Jul-23,50
ORD5392,CUST1392,66,PROD592,Canada,08-Mar-22,26-Apr-24,1,paused,23-Mar-25,562.84,3,26,Beauty,Foundation,Beauty,Male,1688.52,56+,665,780,Mar-25,80
ORD5393,CUST1393,62,PROD593,India,02-Apr-21,19-Apr-21,0,active,20-Jan-24,1366.86,1,45,Beauty,Lamp,Home,Female,1366.86,56+,1768,17,Jan-24,50
ORD5394,CUST1394,43,PROD594,USA,14-May-22,28-May-22,3,active,27-May-25,290.28,6,38,Sports,Smartphone,Electronics,Female,1741.68,36-45,1364,14,May-25,80
ORD5395,CUST1395,60,PROD595,India,29-Sep-22,31-Jul-23,1,active,02-Apr-24,134.53,9,45,Electronics,Dumbbells,Sports,Male,1210.77,56+,935,305,Apr-24,60
ORD5396,CUST1396,52,PROD596,India,25-Jan-21,24-Nov-21,0,active,26-Jan-23,434.16,2,43,Sports,Dumbbells,Sports,Female,868.32,46-55,1549,303,Jan-23,50
ORD5397,CUST1397,55,PROD597,Canada,23-Jan-21,24-Sep-22,0,paused,24-Feb-24,44.89,7,2,Clothing,Perfume,Beauty,Female,314.23,46-55,1245,609,Feb-24,70
ORD5398,CUST1398,63,PROD598,Pakistan,14-Jul-21,25-Mar-25,0,paused,27-Mar-22,158.19,7,15,Clothing,Face Wash,Beauty,Other,1107.33,56+,332,1350,Mar-22,70
ORD5399,CUST1399,43,PROD599,Pakistan,03-Oct-22,23-Jan-24,3,cancelled,16-Dec-23,130.46,7,17,Sports,Yoga Mat,Sports,Female,913.22,36-45,759,477,Dec-23,80
ORD5400,CUST1400,68,PROD600,Germany,03-Dec-21,14-Aug-24,5,active,22-Mar-25,90.5,4,32,Beauty,Gaming Console,Electronics,Female,362,56+,555,985,Mar-25,80
ORD5401,CUST1401,60,PROD601,Pakistan,12-Aug-23,22-Feb-24,0,cancelled,04-Aug-25,132.55,3,25,Sports,Sneakers,Clothing,Male,397.65,56+,729,194,Aug-25,50
ORD5402,CUST1402,27,PROD602,Germany,12-May-21,07-Aug-23,2,cancelled,28-Aug-22,315,2,25,Beauty,Laptop,Electronics,Female,630,26-35,928,817,Aug-22,70
ORD5403,CUST1403,31,PROD603,India,15-Mar-22,12-Nov-22,0,active,08-Nov-24,19.5,6,14,Electronics,Microwave,Home,Male,117,26-35,1196,242,Nov-24,50
ORD5404,CUST1404,52,PROD604,India,11-Oct-22,19-Sep-23,5,active,24-Mar-25,74.49,7,4,Home,Headphones,Electronics,Female,521.43,46-55,885,343,Mar-25,80
ORD5405,CUST1405,40,PROD605,India,05-Sep-20,26-Jun-24,0,paused,24-Apr-21,539.41,3,33,Clothing,Skirt,Clothing,Male,1618.23,36-45,604,1390,Apr-21,70
ORD5406,CUST1406,66,PROD606,USA,11-Aug-23,04-Mar-25,2,active,11-Apr-24,101.02,7,19,Home,T-Shirt,Clothing,Female,707.14,56+,353,571,Apr-24,70
ORD5407,CUST1407,22,PROD607,UK,11-Mar-22,23-Aug-23,2,cancelled,20-May-23,1263.8,1,6,Beauty,Lipstick,Beauty,Female,1263.8,18-25,912,530,May-23,70
ORD5408,CUST1408,56,PROD608,USA,06-Mar-23,26-Jul-24,0,active,23-Jul-23,643.24,3,44,Home,Face Wash,Beauty,Male,1929.72,56+,574,508,Jul-23,50
ORD5409,CUST1409,61,PROD609,USA,31-May-23,07-Feb-25,5,paused,30-Oct-24,217.29,8,7,Electronics,Lamp,Home,Female,1738.32,56+,378,618,Oct-24,100
ORD5410,CUST1410,61,PROD610,Germany,23-Oct-21,01-Oct-22,5,active,27-Jun-22,94.79,8,1,Sports,Moisturizer,Beauty,Male,758.32,56+,1238,343,Jun-22,80
ORD5411,CUST1411,64,PROD611,Germany,19-Mar-22,12-Aug-25,0,active,11-Aug-24,305.8,5,23,Beauty,Tablet,Electronics,Female,1529,56+,192,1242,Aug-24,50
ORD5412,CUST1412,65,PROD612,Pakistan,11-Sep-20,07-Aug-25,3,active,22-Apr-21,41.08,4,18,Sports,Headphones,Electronics,Female,164.32,56+,197,1791,Apr-21,80
ORD5413,CUST1413,58,PROD613,India,23-Mar-23,04-Nov-24,1,active,11-Apr-23,155.84,8,29,Sports,Tennis Racket,Sports,Male,1246.72,56+,473,592,Apr-23,60
ORD5414,CUST1414,33,PROD614,UK,09-Jun-23,25-Oct-24,2,active,17-Mar-25,410.16,3,31,Electronics,Jacket,Clothing,Male,1230.48,26-35,483,504,Mar-25,70
ORD5415,CUST1415,24,PROD615,Germany,10-May-22,11-Jun-24,1,active,10-Dec-23,350.48,3,32,Clothing,Sneakers,Clothing,Female,1051.44,18-25,619,763,Dec-23,60
ORD5416,CUST1416,62,PROD616,Pakistan,28-Oct-22,10-Jan-24,0,active,08-Mar-23,216.64,8,32,Clothing,Face Wash,Beauty,Male,1733.12,56+,772,439,Mar-23,50
ORD5417,CUST1417,42,PROD617,India,15-Jun-21,09-Jul-25,4,active,13-Mar-24,75.2,6,11,Beauty,Perfume,Beauty,Male,451.2,36-45,226,1485,Mar-24,80
ORD5418,CUST1418,22,PROD618,UK,07-Apr-23,08-Jul-25,3,active,04-Dec-24,17.09,7,4,Home,Shampoo,Beauty,Female,119.63,18-25,227,823,Dec-24,80
ORD5419,CUST1419,65,PROD619,Canada,06-Mar-22,17-Dec-23,1,paused,08-Mar-25,4.22,9,31,Home,Sneakers,Clothing,Female,37.98,56+,796,651,Mar-25,80
ORD5420,CUST1420,39,PROD620,Canada,04-Feb-21,19-Jan-24,4,paused,23-Mar-23,89.67,2,35,Clothing,Lipstick,Beauty,Other,179.34,36-45,763,1079,Mar-23,100
ORD5421,CUST1421,37,PROD621,USA,15-May-22,16-Jan-25,2,active,17-Jul-25,57.72,4,11,Beauty,Vacuum Cleaner,Home,Male,230.88,36-45,400,977,Jul-25,70
ORD5422,CUST1422,40,PROD622,Germany,07-Jun-22,26-Sep-24,1,active,09-Oct-23,288.26,5,32,Clothing,Jacket,Clothing,Female,1441.3,36-45,512,842,Oct-23,60
ORD5423,CUST1423,21,PROD623,Pakistan,08-Jul-23,20-Feb-25,2,active,27-Mar-25,37.13,8,9,Beauty,Skirt,Clothing,Male,297.04,18-25,365,593,Mar-25,70
ORD5424,CUST1424,55,PROD624,Canada,09-Aug-21,22-Sep-24,5,cancelled,30-Nov-22,1799.69,1,39,Sports,Smartphone,Electronics,Female,1799.69,46-55,516,1140,Nov-22,80
ORD5425,CUST1425,26,PROD625,Canada,27-Jun-23,19-Dec-23,1,active,17-Jul-24,367.19,3,49,Home,Headphones,Electronics,Male,1101.57,26-35,794,175,Jul-24,60
ORD5426,CUST1426,27,PROD626,UK,08-May-23,15-Sep-24,4,paused,11-Aug-24,174.1,7,40,Home,Shirt,Clothing,Female,1218.7,26-35,523,496,Aug-24,100
ORD5427,CUST1427,35,PROD627,USA,11-Jul-22,22-Dec-24,3,cancelled,28-Aug-24,208.23,7,3,Home,Laptop,Electronics,Female,1457.61,26-35,425,895,Aug-24,80
ORD5428,CUST1428,19,PROD628,USA,04-Jul-22,17-Jan-25,2,active,22-May-23,106.21,8,40,Beauty,Conditioner,Beauty,Male,849.68,18-25,399,928,May-23,70
ORD5429,CUST1429,54,PROD629,Germany,06-Apr-23,10-Jan-24,5,cancelled,13-Nov-23,93.51,9,19,Beauty,Moisturizer,Beauty,Female,841.59,46-55,772,279,Nov-23,80
ORD5430,CUST1430,57,PROD630,India,16-Jan-21,13-Dec-24,0,cancelled,22-Feb-22,409.61,3,41,Home,Basketball,Sports,Female,1228.83,56+,434,1427,Feb-22,50
ORD5431,CUST1431,41,PROD631,UK,24-Aug-22,19-Dec-23,5,active,01-Mar-23,397.5,2,23,Sports,Moisturizer,Beauty,Female,795,36-45,794,482,Mar-23,80
ORD5432,CUST1432,25,PROD632,India,21-Dec-22,07-Jun-23,4,cancelled,12-Apr-24,65.33,6,15,Electronics,Shirt,Clothing,Male,391.98,18-25,989,168,Apr-24,80
ORD5433,CUST1433,48,PROD633,Pakistan,08-Jan-22,03-Dec-22,3,active,29-Jun-24,83.72,5,40,Electronics,Dumbbells,Sports,Female,418.6,46-55,1175,329,Jun-24,80
ORD5434,CUST1434,43,PROD634,Germany,29-Aug-21,28-Apr-23,0,cancelled,01-Jan-25,368.73,3,5,Sports,Chair,Home,Male,1106.19,36-45,1029,607,Jan-25,50
ORD5435,CUST1435,54,PROD635,Germany,26-Jul-21,26-Nov-23,5,paused,31-Dec-24,148.77,9,48,Beauty,Sneakers,Clothing,Male,1338.93,46-55,817,853,Dec-24,100
ORD5436,CUST1436,50,PROD636,Pakistan,24-Jul-22,02-Apr-24,1,active,04-Mar-23,302.58,6,37,Beauty,Shampoo,Beauty,Male,1815.48,46-55,689,618,Mar-23,60
ORD5437,CUST1437,54,PROD637,Pakistan,03-Apr-22,10-Jul-24,0,active,14-Aug-24,34.76,8,13,Beauty,Skirt,Clothing,Female,278.08,46-55,590,829,Aug-24,50
ORD5438,CUST1438,59,PROD638,Pakistan,15-Feb-23,05-Mar-24,3,cancelled,21-Aug-24,347.58,4,11,Beauty,Moisturizer,Beauty,Other,1390.32,56+,717,384,Aug-24,80
ORD5439,CUST1439,32,PROD639,USA,16-Jul-22,28-Apr-24,1,active,25-Jul-25,43.74,4,31,Home,Dining Table,Home,Male,174.96,26-35,663,652,Jul-25,60
ORD5440,CUST1440,34,PROD640,USA,15-May-22,12-Jan-25,5,active,04-Dec-24,123.64,1,36,Home,Skirt,Clothing,Female,123.64,26-35,404,973,Dec-24,80
ORD5441,CUST1441,67,PROD641,India,13-Feb-22,15-Feb-23,1,active,17-Nov-23,96.8,6,18,Beauty,Headphones,Electronics,Male,580.8,56+,1101,367,Nov-23,60
ORD5442,CUST1442,67,PROD642,Pakistan,30-Oct-20,09-Feb-25,2,active,06-Apr-23,64.18,3,10,Clothing,Headphones,Electronics,Female,192.54,56+,376,1563,Apr-23,70
ORD5443,CUST1443,39,PROD643,UK,01-May-23,17-Aug-23,2,active,27-Dec-23,1409.68,1,20,Beauty,Running Shoes,Sports,Female,1409.68,36-45,918,108,Dec-23,70
ORD5444,CUST1444,31,PROD644,India,03-Mar-23,10-Jan-25,5,active,18-Sep-24,276.06,6,19,Home,Sofa,Home,Male,1656.36,26-35,406,679,Sep-24,80
ORD5445,CUST1445,56,PROD645,UK,30-Sep-22,07-May-24,0,active,11-Aug-23,104.88,8,49,Sports,Camera,Electronics,Male,839.04,56+,654,585,Aug-23,50
ORD5446,CUST1446,39,PROD646,Pakistan,01-Aug-23,07-Sep-23,0,cancelled,20-Jun-24,552.26,1,18,Beauty,Camera,Electronics,Female,552.26,36-45,897,37,Jun-24,50
ORD5447,CUST1447,61,PROD647,Pakistan,10-Jun-22,29-Oct-22,0,active,09-Mar-23,1510.04,1,30,Home,Blender,Home,Female,1510.04,56+,1210,141,Mar-23,50
ORD5448,CUST1448,29,PROD648,Germany,13-Dec-20,06-Nov-24,5,active,26-Feb-23,300.19,3,4,Sports,Smartwatch,Electronics,Female,900.57,26-35,471,1424,Feb-23,80
ORD5449,CUST1449,38,PROD649,UK,30-Apr-21,10-Apr-24,3,paused,26-Oct-21,90.89,9,32,Electronics,Cricket Bat,Sports,Male,818.01,36-45,681,1076,Oct-21,100
ORD5450,CUST1450,34,PROD650,Germany,06-Jul-22,12-Oct-22,0,active,24-Dec-22,260.15,1,45,Clothing,Jeans,Clothing,Male,260.15,26-35,1227,98,Dec-22,50
ORD5451,CUST1451,25,PROD651,Pakistan,12-Jun-23,21-Oct-24,1,active,20-Dec-24,38.72,8,32,Electronics,Shampoo,Beauty,Male,309.76,18-25,487,497,Dec-24,60
ORD5452,CUST1452,22,PROD652,India,20-Feb-21,25-Aug-22,4,paused,25-Sep-23,178.02,6,48,Clothing,Chair,Home,Male,1068.12,18-25,1275,551,Sep-23,100
ORD5453,CUST1453,44,PROD653,Germany,04-Oct-22,11-Jul-24,4,paused,19-Dec-23,388.51,2,32,Beauty,Dumbbells,Sports,Female,777.02,36-45,589,646,Dec-23,100
ORD5454,CUST1454,45,PROD654,Pakistan,01-Feb-23,26-May-23,2,cancelled,07-Aug-25,191.94,9,40,Clothing,Blender,Home,Female,1727.46,36-45,1001,114,Aug-25,70
ORD5455,CUST1455,65,PROD655,India,21-Nov-22,05-Oct-24,4,active,31-Aug-24,48.2,9,32,Electronics,Shirt,Clothing,Female,433.8,56+,503,684,Aug-24,80
ORD5456,CUST1456,64,PROD656,India,27-Feb-23,11-Apr-24,2,active,21-Aug-23,25.98,6,44,Clothing,Dining Table,Home,Female,155.88,56+,680,409,Aug-23,70
ORD5457,CUST1457,52,PROD657,USA,04-Jun-22,10-Jun-24,2,active,15-May-24,391.53,3,2,Home,Nail Polish,Beauty,Male,1174.59,46-55,620,737,May-24,70
ORD5458,CUST1458,25,PROD658,Pakistan,13-Jun-23,29-Apr-25,1,active,10-May-24,455.29,3,41,Beauty,Dumbbells,Sports,Female,1365.87,18-25,297,686,May-24,60
ORD5459,CUST1459,50,PROD659,Pakistan,10-Jun-21,21-Aug-22,2,active,10-Feb-23,1137.99,1,16,Beauty,Lamp,Home,Female,1137.99,46-55,1279,437,Feb-23,70
ORD5460,CUST1460,66,PROD660,India,26-Nov-22,05-Mar-24,4,active,31-Jan-24,207.28,8,14,Beauty,Foundation,Beauty,Female,1658.24,56+,717,465,Jan-24,80
ORD5461,CUST1461,66,PROD661,India,25-Sep-21,16-May-24,5,cancelled,08-Jul-23,324.54,6,40,Electronics,Refrigerator,Home,Female,1947.24,56+,645,964,Jul-23,80
ORD5462,CUST1462,24,PROD662,Canada,24-Nov-20,22-Feb-21,0,active,28-May-25,206.15,5,10,Electronics,Shampoo,Beauty,Female,1030.75,18-25,1824,90,May-25,50
ORD5463,CUST1463,46,PROD663,Canada,14-Mar-21,05-Jun-23,1,paused,23-Nov-23,1493.98,1,21,Beauty,Smartphone,Electronics,Male,1493.98,46-55,991,813,Nov-23,80
ORD5464,CUST1464,39,PROD664,India,16-Jan-22,07-May-25,5,paused,16-Apr-22,553.36,2,10,Beauty,Sneakers,Clothing,Male,1106.72,36-45,289,1207,Apr-22,100
ORD5465,CUST1465,26,PROD665,Pakistan,13-Oct-21,07-Feb-22,3,active,20-Mar-25,178.28,6,41,Electronics,Vacuum Cleaner,Home,Female,1069.68,26-35,1474,117,Mar-25,80
ORD5466,CUST1466,36,PROD666,India,11-Mar-23,16-Jan-24,5,cancelled,25-Jun-24,638.11,1,25,Electronics,Tablet,Electronics,Female,638.11,36-45,766,311,Jun-24,80
ORD5467,CUST1467,37,PROD667,India,18-Aug-21,14-Dec-21,1,active,25-Jun-22,225.32,8,34,Beauty,Blender,Home,Female,1802.56,36-45,1529,118,Jun-22,60
ORD5468,CUST1468,35,PROD668,Canada,22-Sep-21,09-Feb-23,2,active,25-Jan-25,133.5,9,49,Beauty,Basketball,Sports,Female,1201.5,26-35,1107,505,Jan-25,70
ORD5469,CUST1469,44,PROD669,Germany,12-Feb-23,29-Aug-23,2,cancelled,18-Apr-23,213.51,6,19,Home,Football,Sports,Male,1281.06,36-45,906,198,Apr-23,70
ORD5470,CUST1470,51,PROD670,Germany,26-Nov-22,27-Mar-23,0,active,29-Apr-25,185.37,8,36,Clothing,Conditioner,Beauty,Female,1482.96,46-55,1061,121,Apr-25,50
ORD5471,CUST1471,35,PROD671,USA,20-Apr-23,22-Jun-25,0,cancelled,04-Apr-24,87.8,8,4,Home,Skirt,Clothing,Female,702.4,26-35,243,794,Apr-24,50
ORD5472,CUST1472,51,PROD672,UK,21-Apr-23,14-Jan-25,0,cancelled,15-Sep-24,97.78,4,29,Home,Perfume,Beauty,Male,391.12,46-55,402,634,Sep-24,50
ORD5473,CUST1473,56,PROD673,Pakistan,20-May-23,02-Jun-23,2,active,18-Jul-23,197.6,9,38,Clothing,Dress,Clothing,Male,1778.4,56+,994,13,Jul-23,70
ORD5474,CUST1474,37,PROD674,USA,04-Aug-21,31-Jan-23,0,active,06-Jan-24,532.09,2,46,Beauty,Dining Table,Home,Female,1064.18,36-45,1116,545,Jan-24,50
ORD5475,CUST1475,40,PROD675,Canada,09-Dec-20,30-Mar-23,1,cancelled,10-Aug-24,196.12,5,7,Beauty,Shirt,Clothing,Female,980.6,36-45,1058,841,Aug-24,60
ORD5476,CUST1476,40,PROD676,Pakistan,20-May-22,24-Jun-24,5,cancelled,20-Sep-22,313.86,6,12,Sports,Dumbbells,Sports,Female,1883.16,36-45,606,766,Sep-22,80
ORD5477,CUST1477,31,PROD677,Germany,14-Oct-22,17-Sep-23,1,cancelled,20-Nov-24,417.52,2,34,Sports,T-Shirt,Clothing,Female,835.04,26-35,887,338,Nov-24,60
ORD5478,CUST1478,23,PROD678,India,29-Nov-20,22-Jan-25,3,active,08-Apr-24,124.76,8,27,Home,Jeans,Clothing,Female,998.08,18-25,394,1515,Apr-24,80
ORD5479,CUST1479,32,PROD679,India,16-Oct-22,05-Mar-25,2,cancelled,14-Oct-24,90.21,6,2,Clothing,Smartwatch,Electronics,Female,541.26,26-35,352,871,Oct-24,70
ORD5480,CUST1480,46,PROD680,Pakistan,12-Oct-21,23-Jul-25,4,paused,14-Jan-23,277.47,4,7,Beauty,Sneakers,Clothing,Other,1109.88,46-55,212,1380,Jan-23,100
ORD5481,CUST1481,65,PROD681,USA,21-Apr-23,31-May-23,0,cancelled,06-Mar-25,132.87,5,2,Electronics,Laptop,Electronics,Male,664.35,56+,996,40,Mar-25,50
ORD5482,CUST1482,19,PROD682,Pakistan,26-Jul-21,03-Jul-23,3,active,26-Aug-23,132.82,8,10,Clothing,Sneakers,Clothing,Female,1062.56,18-25,963,707,Aug-23,80
ORD5483,CUST1483,21,PROD683,UK,04-Dec-22,21-Dec-24,2,cancelled,04-Apr-24,554.08,1,47,Clothing,Chair,Home,Male,554.08,18-25,426,748,Apr-24,70
ORD5484,CUST1484,23,PROD684,USA,06-Aug-23,27-Mar-24,1,active,24-Mar-24,190.43,5,2,Home,Shampoo,Beauty,Male,952.15,18-25,695,234,Mar-24,60
ORD5485,CUST1485,59,PROD685,Canada,19-Apr-22,21-May-23,0,active,23-Jan-24,228.34,7,16,Beauty,Tablet,Electronics,Female,1598.38,56+,1006,397,Jan-24,50
ORD5486,CUST1486,28,PROD686,Germany,28-Oct-21,29-Sep-22,3,active,23-Sep-23,975.01,1,4,Clothing,Tennis Racket,Sports,Male,975.01,26-35,1240,336,Sep-23,80
ORD5487,CUST1487,40,PROD687,India,27-Oct-21,26-Jun-25,3,active,15-Mar-24,62.15,3,31,Electronics,Conditioner,Beauty,Male,186.45,36-45,239,1338,Mar-24,80
ORD5488,CUST1488,49,PROD688,Canada,27-Nov-22,25-Jan-24,1,active,22-Apr-23,537.56,2,11,Beauty,Shirt,Clothing,Female,1075.12,46-55,757,424,Apr-23,60
ORD5489,CUST1489,46,PROD689,Germany,07-Apr-23,16-Apr-25,2,active,20-Jun-24,472.65,4,11,Sports,Lamp,Home,Female,1890.6,46-55,310,740,Jun-24,70
ORD5490,CUST1490,44,PROD690,Germany,13-Jun-23,28-Jan-24,1,cancelled,03-May-25,109.16,8,31,Clothing,Camera,Electronics,Female,873.28,36-45,754,229,May-25,60
ORD5491,CUST1491,50,PROD691,USA,14-Jan-22,23-Dec-22,3,paused,23-Jan-23,261.49,5,25,Sports,Bluetooth Speaker,Electronics,Male,1307.45,46-55,1155,343,Jan-23,100
ORD5492,CUST1492,49,PROD692,UK,30-Sep-20,25-Mar-24,5,active,16-Jul-22,69.48,7,41,Home,Cricket Bat,Sports,Female,486.36,46-55,697,1272,Jul-22,80
ORD5493,CUST1493,38,PROD693,Canada,31-May-23,22-Jul-25,2,active,22-Feb-25,1481.71,1,37,Clothing,Shirt,Clothing,Female,1481.71,36-45,213,783,Feb-25,70
ORD5494,CUST1494,25,PROD694,Canada,26-Jan-23,13-Oct-23,0,cancelled,29-Mar-24,189.21,9,30,Clothing,Hoodie,Clothing,Male,1702.89,18-25,861,260,Mar-24,50
ORD5495,CUST1495,62,PROD695,India,07-Sep-21,11-Dec-21,3,active,06-Jun-23,271.14,4,42,Sports,Face Wash,Beauty,Female,1084.56,56+,1532,95,Jun-23,80
ORD5496,CUST1496,33,PROD696,Canada,19-Sep-22,11-Jan-23,5,active,22-Mar-25,396.81,5,20,Clothing,Camera,Electronics,Female,1984.05,26-35,1136,114,Mar-25,80
ORD5497,CUST1497,20,PROD697,UK,14-Jul-21,30-Jan-25,0,cancelled,12-Jul-23,836.76,2,47,Beauty,Skirt,Clothing,Male,1673.52,18-25,386,1296,Jul-23,50
ORD5498,CUST1498,29,PROD698,Canada,15-Jun-21,06-Mar-22,1,active,15-Aug-23,71.96,2,7,Beauty,Lipstick,Beauty,Male,143.92,26-35,1447,264,Aug-23,60
ORD5499,CUST1499,45,PROD699,Pakistan,13-Apr-22,25-Aug-22,3,active,03-May-22,1601.28,1,33,Beauty,Shirt,Clothing,Male,1601.28,36-45,1275,134,May-22,80
ORD5500,CUST1500,49,PROD700,Canada,02-May-21,24-Feb-22,3,paused,15-Jul-22,582.99,3,3,Clothing,Perfume,Beauty,Female,1748.97,46-55,1457,298,Jul-22,100
ORD5501,CUST1501,51,PROD701,Pakistan,01-Oct-22,27-May-23,3,paused,22-May-24,307.14,2,34,Home,Basketball,Sports,Other,614.28,46-55,1000,238,May-24,100
ORD5502,CUST1502,66,PROD702,USA,08-Nov-21,17-Jan-25,4,paused,24-Mar-22,193.22,8,32,Beauty,Shirt,Clothing,Male,1545.76,56+,399,1166,Mar-22,100
ORD5503,CUST1503,58,PROD703,USA,04-Apr-22,25-May-24,1,cancelled,27-Apr-25,996.56,2,32,Beauty,Camera,Electronics,Male,1993.12,56+,636,782,Apr-25,60
ORD5504,CUST1504,31,PROD704,Pakistan,06-Apr-23,29-Mar-25,0,active,16-Jun-24,965.67,2,42,Clothing,Microwave,Home,Female,1931.34,26-35,328,723,Jun-24,50
ORD5505,CUST1505,35,PROD705,Canada,22-Jul-23,02-Jun-25,4,active,22-Sep-24,134.86,9,7,Electronics,Dress,Clothing,Male,1213.74,26-35,263,681,Sep-24,80
ORD5506,CUST1506,48,PROD706,Pakistan,26-Oct-20,06-Jun-22,2,active,21-Oct-24,59.06,8,27,Clothing,T-Shirt,Clothing,Female,472.48,46-55,1355,588,Oct-24,70
ORD5507,CUST1507,34,PROD707,Pakistan,30-Mar-21,26-Jul-25,0,cancelled,02-Oct-21,163.78,5,14,Electronics,Gaming Console,Electronics,Male,818.9,26-35,209,1579,Oct-21,50
ORD5508,CUST1508,57,PROD708,India,08-Sep-21,04-Jan-24,3,paused,24-Apr-24,204.26,9,38,Beauty,Dining Table,Home,Female,1838.34,56+,778,848,Apr-24,100
ORD5509,CUST1509,42,PROD709,Germany,17-Jun-23,07-Aug-24,3,active,25-Sep-23,162.05,9,32,Electronics,Vacuum Cleaner,Home,Male,1458.45,36-45,562,417,Sep-23,80
ORD5510,CUST1510,60,PROD710,Germany,25-Oct-22,19-Jul-25,3,cancelled,26-Jan-24,124.82,6,43,Home,Sneakers,Clothing,Female,748.92,56+,216,998,Jan-24,80
ORD5511,CUST1511,28,PROD711,Canada,09-Aug-22,02-Sep-24,1,paused,07-Mar-24,81.49,7,32,Beauty,Vacuum Cleaner,Home,Female,570.43,26-35,536,755,Mar-24,80
ORD5512,CUST1512,34,PROD712,Canada,11-Jul-21,22-May-25,0,paused,25-Jul-22,36.04,3,23,Clothing,Face Wash,Beauty,Male,108.12,26-35,274,1411,Jul-22,70
ORD5513,CUST1513,44,PROD713,Germany,10-Dec-22,26-May-25,4,cancelled,05-Jan-24,243.55,7,26,Beauty,Jeans,Clothing,Male,1704.85,36-45,270,898,Jan-24,80
ORD5514,CUST1514,57,PROD714,India,20-Mar-21,08-Jan-23,1,active,18-Mar-23,428.54,3,33,Home,Tablet,Electronics,Male,1285.62,56+,1139,659,Mar-23,60
ORD5515,CUST1515,54,PROD715,India,25-May-22,12-Mar-23,5,active,09-Apr-25,234.67,3,8,Home,Bluetooth Speaker,Electronics,Male,704.01,46-55,1076,291,Apr-25,80
ORD5516,CUST1516,51,PROD716,India,04-Mar-21,17-Jun-23,1,cancelled,18-Jul-24,142.25,9,40,Home,Dining Table,Home,Male,1280.25,46-55,979,835,Jul-24,60
ORD5517,CUST1517,41,PROD717,USA,12-Mar-23,05-Sep-23,3,cancelled,14-Nov-23,116.18,6,20,Beauty,Dress,Clothing,Male,697.08,36-45,899,177,Nov-23,80
ORD5518,CUST1518,47,PROD718,UK,16-Jul-21,17-Aug-22,5,active,15-Feb-22,321.74,6,15,Clothing,Sneakers,Clothing,Male,1930.44,46-55,1283,397,Feb-22,80
ORD5519,CUST1519,26,PROD719,USA,01-Sep-20,22-May-22,1,active,12-Mar-23,266.97,5,9,Beauty,Smartphone,Electronics,Female,1334.85,26-35,1370,628,Mar-23,60
ORD5520,CUST1520,40,PROD720,Canada,22-Oct-22,06-Jan-23,1,active,30-Sep-24,283.96,5,36,Home,Bluetooth Speaker,Electronics,Female,1419.8,36-45,1141,76,Sep-24,60
ORD5521,CUST1521,43,PROD721,India,27-Feb-21,30-Jul-25,2,active,06-Jun-25,382.28,4,47,Sports,Dress,Clothing,Male,1529.12,36-45,205,1614,Jun-25,70
ORD5522,CUST1522,53,PROD722,USA,30-Jun-22,27-May-24,2,paused,09-Jul-24,217.42,4,43,Home,Cycling Helmet,Sports,Male,869.68,46-55,634,697,Jul-24,90
ORD5523,CUST1523,63,PROD723,Canada,24-Feb-22,13-Mar-22,3,active,18-Nov-23,57.75,8,5,Beauty,Lipstick,Beauty,Male,462,56+,1440,17,Nov-23,80
ORD5524,CUST1524,43,PROD724,USA,04-Mar-21,08-Jul-22,5,active,01-Mar-25,256.45,4,29,Home,Camera,Electronics,Female,1025.8,36-45,1323,491,Mar-25,80
ORD5525,CUST1525,66,PROD725,UK,07-Jun-23,12-Jun-24,5,paused,18-Sep-23,300.55,6,18,Electronics,Tablet,Electronics,Male,1803.3,56+,618,371,Sep-23,100
ORD5526,CUST1526,54,PROD726,India,17-Dec-21,17-Dec-21,3,paused,14-Jul-23,75.6,8,26,Sports,Smartphone,Electronics,Male,604.8,46-55,1526,0,Jul-23,100
ORD5527,CUST1527,30,PROD727,India,30-Nov-20,05-Jul-24,4,cancelled,20-Jul-24,1582.47,1,39,Beauty,Sofa,Home,Male,1582.47,26-35,595,1313,Jul-24,80
ORD5528,CUST1528,24,PROD728,USA,29-Aug-22,08-Mar-23,5,active,05-Jul-23,199.61,6,30,Beauty,Microwave,Home,Female,1197.66,18-25,1080,191,Jul-23,80
ORD5529,CUST1529,50,PROD729,UK,30-Mar-21,07-Jan-25,3,active,05-Apr-22,75.76,9,7,Electronics,Moisturizer,Beauty,Male,681.84,46-55,409,1379,Apr-22,80
ORD5530,CUST1530,26,PROD730,Canada,25-Mar-22,21-May-24,1,active,24-Sep-22,169.33,3,19,Beauty,Lamp,Home,Male,507.99,26-35,640,788,Sep-22,60
ORD5531,CUST1531,44,PROD731,Canada,09-May-22,23-Jul-22,5,active,14-Aug-22,279.79,5,32,Home,Cricket Bat,Sports,Female,1398.95,36-45,1308,75,Aug-22,80
ORD5532,CUST1532,40,PROD732,USA,18-Aug-22,12-Apr-23,3,active,27-Aug-24,18.93,4,45,Electronics,Blender,Home,Male,75.72,36-45,1045,237,Aug-24,80
ORD5533,CUST1533,41,PROD733,India,28-Nov-20,06-Jun-24,2,active,15-Sep-21,147.55,8,32,Home,Lamp,Home,Male,1180.4,36-45,624,1286,Sep-21,70
ORD5534,CUST1534,54,PROD734,UK,21-Jan-23,14-Nov-23,4,active,10-Jul-23,82.68,9,2,Clothing,Headphones,Electronics,Male,744.12,46-55,829,297,Jul-23,80
ORD5535,CUST1535,29,PROD735,Pakistan,22-Jan-23,17-Dec-23,4,cancelled,06-Oct-23,178.63,9,15,Beauty,Vacuum Cleaner,Home,Female,1607.67,26-35,796,329,Oct-23,80
ORD5536,CUST1536,20,PROD736,Pakistan,15-Jan-23,14-Feb-23,3,active,03-Oct-24,22.44,8,21,Home,Shirt,Clothing,Female,179.52,18-25,1102,30,Oct-24,80
ORD5537,CUST1537,59,PROD737,India,30-May-22,09-Oct-24,0,active,08-Nov-24,443.38,4,8,Sports,Headphones,Electronics,Female,1773.52,56+,499,863,Nov-24,50
ORD5538,CUST1538,37,PROD738,Canada,10-Jul-22,30-Jun-24,0,active,20-Nov-22,189.41,8,46,Electronics,Yoga Mat,Sports,Male,1515.28,36-45,600,721,Nov-22,50
ORD5539,CUST1539,61,PROD739,Canada,07-Nov-22,13-Feb-25,4,active,27-Jun-24,440.91,3,33,Electronics,Perfume,Beauty,Female,1322.73,56+,372,829,Jun-24,80
ORD5540,CUST1540,50,PROD740,Canada,02-Nov-20,15-Jul-22,5,active,05-Feb-21,944.82,2,29,Beauty,Smartwatch,Electronics,Female,1889.64,46-55,1316,620,Feb-21,80
ORD5541,CUST1541,67,PROD741,Pakistan,24-Dec-22,22-Jan-25,0,paused,05-Jun-24,892.74,2,49,Electronics,Blender,Home,Male,1785.48,56+,394,760,Jun-24,70
ORD5542,CUST1542,39,PROD742,UK,18-Jul-22,06-Nov-23,4,cancelled,25-Apr-23,589.28,3,9,Home,Blender,Home,Female,1767.84,36-45,837,476,Apr-23,80
ORD5543,CUST1543,64,PROD743,Pakistan,13-Dec-21,07-Jan-22,5,paused,07-Mar-23,233.33,3,38,Clothing,Jacket,Clothing,Male,699.99,56+,1505,25,Mar-23,100
ORD5544,CUST1544,59,PROD744,UK,08-Sep-22,25-Jun-25,2,active,11-May-25,168.05,9,3,Electronics,Lipstick,Beauty,Female,1512.45,56+,240,1021,May-25,70
ORD5545,CUST1545,40,PROD745,USA,24-Feb-23,11-Feb-24,2,active,12-Aug-25,227.34,5,17,Sports,Gaming Console,Electronics,Female,1136.7,36-45,740,352,Aug-25,70
ORD5546,CUST1546,36,PROD746,UK,04-Jul-21,26-Dec-22,2,active,09-Jan-25,164.42,3,22,Clothing,Lamp,Home,Male,493.26,36-45,1152,540,Jan-25,70
ORD5547,CUST1547,49,PROD747,Germany,21-May-23,10-Jul-25,2,active,23-Oct-23,577.99,1,12,Electronics,Tablet,Electronics,Female,577.99,46-55,225,781,Oct-23,70
ORD5548,CUST1548,35,PROD748,UK,28-Nov-20,24-Mar-25,4,paused,24-Mar-25,293.23,4,6,Beauty,Refrigerator,Home,Female,1172.92,26-35,333,1577,Mar-25,100
ORD5549,CUST1549,56,PROD749,UK,03-May-21,16-Apr-22,1,active,24-Jan-23,188.99,6,20,Beauty,Yoga Mat,Sports,Male,1133.94,56+,1406,348,Jan-23,60
ORD5550,CUST1550,57,PROD750,Canada,02-Oct-22,13-Apr-25,5,active,21-Jun-25,904.56,2,44,Clothing,Lipstick,Beauty,Male,1809.12,56+,313,924,Jun-25,80
ORD5551,CUST1551,63,PROD751,UK,11-Jul-21,25-Aug-23,0,active,01-Nov-24,1220.25,1,9,Home,Skirt,Clothing,Female,1220.25,56+,910,775,Nov-24,50
ORD5552,CUST1552,29,PROD752,India,06-May-22,16-Dec-22,2,active,20-Apr-23,34.17,6,35,Sports,Cycling Helmet,Sports,Female,205.02,26-35,1162,224,Apr-23,70
ORD5553,CUST1553,40,PROD753,USA,30-Aug-21,19-Jun-25,2,active,24-Oct-24,152.91,9,5,Beauty,Shampoo,Beauty,Female,1376.19,36-45,246,1389,Oct-24,70
ORD5554,CUST1554,54,PROD754,Germany,13-Apr-22,09-Feb-24,0,paused,05-Dec-22,28.96,8,22,Home,Blender,Home,Female,231.68,46-55,742,667,Dec-22,70
ORD5555,CUST1555,52,PROD755,India,28-Dec-21,23-Feb-24,3,active,04-Apr-24,167.97,7,6,Clothing,Jeans,Clothing,Male,1175.79,46-55,728,787,Apr-24,80
ORD5556,CUST1556,35,PROD756,India,20-Oct-20,02-Dec-22,5,active,20-Jun-23,329.43,3,35,Electronics,Dress,Clothing,Female,988.29,26-35,1176,773,Jun-23,80
ORD5557,CUST1557,67,PROD757,USA,09-Nov-22,09-Nov-24,4,active,06-Jan-24,1543.19,1,42,Beauty,Lamp,Home,Male,1543.19,56+,468,731,Jan-24,80
ORD5558,CUST1558,27,PROD758,UK,08-Dec-21,04-May-23,5,paused,06-Jan-25,524.51,2,43,Beauty,Dining Table,Home,Female,1049.02,26-35,1023,512,Jan-25,100
ORD5559,CUST1559,38,PROD759,Germany,20-May-21,31-Jul-21,4,active,22-Jun-22,342.38,4,41,Electronics,Jacket,Clothing,Female,1369.52,36-45,1665,72,Jun-22,80
ORD5560,CUST1560,41,PROD760,UK,11-May-23,02-Feb-25,3,cancelled,25-Jan-24,164.78,9,22,Clothing,Face Wash,Beauty,Female,1483.02,36-45,383,633,Jan-24,80
ORD5561,CUST1561,33,PROD761,India,12-Mar-21,03-Apr-24,3,active,31-Jan-24,159.26,9,30,Home,Moisturizer,Beauty,Male,1433.34,26-35,688,1118,Jan-24,80
ORD5562,CUST1562,45,PROD762,USA,09-Nov-22,08-Oct-24,3,active,05-Jan-24,33.22,8,7,Clothing,Chair,Home,Female,265.76,36-45,500,699,Jan-24,80
ORD5563,CUST1563,28,PROD763,Germany,22-Dec-21,28-Mar-24,4,cancelled,26-Feb-23,1815.34,1,19,Electronics,Blender,Home,Male,1815.34,26-35,694,827,Feb-23,80
ORD5564,CUST1564,27,PROD764,Germany,09-Jun-21,05-Apr-24,5,active,22-Aug-21,17,4,2,Clothing,Smartwatch,Electronics,Male,68,26-35,686,1031,Aug-21,80
ORD5565,CUST1565,33,PROD765,Pakistan,13-May-22,12-Oct-24,0,paused,20-Jan-24,108.08,6,5,Sports,Camera,Electronics,Male,648.48,26-35,496,883,Jan-24,70
ORD5566,CUST1566,28,PROD766,India,23-Feb-21,15-Jun-22,4,active,06-Nov-23,18.44,6,5,Beauty,Jacket,Clothing,Male,110.64,26-35,1346,477,Nov-23,80
ORD5567,CUST1567,58,PROD767,UK,12-Sep-20,25-Oct-21,1,paused,01-Nov-23,330.36,4,49,Clothing,Running Shoes,Sports,Female,1321.44,56+,1579,408,Nov-23,80
ORD5568,CUST1568,34,PROD768,Pakistan,20-Apr-23,17-Oct-23,2,active,04-Feb-25,138.99,7,36,Home,Moisturizer,Beauty,Female,972.93,26-35,857,180,Feb-25,70
ORD5569,CUST1569,52,PROD769,Canada,24-Nov-20,25-Aug-23,4,active,19-Dec-24,45.15,5,33,Sports,Laptop,Electronics,Female,225.75,46-55,910,1004,Dec-24,80
ORD5570,CUST1570,51,PROD770,USA,19-Oct-20,06-Nov-23,0,active,18-Mar-23,266.24,4,21,Beauty,Dining Table,Home,Male,1064.96,46-55,837,1113,Mar-23,50
ORD5571,CUST1571,38,PROD771,Pakistan,19-Feb-23,10-Apr-23,5,active,06-Jul-23,127.91,9,29,Sports,Lamp,Home,Male,1151.19,36-45,1047,50,Jul-23,80
ORD5572,CUST1572,46,PROD772,UK,20-May-23,14-Apr-25,0,active,28-Mar-24,49.35,7,49,Clothing,Perfume,Beauty,Female,345.45,46-55,312,695,Mar-24,50
ORD5573,CUST1573,35,PROD773,USA,12-Mar-21,04-Nov-23,4,active,15-Sep-21,12.69,9,14,Beauty,Camera,Electronics,Female,114.21,26-35,839,967,Sep-21,80
ORD5574,CUST1574,34,PROD774,Pakistan,15-Dec-21,27-May-25,4,active,16-Dec-24,55.16,8,5,Beauty,Skirt,Clothing,Male,441.28,26-35,269,1259,Dec-24,80
ORD5575,CUST1575,62,PROD775,Germany,24-Jul-21,28-May-25,4,active,09-Aug-24,228.64,8,18,Sports,Smartphone,Electronics,Other,1829.12,56+,268,1404,Aug-24,80
ORD5576,CUST1576,56,PROD776,USA,31-Jul-21,16-Apr-23,4,active,01-Jul-25,554.17,3,46,Clothing,Bluetooth Speaker,Electronics,Female,1662.51,56+,1041,624,Jul-25,80
ORD5577,CUST1577,43,PROD777,UK,04-Mar-21,02-Jun-21,5,active,05-Dec-22,559.72,1,3,Beauty,Yoga Mat,Sports,Female,559.72,36-45,1724,90,Dec-22,80
ORD5578,CUST1578,43,PROD778,USA,07-Jan-23,13-Aug-23,4,active,16-Jul-24,319.61,3,18,Sports,Hoodie,Clothing,Male,958.83,36-45,922,218,Jul-24,80
ORD5579,CUST1579,30,PROD779,Germany,21-Dec-22,26-Nov-23,0,active,29-Apr-23,71.54,6,12,Electronics,Camera,Electronics,Other,429.24,26-35,817,340,Apr-23,50
ORD5580,CUST1580,46,PROD780,Germany,02-Nov-20,17-Apr-23,4,active,22-Mar-24,36.79,8,17,Clothing,Jeans,Clothing,Male,294.32,46-55,1040,896,Mar-24,80
ORD5581,CUST1581,65,PROD781,UK,23-May-22,21-Mar-23,1,active,16-Jul-23,1276.55,1,48,Clothing,T-Shirt,Clothing,Male,1276.55,56+,1067,302,Jul-23,60
ORD5582,CUST1582,23,PROD782,UK,20-Dec-20,14-Nov-21,0,active,26-Mar-21,683.35,2,10,Electronics,Sneakers,Clothing,Male,1366.7,18-25,1559,329,Mar-21,50
ORD5583,CUST1583,56,PROD783,Canada,23-Sep-21,21-Feb-24,5,cancelled,09-Oct-22,137.79,5,12,Beauty,Lipstick,Beauty,Female,688.95,56+,730,881,Oct-22,80
ORD5584,CUST1584,62,PROD784,USA,01-Jun-22,09-Aug-25,5,active,13-Mar-24,309.26,4,17,Home,Shampoo,Beauty,Female,1237.04,56+,195,1165,Mar-24,80
ORD5585,CUST1585,31,PROD785,Pakistan,22-Apr-22,17-Oct-24,2,cancelled,25-Aug-23,43.08,5,22,Electronics,Nail Polish,Beauty,Female,215.4,26-35,491,909,Aug-23,70
ORD5586,CUST1586,67,PROD786,Germany,29-Jun-23,02-Jan-25,4,active,19-Jun-24,659.12,3,32,Home,Cricket Bat,Sports,Female,1977.36,56+,414,553,Jun-24,80
ORD5587,CUST1587,69,PROD787,Canada,13-Jun-22,08-Nov-22,5,active,20-Nov-23,177.67,7,28,Sports,Shirt,Clothing,Female,1243.69,56+,1200,148,Nov-23,80
ORD5588,CUST1588,65,PROD788,USA,14-Mar-21,08-May-23,4,paused,08-Feb-22,215.02,7,19,Electronics,Dress,Clothing,Male,1505.14,56+,1019,785,Feb-22,100
ORD5589,CUST1589,51,PROD789,Germany,07-Jun-21,09-Jul-25,4,paused,07-Jul-24,978.5,1,14,Home,Face Wash,Beauty,Male,978.5,46-55,226,1493,Jul-24,100
ORD5590,CUST1590,43,PROD790,USA,01-Oct-20,11-Oct-24,0,active,27-Apr-22,180.39,2,44,Beauty,Chair,Home,Male,360.78,36-45,497,1471,Apr-22,50
ORD5591,CUST1591,56,PROD791,Canada,29-Sep-22,05-Dec-23,5,cancelled,17-Aug-24,275.98,4,21,Beauty,Microwave,Home,Female,1103.92,56+,808,432,Aug-24,80
ORD5592,CUST1592,30,PROD792,USA,08-Nov-22,20-Sep-24,0,active,15-Dec-24,105.63,7,36,Clothing,Laptop,Electronics,Female,739.41,26-35,518,682,Dec-24,50
ORD5593,CUST1593,35,PROD793,India,05-Jul-23,23-Jan-24,5,active,29-Jul-23,427.02,4,35,Beauty,Refrigerator,Home,Female,1708.08,26-35,759,202,Jul-23,80
ORD5594,CUST1594,20,PROD794,Germany,23-Apr-22,03-Apr-25,1,active,30-Sep-22,93.14,9,2,Sports,Microwave,Home,Female,838.26,18-25,323,1076,Sep-22,60
ORD5595,CUST1595,59,PROD795,Pakistan,18-Jan-22,03-Oct-23,4,paused,20-Sep-23,58.61,3,47,Clothing,Dumbbells,Sports,Other,175.83,56+,871,623,Sep-23,100
ORD5596,CUST1596,53,PROD796,Pakistan,02-Jan-23,14-Feb-24,0,cancelled,13-Apr-25,261.37,6,41,Electronics,Jacket,Clothing,Female,1568.22,46-55,737,408,Apr-25,50
ORD5597,CUST1597,66,PROD797,Canada,26-Jan-21,28-Jan-21,1,active,04-Dec-23,697.6,2,8,Electronics,Perfume,Beauty,Male,1395.2,56+,1849,2,Dec-23,60
ORD5598,CUST1598,31,PROD798,Pakistan,07-Jan-21,04-Jul-23,5,cancelled,24-Oct-21,612.55,3,9,Home,Sofa,Home,Female,1837.65,26-35,962,908,Oct-21,80
ORD5599,CUST1599,59,PROD799,Germany,09-Aug-22,23-Jun-24,0,active,14-Dec-22,150.44,2,47,Beauty,Cricket Bat,Sports,Female,300.88,56+,607,684,Dec-22,50
ORD5600,CUST1600,18,PROD800,Germany,04-Jul-23,02-Apr-25,5,active,19-Jul-23,118.23,9,40,Beauty,Dumbbells,Sports,Other,1064.07,18-25,324,638,Jul-23,80
ORD5601,CUST1601,57,PROD801,USA,24-Jul-22,11-Apr-24,4,active,07-Dec-24,1043.23,1,9,Electronics,Microwave,Home,Male,1043.23,56+,680,627,Dec-24,80
ORD5602,CUST1602,61,PROD802,Germany,07-Feb-22,01-Nov-24,0,paused,28-Apr-25,619.73,3,11,Home,Cycling Helmet,Sports,Female,1859.19,56+,476,998,Apr-25,70
ORD5603,CUST1603,58,PROD803,UK,30-Dec-22,06-Aug-25,1,active,18-Jul-23,449.28,3,47,Home,Skirt,Clothing,Female,1347.84,56+,198,950,Jul-23,60
ORD5604,CUST1604,22,PROD804,Germany,28-Apr-22,06-Jun-25,2,active,03-Apr-25,1181.37,1,17,Electronics,Dumbbells,Sports,Female,1181.37,18-25,259,1135,Apr-25,70
ORD5605,CUST1605,53,PROD805,Germany,05-Jun-23,26-Nov-24,3,active,19-Mar-24,56.24,9,31,Electronics,Sneakers,Clothing,Female,506.16,46-55,451,540,Mar-24,80
ORD5606,CUST1606,42,PROD806,Pakistan,11-Jan-22,15-Apr-23,1,active,04-Apr-23,458.76,4,16,Electronics,Moisturizer,Beauty,Male,1835.04,36-45,1042,459,Apr-23,60
ORD5607,CUST1607,57,PROD807,UK,06-Feb-22,01-Oct-22,0,cancelled,18-Jul-24,4.92,8,40,Home,Yoga Mat,Sports,Male,39.36,56+,1238,237,Jul-24,50
ORD5608,CUST1608,56,PROD808,UK,26-Jun-23,17-Jan-24,2,active,15-Sep-24,314.8,4,4,Electronics,Microwave,Home,Female,1259.2,56+,765,205,Sep-24,70
ORD5609,CUST1609,51,PROD809,Pakistan,18-Aug-22,20-May-23,4,paused,27-Jan-23,475.45,4,1,Clothing,Perfume,Beauty,Female,1901.8,46-55,1007,275,Jan-23,100
ORD5610,CUST1610,51,PROD810,Pakistan,17-Sep-20,09-May-22,2,active,30-May-23,224.82,2,28,Sports,Bluetooth Speaker,Electronics,Male,449.64,46-55,1383,599,May-23,70
ORD5611,CUST1611,20,PROD811,USA,17-Aug-21,25-Dec-21,3,active,22-Oct-24,187.96,2,32,Electronics,Shampoo,Beauty,Female,375.92,18-25,1518,130,Oct-24,80
ORD5612,CUST1612,26,PROD812,Germany,17-Jan-22,03-Nov-23,4,active,05-Feb-24,123.54,8,18,Beauty,Jacket,Clothing,Male,988.32,26-35,840,655,Feb-24,80
ORD5613,CUST1613,65,PROD813,India,11-Jul-22,25-Apr-23,1,cancelled,01-Oct-24,384.32,4,13,Clothing,Conditioner,Beauty,Male,1537.28,56+,1032,288,Oct-24,60
ORD5614,CUST1614,53,PROD814,USA,23-Apr-21,30-Mar-24,5,cancelled,30-Jul-25,158.27,4,40,Clothing,Laptop,Electronics,Male,633.08,46-55,692,1072,Jul-25,80
ORD5615,CUST1615,61,PROD815,Pakistan,14-Oct-22,10-Aug-24,4,cancelled,26-May-23,252.11,7,25,Clothing,Face Wash,Beauty,Male,1764.77,56+,559,666,May-23,80
ORD5616,CUST1616,26,PROD816,Germany,27-Dec-22,18-Sep-24,1,active,15-Jun-23,174.23,1,11,Sports,Face Wash,Beauty,Male,174.23,26-35,520,631,Jun-23,60
ORD5617,CUST1617,36,PROD817,USA,08-Sep-22,02-Mar-25,1,active,27-Jun-25,150.89,6,28,Beauty,Blender,Home,Male,905.34,36-45,355,906,Jun-25,60
ORD5618,CUST1618,56,PROD818,USA,04-Aug-21,26-Oct-24,2,cancelled,26-Dec-22,169.91,8,24,Electronics,Smartphone,Electronics,Male,1359.28,56+,482,1179,Dec-22,70
ORD5619,CUST1619,57,PROD819,Pakistan,16-Jun-21,27-Aug-21,2,active,19-Oct-21,94.81,4,33,Clothing,Laptop,Electronics,Male,379.24,56+,1638,72,Oct-21,70
ORD5620,CUST1620,21,PROD820,UK,29-Mar-22,19-Sep-24,4,active,04-Dec-23,168.81,3,37,Home,Moisturizer,Beauty,Female,506.43,18-25,519,905,Dec-23,80
ORD5621,CUST1621,34,PROD821,India,07-Jul-23,30-Jul-23,5,active,20-Jan-25,415.64,1,13,Beauty,Skirt,Clothing,Female,415.64,26-35,936,23,Jan-25,80
ORD5622,CUST1622,23,PROD822,India,25-Jan-22,28-May-22,5,cancelled,23-Aug-23,24.21,5,19,Electronics,Microwave,Home,Female,121.05,18-25,1364,123,Aug-23,80
ORD5623,CUST1623,66,PROD823,USA,06-Mar-22,08-Mar-23,2,cancelled,23-Jul-22,132.42,8,14,Home,Gaming Console,Electronics,Male,1059.36,56+,1080,367,Jul-22,70
ORD5624,CUST1624,50,PROD824,USA,07-Jan-21,28-Apr-23,1,cancelled,25-Jan-25,177.1,5,49,Clothing,Face Wash,Beauty,Male,885.5,46-55,1029,841,Jan-25,60
ORD5625,CUST1625,64,PROD825,UK,17-Oct-20,06-Jan-21,2,active,07-Apr-22,239.59,7,35,Electronics,Basketball,Sports,Female,1677.13,56+,1871,81,Apr-22,70
ORD5626,CUST1626,36,PROD826,India,21-Dec-21,29-Mar-25,3,cancelled,19-Mar-24,165.39,5,28,Clothing,Smartphone,Electronics,Female,826.95,36-45,328,1194,Mar-24,80
ORD5627,CUST1627,62,PROD827,Pakistan,23-Aug-21,07-Oct-23,1,paused,30-Aug-22,445.44,2,28,Beauty,Cricket Bat,Sports,Female,890.88,56+,867,775,Aug-22,80
ORD5628,CUST1628,46,PROD828,Germany,22-Sep-21,23-Apr-24,5,cancelled,18-Dec-24,562.29,3,30,Home,Tennis Racket,Sports,Female,1686.87,46-55,668,944,Dec-24,80
ORD5629,CUST1629,43,PROD829,India,08-Jan-22,17-Oct-24,0,cancelled,29-Dec-24,108.56,8,10,Clothing,Chair,Home,Female,868.48,36-45,491,1013,Dec-24,50
ORD5630,CUST1630,67,PROD830,Germany,03-Feb-21,06-May-24,1,paused,16-Dec-22,908.4,2,46,Clothing,Skirt,Clothing,Male,1816.8,56+,655,1188,Dec-22,80
ORD5631,CUST1631,57,PROD831,Canada,07-Jan-22,29-Jun-24,5,active,12-Aug-25,1904.04,1,6,Beauty,Smartphone,Electronics,Female,1904.04,56+,601,904,Aug-25,80
ORD5632,CUST1632,46,PROD832,Pakistan,01-Nov-21,26-Jan-24,1,active,22-Jun-23,313.25,6,42,Electronics,Running Shoes,Sports,Male,1879.5,46-55,756,816,Jun-23,60
ORD5633,CUST1633,65,PROD833,Canada,12-Aug-23,13-Jan-24,0,paused,22-Oct-24,174.86,8,37,Clothing,Dining Table,Home,Male,1398.88,56+,769,154,Oct-24,70
ORD5634,CUST1634,39,PROD834,Canada,13-Nov-21,31-Aug-22,5,active,04-Feb-25,207.22,8,18,Clothing,Cricket Bat,Sports,Male,1657.76,36-45,1269,291,Feb-25,80
ORD5635,CUST1635,57,PROD835,India,16-Jun-21,27-Jul-25,0,active,06-Sep-21,232.51,4,40,Home,Sofa,Home,Female,930.04,56+,208,1502,Sep-21,50
ORD5636,CUST1636,55,PROD836,Germany,02-Jan-22,19-Jul-23,0,active,04-Feb-25,67.19,9,25,Sports,Lamp,Home,Female,604.71,46-55,947,563,Feb-25,50
ORD5637,CUST1637,37,PROD837,UK,19-Jun-21,15-Jul-25,0,active,16-Mar-25,111.88,6,39,Electronics,Lipstick,Beauty,Male,671.28,36-45,220,1487,Mar-25,50
ORD5638,CUST1638,58,PROD838,UK,27-Jul-21,07-Aug-25,3,paused,20-May-22,924.05,1,1,Beauty,Running Shoes,Sports,Female,924.05,56+,197,1472,May-22,100
ORD5639,CUST1639,40,PROD839,Pakistan,23-Jan-21,30-Sep-21,3,active,26-Mar-23,85.08,6,6,Clothing,Basketball,Sports,Female,510.48,36-45,1604,250,Mar-23,80
ORD5640,CUST1640,69,PROD840,India,21-Jan-21,22-Jun-25,5,cancelled,28-Aug-24,179.5,8,33,Beauty,Smartwatch,Electronics,Female,1436,56+,243,1613,Aug-24,80
ORD5641,CUST1641,41,PROD841,Germany,04-Jul-21,23-Sep-22,4,paused,22-Aug-23,73.15,4,49,Home,Shirt,Clothing,Male,292.6,36-45,1246,446,Aug-23,100
ORD5642,CUST1642,64,PROD842,Pakistan,11-Sep-22,10-Jul-25,0,active,11-Jan-25,180.64,6,38,Home,Shirt,Clothing,Male,1083.84,56+,225,1033,Jan-25,50
ORD5643,CUST1643,46,PROD843,UK,31-Aug-22,10-Sep-23,0,active,22-Jan-23,160.41,8,10,Beauty,Conditioner,Beauty,Male,1283.28,46-55,894,375,Jan-23,50
ORD5644,CUST1644,21,PROD844,Germany,05-Jul-21,09-Dec-24,0,active,05-Jul-21,110.39,9,28,Sports,Conditioner,Beauty,Female,993.51,18-25,438,1253,Jul-21,50
ORD5645,CUST1645,32,PROD845,Pakistan,29-Nov-21,28-Jul-25,2,active,05-Aug-24,202.22,6,46,Clothing,Hoodie,Clothing,Female,1213.32,26-35,207,1337,Aug-24,70
ORD5646,CUST1646,19,PROD846,Pakistan,04-Sep-22,21-Nov-23,4,active,04-Jun-24,147.21,8,13,Home,Microwave,Home,Male,1177.68,18-25,822,443,Jun-24,80
ORD5647,CUST1647,52,PROD847,UK,24-Jun-21,09-Jul-25,3,paused,22-Sep-21,211.08,2,16,Home,Running Shoes,Sports,Female,422.16,46-55,226,1476,Sep-21,100
ORD5648,CUST1648,24,PROD848,USA,10-Aug-21,19-Jul-23,0,paused,15-Sep-24,57.73,8,25,Clothing,Face Wash,Beauty,Male,461.84,18-25,947,708,Sep-24,70
ORD5649,CUST1649,66,PROD849,USA,27-Dec-20,30-Sep-23,2,cancelled,24-Dec-22,786.08,2,19,Sports,Jeans,Clothing,Female,1572.16,56+,874,1007,Dec-22,70
ORD5650,CUST1650,43,PROD850,USA,26-Jun-21,29-Oct-23,4,active,18-May-22,77.67,8,37,Beauty,Shampoo,Beauty,Female,621.36,36-45,845,855,May-22,80
ORD5651,CUST1651,25,PROD851,UK,15-Apr-22,13-Sep-22,5,active,10-Nov-23,85.4,3,49,Sports,Jeans,Clothing,Male,256.2,18-25,1256,151,Nov-23,80
ORD5652,CUST1652,59,PROD852,USA,24-Feb-23,11-Jul-24,1,active,05-May-25,1165.65,1,28,Home,Dumbbells,Sports,Male,1165.65,56+,589,503,May-25,60
ORD5653,CUST1653,47,PROD853,UK,28-Aug-21,14-Dec-21,4,active,26-Nov-21,49.06,7,20,Clothing,Face Wash,Beauty,Male,343.42,46-55,1529,108,Nov-21,80
ORD5654,CUST1654,46,PROD854,Canada,27-Jan-23,14-Jul-24,4,active,21-Sep-23,164.98,3,21,Beauty,Basketball,Sports,Female,494.94,46-55,586,534,Sep-23,80
ORD5655,CUST1655,56,PROD855,Canada,12-Jul-23,19-Mar-24,3,cancelled,11-Feb-24,286.43,3,16,Electronics,Vacuum Cleaner,Home,Male,859.29,56+,703,251,Feb-24,80
ORD5656,CUST1656,36,PROD856,Pakistan,29-Oct-20,25-May-23,1,active,22-Apr-23,83.74,4,34,Sports,Chair,Home,Female,334.96,36-45,1002,938,Apr-23,60
ORD5657,CUST1657,31,PROD857,Canada,09-Jan-23,19-Jan-25,0,active,03-Nov-24,196.16,5,47,Clothing,Dumbbells,Sports,Female,980.8,26-35,397,741,Nov-24,50
ORD5658,CUST1658,39,PROD858,India,24-Mar-23,16-Aug-23,0,active,11-Aug-25,694.93,2,22,Clothing,Perfume,Beauty,Female,1389.86,36-45,919,145,Aug-25,50
ORD5659,CUST1659,56,PROD859,Canada,29-Sep-20,20-Jan-25,4,active,06-Jul-21,467.28,2,34,Sports,Face Wash,Beauty,Female,934.56,56+,396,1574,Jul-21,80
ORD5660,CUST1660,60,PROD860,Pakistan,08-Jan-23,15-Nov-24,2,active,18-Apr-23,146.17,9,18,Electronics,Sneakers,Clothing,Male,1315.53,56+,462,677,Apr-23,70
ORD5661,CUST1661,32,PROD861,UK,27-May-21,08-Jun-22,3,active,18-Jun-24,41.76,7,41,Home,Smartwatch,Electronics,Female,292.32,26-35,1353,377,Jun-24,80
ORD5662,CUST1662,57,PROD862,UK,17-Oct-20,16-Feb-25,4,paused,07-Jan-23,111.45,8,39,Clothing,Microwave,Home,Female,891.6,56+,369,1583,Jan-23,100
ORD5663,CUST1663,40,PROD863,Canada,23-Aug-20,21-Mar-25,1,active,15-May-22,835.56,2,10,Beauty,Chair,Home,Female,1671.12,36-45,336,1671,May-22,60
ORD5664,CUST1664,21,PROD864,India,10-Apr-23,23-Mar-25,2,paused,22-Aug-23,660.78,3,8,Electronics,Smartphone,Electronics,Female,1982.34,18-25,334,713,Aug-23,90
ORD5665,CUST1665,42,PROD865,Germany,06-Apr-22,09-Sep-23,1,active,30-Oct-22,150.11,6,49,Sports,Jeans,Clothing,Female,900.66,36-45,895,521,Oct-22,60
ORD5666,CUST1666,20,PROD866,Germany,12-Jun-23,31-May-24,0,cancelled,24-Nov-24,283.26,2,49,Sports,Smartphone,Electronics,Male,566.52,18-25,630,354,Nov-24,50
ORD5667,CUST1667,32,PROD867,Canada,06-Jan-23,24-Jun-23,0,active,29-Jul-23,986.68,1,29,Clothing,Lipstick,Beauty,Male,986.68,26-35,972,169,Jul-23,50
ORD5668,CUST1668,32,PROD868,UK,18-Apr-22,24-May-24,2,cancelled,27-Jul-24,169.24,6,7,Home,Yoga Mat,Sports,Female,1015.44,26-35,637,767,Jul-24,70
ORD5669,CUST1669,50,PROD869,Germany,15-Dec-20,13-Jul-25,4,cancelled,20-Nov-21,192.21,9,10,Sports,Shirt,Clothing,Male,1729.89,46-55,222,1671,Nov-21,80
ORD5670,CUST1670,30,PROD870,UK,23-Sep-22,11-Jul-23,3,active,19-Nov-24,27.97,9,14,Electronics,Perfume,Beauty,Male,251.73,26-35,955,291,Nov-24,80
ORD5671,CUST1671,53,PROD871,Pakistan,06-Dec-22,03-Mar-23,4,cancelled,21-Mar-25,170.74,6,39,Sports,Tennis Racket,Sports,Female,1024.44,46-55,1085,87,Mar-25,80
ORD5672,CUST1672,56,PROD872,Pakistan,19-Aug-22,18-Feb-23,1,cancelled,20-Dec-23,124.97,5,21,Electronics,Vacuum Cleaner,Home,Female,624.85,56+,1098,183,Dec-23,60
ORD5673,CUST1673,48,PROD873,Pakistan,03-Dec-21,06-Jul-22,2,paused,18-May-24,78.19,7,30,Clothing,Perfume,Beauty,Female,547.33,46-55,1325,215,May-24,90
ORD5674,CUST1674,25,PROD874,USA,21-Feb-23,31-Jan-25,5,active,25-Jun-23,301.07,5,10,Electronics,Sofa,Home,Male,1505.35,18-25,385,710,Jun-23,80
ORD5675,CUST1675,42,PROD875,USA,04-Oct-22,04-Sep-23,4,paused,29-Aug-24,51.81,5,31,Electronics,Gaming Console,Electronics,Male,259.05,36-45,900,335,Aug-24,100
ORD5676,CUST1676,28,PROD876,India,05-Oct-22,18-Mar-23,0,cancelled,11-Jun-25,817.55,2,1,Sports,Conditioner,Beauty,Female,1635.1,26-35,1070,164,Jun-25,50
ORD5677,CUST1677,20,PROD877,USA,23-Jul-23,11-Apr-25,2,cancelled,28-Apr-24,470.4,2,19,Beauty,Tablet,Electronics,Male,940.8,18-25,315,628,Apr-24,70
ORD5678,CUST1678,52,PROD878,Canada,02-Jun-23,18-May-24,2,paused,04-Jan-25,244.14,6,10,Home,Refrigerator,Home,Female,1464.84,46-55,643,351,Jan-25,90
ORD5679,CUST1679,66,PROD879,Pakistan,26-Jun-21,17-Sep-21,2,active,19-Sep-23,95.2,3,6,Beauty,Gaming Console,Electronics,Female,285.6,56+,1617,83,Sep-23,70
ORD5680,CUST1680,57,PROD880,Canada,23-May-23,18-Feb-25,2,active,13-Jul-24,670.66,2,24,Sports,Tennis Racket,Sports,Male,1341.32,56+,367,637,Jul-24,70
ORD5681,CUST1681,40,PROD881,India,28-Jun-22,17-Jan-24,3,active,31-Mar-23,213.06,1,13,Home,Lipstick,Beauty,Male,213.06,36-45,765,568,Mar-23,80
ORD5682,CUST1682,39,PROD882,India,03-Mar-21,17-Oct-22,5,active,08-Mar-22,36.45,8,48,Home,Blender,Home,Female,291.6,36-45,1222,593,Mar-22,80
ORD5683,CUST1683,63,PROD883,India,11-Oct-20,15-Jul-24,4,active,04-May-25,3.53,7,15,Home,Conditioner,Beauty,Male,24.71,56+,585,1373,May-25,80
ORD5684,CUST1684,40,PROD884,India,13-Apr-22,04-Mar-25,1,active,11-Jun-25,1951.85,1,24,Home,Conditioner,Beauty,Male,1951.85,36-45,353,1056,Jun-25,60
ORD5685,CUST1685,64,PROD885,USA,09-Mar-22,25-Jan-23,3,active,25-Apr-25,12.39,6,1,Electronics,Dress,Clothing,Female,74.34,56+,1122,322,Apr-25,80
ORD5686,CUST1686,39,PROD886,Pakistan,06-Jan-21,26-Mar-21,1,paused,02-Sep-24,28.48,3,15,Electronics,Blender,Home,Female,85.44,36-45,1792,79,Sep-24,80
ORD5687,CUST1687,48,PROD887,Canada,15-Mar-22,25-Aug-24,0,active,04-Aug-22,853.97,2,14,Beauty,Dumbbells,Sports,Male,1707.94,46-55,544,894,Aug-22,50
ORD5688,CUST1688,34,PROD888,USA,24-Oct-20,23-Nov-24,4,active,12-Jul-23,149.49,4,33,Beauty,Tablet,Electronics,Male,597.96,26-35,454,1491,Jul-23,80
ORD5689,CUST1689,42,PROD889,USA,05-Jul-21,30-Dec-21,3,cancelled,27-Feb-25,46.66,3,24,Beauty,Running Shoes,Sports,Male,139.98,36-45,1513,178,Feb-25,80
ORD5690,CUST1690,43,PROD890,UK,18-May-23,09-Nov-23,4,paused,12-Mar-25,130.19,9,44,Sports,Lipstick,Beauty,Male,1171.71,36-45,834,175,Mar-25,100
ORD5691,CUST1691,24,PROD891,USA,16-Apr-21,02-Jul-24,1,active,13-Jun-22,528.2,3,11,Home,Tablet,Electronics,Female,1584.6,18-25,598,1173,Jun-22,60
ORD5692,CUST1692,35,PROD892,USA,25-May-21,30-Mar-23,0,active,26-Dec-24,189.18,7,19,Electronics,Tablet,Electronics,Male,1324.26,26-35,1058,674,Dec-24,50
ORD5693,CUST1693,51,PROD893,India,10-Feb-22,17-Jan-24,4,active,18-Nov-22,45.62,6,38,Beauty,Refrigerator,Home,Female,273.72,46-55,765,706,Nov-22,80
ORD5694,CUST1694,65,PROD894,Canada,13-May-21,19-Apr-24,4,cancelled,10-Jan-23,86.53,5,30,Clothing,Camera,Electronics,Male,432.65,56+,672,1072,Jan-23,80
ORD5695,CUST1695,39,PROD895,Pakistan,16-Feb-23,05-Sep-24,4,cancelled,08-Sep-23,19.37,9,22,Electronics,Dress,Clothing,Female,174.33,36-45,533,567,Sep-23,80
ORD5696,CUST1696,65,PROD896,Canada,29-Sep-21,27-Nov-22,5,cancelled,03-Oct-23,356.89,3,11,Clothing,Headphones,Electronics,Male,1070.67,56+,1181,424,Oct-23,80
ORD5697,CUST1697,47,PROD897,UK,04-Sep-20,11-Aug-21,4,active,27-Mar-25,219.58,9,14,Electronics,Basketball,Sports,Female,1976.22,46-55,1654,341,Mar-25,80
ORD5698,CUST1698,31,PROD898,UK,26-Dec-21,19-Jul-25,4,active,26-Dec-24,1371.02,1,3,Beauty,Chair,Home,Male,1371.02,26-35,216,1301,Dec-24,80
ORD5699,CUST1699,18,PROD899,Canada,25-Sep-21,29-Aug-22,4,paused,13-Apr-25,29.54,7,4,Sports,Running Shoes,Sports,Male,206.78,18-25,1271,338,Apr-25,100
ORD5700,CUST1700,55,PROD900,Canada,05-Jan-22,15-Jul-24,4,paused,30-Jun-23,155.45,4,15,Sports,Conditioner,Beauty,Male,621.8,46-55,585,922,Jun-23,100
ORD5701,CUST1701,29,PROD901,Canada,29-Jan-23,04-Sep-23,5,paused,18-Feb-23,25.49,5,21,Clothing,Headphones,Electronics,Female,127.45,26-35,900,218,Feb-23,100
ORD5702,CUST1702,69,PROD902,Pakistan,20-Jul-23,07-Aug-25,5,active,02-Jul-24,18.68,7,24,Home,Cricket Bat,Sports,Female,130.76,56+,197,749,Jul-24,80
ORD5703,CUST1703,65,PROD903,Canada,20-Nov-21,16-Mar-24,5,active,25-Apr-22,1143.02,1,32,Clothing,Gaming Console,Electronics,Female,1143.02,56+,706,847,Apr-22,80
ORD5704,CUST1704,56,PROD904,UK,01-Jul-23,12-Mar-24,3,paused,23-Nov-23,17.62,9,5,Home,Running Shoes,Sports,Female,158.58,56+,710,255,Nov-23,100
ORD5705,CUST1705,31,PROD905,USA,23-Mar-23,16-Dec-24,2,active,13-Dec-24,167.43,7,15,Clothing,Foundation,Beauty,Female,1172.01,26-35,431,634,Dec-24,70
ORD5706,CUST1706,40,PROD906,UK,02-May-23,25-Jun-23,1,active,31-Jul-25,244.85,5,34,Beauty,Football,Sports,Female,1224.25,36-45,971,54,Jul-25,60
ORD5707,CUST1707,44,PROD907,USA,06-May-22,10-Oct-23,1,cancelled,20-Apr-24,73.97,7,46,Sports,Lipstick,Beauty,Female,517.79,36-45,864,522,Apr-24,60
ORD5708,CUST1708,47,PROD908,Canada,25-Jan-23,15-Jun-24,1,active,15-Sep-24,898.76,2,26,Electronics,Skirt,Clothing,Female,1797.52,46-55,615,507,Sep-24,60
ORD5709,CUST1709,51,PROD909,Germany,08-Jan-21,26-Aug-22,3,cancelled,13-May-23,209.36,4,36,Home,Refrigerator,Home,Male,837.44,46-55,1274,595,May-23,80
ORD5710,CUST1710,22,PROD910,UK,16-Feb-22,20-Mar-22,5,active,24-Mar-24,143.04,9,45,Home,Blender,Home,Female,1287.36,18-25,1433,32,Mar-24,80
ORD5711,CUST1711,19,PROD911,Canada,16-Aug-23,27-Feb-25,4,active,28-May-24,164.34,4,47,Electronics,Shirt,Clothing,Male,657.36,18-25,358,561,May-24,80
ORD5712,CUST1712,67,PROD912,Germany,29-Jan-22,25-Jan-23,2,active,30-Jan-23,188.11,7,16,Electronics,Blender,Home,Female,1316.77,56+,1122,361,Jan-23,70
ORD5713,CUST1713,33,PROD913,Canada,12-Aug-22,13-Jan-25,1,cancelled,01-May-24,343.89,5,32,Electronics,Jeans,Clothing,Male,1719.45,26-35,403,885,May-24,60
ORD5714,CUST1714,67,PROD914,Canada,13-May-21,10-Sep-21,1,cancelled,06-Jun-24,291.77,4,41,Home,Perfume,Beauty,Male,1167.08,56+,1624,120,Jun-24,60
ORD5715,CUST1715,67,PROD915,UK,14-Aug-23,14-Jun-25,5,active,05-Aug-25,289.38,5,46,Electronics,Gaming Console,Electronics,Male,1446.9,56+,251,670,Aug-25,80
ORD5716,CUST1716,59,PROD916,USA,05-Apr-22,15-Jul-24,2,active,11-Sep-24,184.92,8,12,Beauty,Dress,Clothing,Male,1479.36,56+,585,832,Sep-24,70
ORD5717,CUST1717,68,PROD917,Pakistan,02-Sep-21,26-Oct-23,1,paused,12-Feb-22,95.6,8,38,Electronics,Cricket Bat,Sports,Female,764.8,56+,848,784,Feb-22,80
ORD5718,CUST1718,46,PROD918,UK,26-Oct-20,16-Jan-22,4,active,25-Jan-24,12.05,7,12,Beauty,Tablet,Electronics,Male,84.35,46-55,1496,447,Jan-24,80
ORD5719,CUST1719,34,PROD919,UK,25-Dec-22,18-May-23,3,cancelled,14-Mar-24,877.48,2,45,Sports,Blender,Home,Female,1754.96,26-35,1009,144,Mar-24,80
ORD5720,CUST1720,36,PROD920,USA,07-Feb-21,20-Aug-24,3,paused,21-Jul-25,129.11,7,49,Home,Chair,Home,Female,903.77,36-45,549,1290,Jul-25,100
ORD5721,CUST1721,18,PROD921,UK,22-Jul-21,15-May-22,1,active,12-Aug-22,699.1,1,29,Home,Chair,Home,Female,699.1,18-25,1377,297,Aug-22,60
ORD5722,CUST1722,19,PROD922,UK,17-Jan-21,05-May-24,3,active,20-Nov-23,10.32,6,4,Home,Bluetooth Speaker,Electronics,Female,61.92,18-25,656,1204,Nov-23,80
ORD5723,CUST1723,28,PROD923,Pakistan,16-Sep-22,02-Aug-25,1,active,08-Jan-23,196.1,9,15,Home,Dress,Clothing,Female,1764.9,26-35,202,1051,Jan-23,60
ORD5724,CUST1724,49,PROD924,UK,07-Feb-23,28-Jan-25,1,active,07-Apr-25,173.64,9,16,Clothing,Smartphone,Electronics,Male,1562.76,46-55,388,721,Apr-25,60
ORD5725,CUST1725,39,PROD925,India,19-Jul-22,26-Dec-24,5,cancelled,01-Feb-24,206.65,5,43,Electronics,Hoodie,Clothing,Female,1033.25,36-45,421,891,Feb-24,80
ORD5726,CUST1726,18,PROD926,Canada,04-Jan-23,21-Mar-23,1,active,13-Nov-23,477.57,1,41,Clothing,Camera,Electronics,Male,477.57,18-25,1067,76,Nov-23,60
ORD5727,CUST1727,53,PROD927,Pakistan,02-Apr-21,22-Nov-22,0,active,23-Feb-24,68.9,6,17,Electronics,Skirt,Clothing,Female,413.4,46-55,1186,599,Feb-24,50
ORD5728,CUST1728,65,PROD928,Germany,11-Mar-23,16-Dec-24,3,active,11-Dec-24,238.83,7,22,Electronics,Foundation,Beauty,Female,1671.81,56+,431,646,Dec-24,80
ORD5729,CUST1729,62,PROD929,India,28-Sep-21,23-May-25,0,paused,14-Nov-21,120.28,5,46,Sports,Dumbbells,Sports,Male,601.4,56+,273,1333,Nov-21,70
ORD5730,CUST1730,51,PROD930,Germany,12-Mar-21,04-Apr-24,0,active,25-Aug-23,880.32,1,30,Home,Smartwatch,Electronics,Male,880.32,46-55,687,1119,Aug-23,50
ORD5731,CUST1731,63,PROD931,Germany,02-Apr-23,30-Jul-24,1,active,20-Sep-23,425.19,1,8,Home,Yoga Mat,Sports,Female,425.19,56+,570,485,Sep-23,60
ORD5732,CUST1732,27,PROD932,Pakistan,31-Mar-23,26-Dec-23,5,active,31-Dec-23,436.81,3,42,Beauty,Jacket,Clothing,Male,1310.43,26-35,787,270,Dec-23,80
ORD5733,CUST1733,50,PROD933,Pakistan,19-Jun-21,24-Apr-23,0,active,01-Oct-24,54.65,3,21,Electronics,Basketball,Sports,Female,163.95,46-55,1033,674,Oct-24,50
ORD5734,CUST1734,51,PROD934,UK,24-Dec-21,07-Apr-24,3,active,30-Sep-22,178.57,6,33,Beauty,Shampoo,Beauty,Male,1071.42,46-55,684,835,Sep-22,80
ORD5735,CUST1735,67,PROD935,Canada,30-Jun-21,12-Apr-25,2,active,23-Jul-24,18.43,9,33,Clothing,Shirt,Clothing,Female,165.87,56+,314,1382,Jul-24,70
ORD5736,CUST1736,41,PROD936,India,27-Sep-20,25-Jul-21,1,cancelled,04-May-24,162.13,8,24,Sports,Perfume,Beauty,Female,1297.04,36-45,1671,301,May-24,60
ORD5737,CUST1737,19,PROD937,Pakistan,09-Nov-21,23-Sep-23,2,active,15-Sep-23,215.86,4,5,Sports,Dining Table,Home,Female,863.44,18-25,881,683,Sep-23,70
ORD5738,CUST1738,68,PROD938,Canada,14-Apr-21,10-Aug-23,2,active,19-Jul-24,448.02,4,4,Sports,Dumbbells,Sports,Male,1792.08,56+,925,848,Jul-24,70
ORD5739,CUST1739,24,PROD939,UK,16-Mar-22,23-Jul-24,1,active,25-Dec-22,202.23,4,29,Beauty,Moisturizer,Beauty,Female,808.92,18-25,577,860,Dec-22,60
ORD5740,CUST1740,67,PROD940,Germany,06-Nov-22,08-Nov-24,1,active,10-Aug-25,412.98,1,22,Beauty,Perfume,Beauty,Male,412.98,56+,469,733,Aug-25,60
ORD5741,CUST1741,45,PROD941,Canada,16-Feb-21,27-Mar-21,4,cancelled,20-Jul-23,187.53,4,22,Home,Dumbbells,Sports,Male,750.12,36-45,1791,39,Jul-23,80
ORD5742,CUST1742,52,PROD942,UK,13-Jul-22,29-Dec-22,1,active,07-Nov-24,140.81,8,5,Home,Bluetooth Speaker,Electronics,Male,1126.48,46-55,1149,169,Nov-24,60
ORD5743,CUST1743,52,PROD943,India,14-Sep-21,17-Oct-24,1,active,31-Mar-25,66.97,7,1,Home,Headphones,Electronics,Other,468.79,46-55,491,1129,Mar-25,60
ORD5744,CUST1744,60,PROD944,UK,15-Oct-21,27-Dec-24,5,active,12-Jan-24,73.09,5,12,Beauty,Microwave,Home,Female,365.45,56+,420,1169,Jan-24,80
ORD5745,CUST1745,49,PROD945,Pakistan,25-Nov-21,13-Jun-23,5,active,18-Oct-22,1326.91,1,3,Clothing,Dining Table,Home,Male,1326.91,46-55,983,565,Oct-22,80
ORD5746,CUST1746,59,PROD946,Canada,21-Apr-21,07-Nov-22,1,active,12-Jul-21,187.35,2,23,Beauty,Foundation,Beauty,Female,374.7,56+,1201,565,Jul-21,60
ORD5747,CUST1747,45,PROD947,UK,13-Jun-21,08-Oct-24,0,active,13-Aug-22,421.14,2,23,Clothing,Shampoo,Beauty,Female,842.28,36-45,500,1213,Aug-22,50
ORD5748,CUST1748,37,PROD948,India,10-Apr-22,28-Mar-25,2,active,18-Jul-22,107.87,9,31,Home,Microwave,Home,Female,970.83,36-45,329,1083,Jul-22,70
ORD5749,CUST1749,38,PROD949,India,03-Dec-20,11-Jun-23,4,active,26-Oct-23,185.96,9,6,Clothing,Chair,Home,Female,1673.64,36-45,985,920,Oct-23,80
ORD5750,CUST1750,44,PROD950,USA,09-Jun-23,08-Mar-25,3,cancelled,29-Sep-24,180.94,7,34,Beauty,Basketball,Sports,Female,1266.58,36-45,349,638,Sep-24,80
ORD5751,CUST1751,26,PROD951,UK,11-May-22,26-Mar-23,2,paused,11-Oct-22,138.8,3,1,Sports,Yoga Mat,Sports,Female,416.4,26-35,1062,319,Oct-22,90
ORD5752,CUST1752,38,PROD952,Pakistan,15-May-23,31-Aug-24,2,cancelled,06-Apr-25,856.16,1,26,Sports,Smartwatch,Electronics,Male,856.16,36-45,538,474,Apr-25,70
ORD5753,CUST1753,24,PROD953,USA,14-Jul-23,08-Feb-25,5,active,09-Jun-24,206.67,9,8,Beauty,Face Wash,Beauty,Male,1860.03,18-25,377,575,Jun-24,80
ORD5754,CUST1754,33,PROD954,India,20-Oct-21,14-Feb-25,2,active,08-Nov-22,175.1,3,19,Beauty,Tablet,Electronics,Male,525.3,26-35,371,1213,Nov-22,70
ORD5755,CUST1755,58,PROD955,Canada,30-Mar-21,26-Mar-23,5,active,12-Jun-24,174.92,5,15,Beauty,Moisturizer,Beauty,Female,874.6,56+,1062,726,Jun-24,80
ORD5756,CUST1756,64,PROD956,USA,05-Apr-21,30-Nov-23,0,cancelled,19-Jan-22,406.39,3,46,Beauty,Smartphone,Electronics,Other,1219.17,56+,813,969,Jan-22,50
ORD5757,CUST1757,53,PROD957,Germany,17-Sep-22,27-Nov-24,3,active,11-Mar-23,190.94,9,43,Sports,Laptop,Electronics,Male,1718.46,46-55,450,802,Mar-23,80
ORD5758,CUST1758,35,PROD958,UK,10-Nov-20,04-Jan-21,3,active,06-May-25,453.96,4,17,Clothing,Smartphone,Electronics,Male,1815.84,26-35,1873,55,May-25,80
ORD5759,CUST1759,45,PROD959,India,27-Jun-21,14-Jun-22,3,active,21-Sep-23,186.85,4,8,Beauty,Football,Sports,Female,747.4,36-45,1347,352,Sep-23,80
ORD5760,CUST1760,41,PROD960,Germany,12-Jul-21,18-Dec-22,3,paused,26-Jul-21,136.28,9,24,Sports,Face Wash,Beauty,Male,1226.52,36-45,1160,524,Jul-21,100
ORD5761,CUST1761,46,PROD961,USA,15-May-21,10-Nov-23,2,cancelled,18-Jun-24,187.92,5,30,Sports,Smartphone,Electronics,Female,939.6,46-55,833,909,Jun-24,70
ORD5762,CUST1762,33,PROD962,Pakistan,20-Aug-21,01-Nov-23,5,active,03-Apr-23,1779.7,1,12,Sports,Face Wash,Beauty,Male,1779.7,26-35,842,803,Apr-23,80
ORD5763,CUST1763,38,PROD963,UK,20-May-22,10-Apr-23,2,active,16-Aug-24,107.63,5,5,Sports,Football,Sports,Female,538.15,36-45,1047,325,Aug-24,70
ORD5764,CUST1764,29,PROD964,India,10-Apr-23,28-Jul-24,0,cancelled,24-Jan-24,312.62,2,21,Home,Vacuum Cleaner,Home,Female,625.24,26-35,572,475,Jan-24,50
ORD5765,CUST1765,38,PROD965,UK,05-Oct-20,04-Dec-24,4,paused,31-Mar-21,296.94,5,36,Beauty,Face Wash,Beauty,Female,1484.7,36-45,443,1521,Mar-21,100
ORD5766,CUST1766,38,PROD966,UK,04-Mar-23,28-Apr-25,4,cancelled,10-Dec-24,604.99,3,5,Clothing,Blender,Home,Male,1814.97,36-45,298,786,Dec-24,80
ORD5767,CUST1767,67,PROD967,UK,13-Apr-23,10-Mar-25,2,active,04-May-24,267.93,5,19,Beauty,Microwave,Home,Female,1339.65,56+,347,697,May-24,70
ORD5768,CUST1768,38,PROD968,India,08-May-23,21-Jul-25,0,cancelled,15-Feb-25,452.36,4,48,Sports,Skirt,Clothing,Male,1809.44,36-45,214,805,Feb-25,50
ORD5769,CUST1769,46,PROD969,Canada,05-Dec-21,17-May-22,1,active,11-Oct-22,890.55,2,24,Clothing,Sneakers,Clothing,Male,1781.1,46-55,1375,163,Oct-22,60
ORD5770,CUST1770,27,PROD970,USA,22-Sep-21,09-Jul-25,4,active,09-May-23,345.88,2,41,Home,Jacket,Clothing,Female,691.76,26-35,226,1386,May-23,80
ORD5771,CUST1771,23,PROD971,Germany,30-Jan-21,04-Oct-23,0,active,17-Aug-22,104.9,9,26,Sports,Moisturizer,Beauty,Male,944.1,18-25,870,977,Aug-22,50
ORD5772,CUST1772,67,PROD972,USA,15-May-23,25-Jan-24,1,active,24-Jul-25,469.38,4,19,Home,Tennis Racket,Sports,Male,1877.52,56+,757,255,Jul-25,60
ORD5773,CUST1773,30,PROD973,UK,31-Mar-22,25-Jan-23,2,active,29-Aug-22,1603.98,1,11,Beauty,Running Shoes,Sports,Female,1603.98,26-35,1122,300,Aug-22,70
ORD5774,CUST1774,50,PROD974,USA,14-Mar-21,08-Jun-21,4,active,02-Nov-23,94.71,9,35,Sports,Chair,Home,Other,852.39,46-55,1718,86,Nov-23,80
ORD5775,CUST1775,47,PROD975,India,27-Dec-20,21-Oct-24,2,active,10-Oct-23,356.64,3,10,Electronics,Sofa,Home,Male,1069.92,46-55,487,1394,Oct-23,70
ORD5776,CUST1776,46,PROD976,Pakistan,07-Jul-22,10-Jan-24,2,cancelled,30-Sep-22,1866.7,1,22,Beauty,Perfume,Beauty,Female,1866.7,46-55,772,552,Sep-22,70
ORD5777,CUST1777,34,PROD977,USA,18-Mar-23,19-Jun-23,0,active,29-Dec-24,163.7,9,14,Clothing,Moisturizer,Beauty,Female,1473.3,26-35,977,93,Dec-24,50
ORD5778,CUST1778,45,PROD978,Pakistan,11-Nov-20,18-Oct-22,4,cancelled,17-Dec-21,155.82,4,12,Sports,Cycling Helmet,Sports,Female,623.28,36-45,1221,706,Dec-21,80
ORD5779,CUST1779,48,PROD979,UK,22-Jul-22,23-Jun-25,0,paused,18-Sep-23,106.1,8,4,Clothing,Refrigerator,Home,Male,848.8,46-55,242,1067,Sep-23,70
ORD5780,CUST1780,22,PROD980,India,26-Dec-21,11-Apr-23,4,active,18-Feb-22,1612.53,1,17,Electronics,Conditioner,Beauty,Female,1612.53,18-25,1046,471,Feb-22,80
ORD5781,CUST1781,25,PROD981,USA,11-Feb-22,25-Apr-22,1,active,03-Dec-22,62.63,9,25,Electronics,Camera,Electronics,Female,563.67,18-25,1397,73,Dec-22,60
ORD5782,CUST1782,57,PROD982,India,06-Jul-23,20-Jun-24,2,active,13-Sep-23,119.67,8,27,Electronics,Laptop,Electronics,Female,957.36,56+,610,350,Sep-23,70
ORD5783,CUST1783,47,PROD983,Pakistan,24-Jul-22,01-Aug-23,1,active,25-Jan-23,521.39,2,45,Electronics,Dumbbells,Sports,Male,1042.78,46-55,934,373,Jan-23,60
ORD5784,CUST1784,50,PROD984,UK,09-Mar-23,02-Nov-24,5,paused,12-Mar-23,206.37,9,8,Clothing,Foundation,Beauty,Female,1857.33,46-55,475,604,Mar-23,100
ORD5785,CUST1785,43,PROD985,India,11-Apr-23,13-Jul-24,1,active,31-Oct-23,415.32,4,17,Sports,Nail Polish,Beauty,Male,1661.28,36-45,587,459,Oct-23,60
ORD5786,CUST1786,31,PROD986,Germany,16-Aug-21,08-Jul-25,5,active,14-Apr-24,591.74,2,27,Clothing,Headphones,Electronics,Male,1183.48,26-35,227,1422,Apr-24,80
ORD5787,CUST1787,47,PROD987,Canada,19-May-22,20-Jul-24,3,cancelled,12-Mar-25,80.74,8,33,Home,Dress,Clothing,Female,645.92,46-55,580,793,Mar-25,80
ORD5788,CUST1788,24,PROD988,Canada,20-Jan-21,28-Jan-23,2,active,21-May-24,306.56,6,3,Sports,Nail Polish,Beauty,Female,1839.36,18-25,1119,738,May-24,70
ORD5789,CUST1789,21,PROD989,Canada,15-Aug-22,06-Mar-25,4,cancelled,19-Oct-22,355.84,5,34,Beauty,Gaming Console,Electronics,Female,1779.2,18-25,351,934,Oct-22,80
ORD5790,CUST1790,61,PROD990,Pakistan,02-Aug-21,24-Apr-23,4,paused,03-Aug-24,1830.76,1,38,Clothing,Refrigerator,Home,Female,1830.76,56+,1033,630,Aug-24,100
ORD5791,CUST1791,30,PROD991,Pakistan,29-Mar-21,11-Dec-23,2,active,29-Aug-22,160.18,7,5,Clothing,Conditioner,Beauty,Male,1121.26,26-35,802,987,Aug-22,70
ORD5792,CUST1792,40,PROD992,India,16-Mar-23,16-Feb-24,0,active,08-Nov-23,617.63,3,24,Beauty,Face Wash,Beauty,Female,1852.89,36-45,735,337,Nov-23,50
ORD5793,CUST1793,50,PROD993,India,21-Sep-21,15-Mar-22,2,cancelled,19-Mar-23,535.52,3,1,Electronics,Football,Sports,Female,1606.56,46-55,1438,175,Mar-23,70
ORD5794,CUST1794,67,PROD994,India,15-Oct-20,10-Aug-25,2,cancelled,29-May-21,182.19,5,19,Home,Sneakers,Clothing,Male,910.95,56+,194,1760,May-21,70
ORD5795,CUST1795,46,PROD995,UK,04-Mar-23,03-May-24,2,active,14-Nov-24,93.02,4,41,Home,Refrigerator,Home,Female,372.08,46-55,658,426,Nov-24,70
ORD5796,CUST1796,20,PROD996,Canada,22-Jan-22,05-Jun-23,1,active,29-Nov-22,166,8,39,Beauty,Dining Table,Home,Male,1328,18-25,991,499,Nov-22,60
ORD5797,CUST1797,54,PROD997,India,15-Feb-21,09-Sep-22,0,active,31-Dec-22,70.69,6,38,Sports,Sofa,Home,Female,424.14,46-55,1260,571,Dec-22,50
ORD5798,CUST1798,42,PROD998,UK,08-Feb-21,17-Jan-25,1,cancelled,16-Dec-24,389.13,4,38,Sports,Running Shoes,Sports,Female,1556.52,36-45,399,1439,Dec-24,60
ORD5799,CUST1799,49,PROD999,Germany,26-Jul-22,06-Apr-23,3,active,18-Sep-23,775.47,1,36,Home,Yoga Mat,Sports,Male,775.47,46-55,1051,254,Sep-23,80
ORD5800,CUST1800,46,PROD1000,UK,30-Apr-22,09-May-24,2,active,13-Jan-23,275.37,6,30,Sports,Smartphone,Electronics,Female,1652.22,46-55,652,740,Jan-23,70
ORD5801,CUST1801,24,PROD1001,UK,20-Apr-21,15-Oct-24,2,active,21-Oct-23,70.36,8,45,Home,Shirt,Clothing,Female,562.88,18-25,493,1274,Oct-23,70
ORD5802,CUST1802,19,PROD1002,UK,15-Nov-22,15-Jul-25,1,active,24-May-23,584.12,2,38,Clothing,Nail Polish,Beauty,Male,1168.24,18-25,220,973,May-23,60
ORD5803,CUST1803,65,PROD1003,Canada,03-Apr-21,12-Aug-24,1,cancelled,30-Jan-22,275.07,7,25,Sports,Moisturizer,Beauty,Male,1925.49,56+,557,1227,Jan-22,60
ORD5804,CUST1804,19,PROD1004,USA,20-Nov-21,13-May-23,3,active,02-Jul-22,228.54,6,18,Beauty,Blender,Home,Male,1371.24,18-25,1014,539,Jul-22,80
ORD5805,CUST1805,42,PROD1005,Germany,12-Jan-23,13-Feb-24,2,cancelled,03-Oct-24,206.83,6,3,Home,Chair,Home,Female,1240.98,36-45,738,397,Oct-24,70
ORD5806,CUST1806,30,PROD1006,Pakistan,15-Sep-22,26-Oct-22,1,active,13-Jul-23,164.25,3,8,Sports,Shampoo,Beauty,Male,492.75,26-35,1213,41,Jul-23,60
ORD5807,CUST1807,54,PROD1007,India,24-Apr-23,15-May-24,5,paused,03-Jul-25,59.56,9,15,Sports,Dumbbells,Sports,Female,536.04,46-55,646,387,Jul-25,100
ORD5808,CUST1808,68,PROD1008,Germany,18-Jun-21,28-Apr-23,0,active,11-Sep-21,321.07,6,37,Clothing,Football,Sports,Male,1926.42,56+,1029,679,Sep-21,50
ORD5809,CUST1809,39,PROD1009,India,08-Jul-21,15-Jul-23,5,cancelled,10-Jul-23,1727.6,1,38,Electronics,Smartphone,Electronics,Male,1727.6,36-45,951,737,Jul-23,80
ORD5810,CUST1810,39,PROD1010,UK,24-Sep-21,23-Apr-24,5,active,22-Sep-22,636.4,1,38,Clothing,Perfume,Beauty,Male,636.4,36-45,668,942,Sep-22,80
ORD5811,CUST1811,19,PROD1011,USA,18-Nov-22,04-Apr-23,1,active,28-Apr-24,3.22,8,29,Beauty,Shirt,Clothing,Male,25.76,18-25,1053,137,Apr-24,60
ORD5812,CUST1812,31,PROD1012,India,09-Jun-21,04-Aug-22,3,paused,05-May-22,412.53,3,15,Sports,Dining Table,Home,Male,1237.59,26-35,1296,421,May-22,100
ORD5813,CUST1813,36,PROD1013,Germany,06-Feb-23,15-Feb-23,0,active,16-Dec-23,6.28,6,23,Home,Jacket,Clothing,Female,37.68,36-45,1101,9,Dec-23,50
ORD5814,CUST1814,48,PROD1014,USA,13-Sep-20,11-Jul-23,4,active,29-Oct-22,220.15,4,11,Sports,Lipstick,Beauty,Female,880.6,46-55,955,1031,Oct-22,80
ORD5815,CUST1815,32,PROD1015,India,20-Apr-22,19-Dec-22,1,active,21-Jun-24,386.61,3,13,Beauty,Shirt,Clothing,Male,1159.83,26-35,1159,243,Jun-24,60
ORD5816,CUST1816,66,PROD1016,UK,04-Dec-22,16-Jul-24,1,active,09-Jan-25,133.37,8,33,Clothing,Jacket,Clothing,Male,1066.96,56+,584,590,Jan-25,60
ORD5817,CUST1817,46,PROD1017,Germany,11-Jun-22,21-Feb-24,4,paused,02-May-23,159.66,8,27,Beauty,Smartwatch,Electronics,Female,1277.28,46-55,730,620,May-23,100
ORD5818,CUST1818,47,PROD1018,Germany,26-Mar-21,23-Nov-24,1,paused,08-Mar-23,777.63,2,5,Clothing,Moisturizer,Beauty,Male,1555.26,46-55,454,1338,Mar-23,80
ORD5819,CUST1819,65,PROD1019,Canada,20-May-23,14-May-25,0,active,23-Jul-23,160.33,8,49,Electronics,Tennis Racket,Sports,Female,1282.64,56+,282,725,Jul-23,50
ORD5820,CUST1820,36,PROD1020,USA,22-Feb-21,21-Apr-23,3,cancelled,29-Jul-21,281.82,6,38,Electronics,Lipstick,Beauty,Female,1690.92,36-45,1036,788,Jul-21,80
ORD5821,CUST1821,54,PROD1021,Canada,05-Oct-21,11-Jul-23,2,active,06-May-22,32.79,5,8,Sports,Foundation,Beauty,Male,163.95,46-55,955,644,May-22,70
ORD5822,CUST1822,67,PROD1022,USA,17-Dec-22,11-Sep-23,0,active,10-Oct-24,64.02,9,49,Beauty,Shampoo,Beauty,Male,576.18,56+,893,268,Oct-24,50
ORD5823,CUST1823,65,PROD1023,Canada,04-Nov-21,16-Feb-25,5,active,08-Apr-22,219.25,6,7,Clothing,Vacuum Cleaner,Home,Female,1315.5,56+,369,1200,Apr-22,80
ORD5824,CUST1824,36,PROD1024,Germany,03-Oct-22,29-Jul-25,3,cancelled,30-Jul-25,240.97,3,12,Home,Headphones,Electronics,Female,722.91,36-45,206,1030,Jul-25,80
ORD5825,CUST1825,59,PROD1025,Germany,17-Nov-22,10-Apr-23,0,cancelled,06-Aug-24,109.65,8,33,Sports,Lipstick,Beauty,Other,877.2,56+,1047,144,Aug-24,50
ORD5826,CUST1826,63,PROD1026,UK,05-Aug-22,11-Jan-23,5,paused,12-Feb-25,147.48,4,33,Electronics,Tablet,Electronics,Female,589.92,56+,1136,159,Feb-25,100
ORD5827,CUST1827,29,PROD1027,Germany,26-May-22,19-Feb-23,0,cancelled,19-May-25,285.81,4,22,Sports,Shampoo,Beauty,Female,1143.24,26-35,1097,269,May-25,50
ORD5828,CUST1828,46,PROD1028,UK,08-Aug-21,29-Jan-22,4,paused,05-Mar-25,247.44,2,4,Electronics,Shirt,Clothing,Male,494.88,46-55,1483,174,Mar-25,100
ORD5829,CUST1829,61,PROD1029,Pakistan,04-Nov-20,30-May-24,4,active,28-Feb-25,392.68,5,24,Sports,Dumbbells,Sports,Male,1963.4,56+,631,1303,Feb-25,80
ORD5830,CUST1830,21,PROD1030,USA,09-Dec-21,25-Oct-23,1,paused,12-Mar-22,571.02,2,47,Beauty,Smartwatch,Electronics,Female,1142.04,18-25,849,685,Mar-22,80
ORD5831,CUST1831,67,PROD1031,Germany,21-Apr-22,22-Dec-23,0,active,02-Jan-24,193.46,9,1,Beauty,Conditioner,Beauty,Female,1741.14,56+,791,610,Jan-24,50
ORD5832,CUST1832,60,PROD1032,Canada,26-Jan-22,09-Mar-25,0,cancelled,18-Oct-23,212.68,9,10,Beauty,Chair,Home,Female,1914.12,56+,348,1138,Oct-23,50
ORD5833,CUST1833,26,PROD1033,India,18-Apr-22,26-Apr-24,5,active,17-Sep-24,630.94,3,26,Beauty,Hoodie,Clothing,Male,1892.82,26-35,665,739,Sep-24,80
ORD5834,CUST1834,47,PROD1034,Pakistan,07-Oct-20,14-Jun-24,1,paused,16-Sep-21,1649.05,1,18,Beauty,Dumbbells,Sports,Male,1649.05,46-55,616,1346,Sep-21,80
ORD5835,CUST1835,67,PROD1035,UK,15-Sep-22,23-Feb-23,5,active,16-Jan-23,235.74,7,4,Beauty,Vacuum Cleaner,Home,Female,1650.18,56+,1093,161,Jan-23,80
ORD5836,CUST1836,57,PROD1036,India,29-Mar-22,26-Jun-23,0,cancelled,18-Feb-23,280.06,2,36,Home,Yoga Mat,Sports,Other,560.12,56+,970,454,Feb-23,50
ORD5837,CUST1837,61,PROD1037,Canada,03-Oct-21,22-Aug-24,3,paused,08-Feb-25,407.36,2,7,Home,Chair,Home,Other,814.72,56+,547,1054,Feb-25,100
ORD5838,CUST1838,49,PROD1038,India,01-May-21,24-Jul-22,0,cancelled,25-Mar-25,15.74,6,38,Beauty,Football,Sports,Male,94.44,46-55,1307,449,Mar-25,50
ORD5839,CUST1839,36,PROD1039,Pakistan,30-Aug-21,08-Jul-24,5,cancelled,16-May-22,192.7,6,6,Electronics,Gaming Console,Electronics,Female,1156.2,36-45,592,1043,May-22,80
ORD5840,CUST1840,27,PROD1040,Germany,20-Apr-21,28-Dec-21,3,active,08-Jun-23,69.18,5,36,Beauty,Chair,Home,Female,345.9,26-35,1515,252,Jun-23,80
ORD5841,CUST1841,42,PROD1041,Germany,17-Jan-23,22-Jul-23,5,cancelled,24-Sep-24,579.37,3,40,Sports,Skirt,Clothing,Male,1738.11,36-45,944,186,Sep-24,80
ORD5842,CUST1842,32,PROD1042,India,28-Sep-21,10-Mar-22,1,paused,02-May-23,394.58,3,39,Beauty,Yoga Mat,Sports,Female,1183.74,26-35,1443,163,May-23,80
ORD5843,CUST1843,62,PROD1043,Canada,31-Aug-20,09-Jun-25,0,active,18-Sep-20,225.37,5,38,Beauty,Skirt,Clothing,Female,1126.85,56+,256,1743,Sep-20,50
ORD5844,CUST1844,29,PROD1044,UK,06-Jun-23,05-May-25,2,cancelled,20-Jun-24,134.1,3,34,Beauty,Jeans,Clothing,Other,402.3,26-35,291,699,Jun-24,70
ORD5845,CUST1845,60,PROD1045,Canada,18-Jan-23,18-Apr-24,2,cancelled,06-Sep-24,271.53,5,45,Beauty,Vacuum Cleaner,Home,Female,1357.65,56+,673,456,Sep-24,70
ORD5846,CUST1846,53,PROD1046,India,18-Jan-23,05-Feb-25,3,cancelled,29-Mar-25,185.23,4,5,Beauty,Bluetooth Speaker,Electronics,Female,740.92,46-55,380,749,Mar-25,80
ORD5847,CUST1847,28,PROD1047,Germany,24-Jul-21,11-Sep-21,1,active,24-Feb-24,659.34,3,1,Beauty,Tablet,Electronics,Male,1978.02,26-35,1623,49,Feb-24,60
ORD5848,CUST1848,69,PROD1048,Germany,26-Dec-21,22-Aug-23,4,cancelled,17-Oct-24,115.48,2,35,Beauty,Cricket Bat,Sports,Female,230.96,56+,913,604,Oct-24,80
ORD5849,CUST1849,23,PROD1049,Germany,01-Apr-21,23-Nov-24,0,active,17-Jun-25,216.91,4,41,Beauty,Sneakers,Clothing,Male,867.64,18-25,454,1332,Jun-25,50
ORD5850,CUST1850,55,PROD1050,Germany,26-Mar-21,28-Mar-24,1,active,27-Mar-21,565.54,2,15,Sports,Shirt,Clothing,Male,1131.08,46-55,694,1098,Mar-21,60
ORD5851,CUST1851,38,PROD1051,Germany,21-Apr-23,06-Feb-25,2,cancelled,09-Dec-23,1146.75,1,31,Sports,Tennis Racket,Sports,Female,1146.75,36-45,379,657,Dec-23,70
ORD5852,CUST1852,21,PROD1052,India,02-Jun-21,22-Jul-24,4,paused,03-Aug-21,308.27,6,29,Home,Sneakers,Clothing,Male,1849.62,18-25,578,1146,Aug-21,100
ORD5853,CUST1853,57,PROD1053,USA,04-Dec-21,30-Jul-25,0,active,30-Apr-24,35.94,6,47,Home,Football,Sports,Male,215.64,56+,205,1334,Apr-24,50
ORD5854,CUST1854,42,PROD1054,Canada,30-Jan-22,29-May-24,4,active,12-Aug-22,59.83,7,40,Electronics,Tennis Racket,Sports,Female,418.81,36-45,632,850,Aug-22,80
ORD5855,CUST1855,49,PROD1055,USA,03-Jun-23,06-Apr-25,0,active,05-Sep-24,71.23,5,28,Sports,Perfume,Beauty,Female,356.15,46-55,320,673,Sep-24,50
ORD5856,CUST1856,57,PROD1056,Germany,12-Jun-23,01-Jul-23,3,active,05-Sep-24,57.8,9,37,Home,Refrigerator,Home,Female,520.2,56+,965,19,Sep-24,80
ORD5857,CUST1857,66,PROD1057,USA,30-Mar-23,08-May-23,3,active,23-Dec-23,168.42,8,36,Sports,Cycling Helmet,Sports,Female,1347.36,56+,1019,39,Dec-23,80
ORD5858,CUST1858,59,PROD1058,USA,08-May-23,15-Dec-24,3,active,18-Jan-24,459.91,4,20,Sports,Shirt,Clothing,Male,1839.64,56+,432,587,Jan-24,80
ORD5859,CUST1859,19,PROD1059,India,17-Aug-21,18-Apr-22,3,active,18-Feb-25,553.7,3,34,Clothing,Lamp,Home,Male,1661.1,18-25,1404,244,Feb-25,80
ORD5860,CUST1860,35,PROD1060,Germany,03-Feb-22,11-Jun-23,1,paused,06-Aug-23,109.72,9,46,Home,Dining Table,Home,Female,987.48,26-35,985,493,Aug-23,80
ORD5861,CUST1861,30,PROD1061,Canada,03-May-21,26-Dec-24,4,active,07-Nov-21,185.49,8,5,Sports,Football,Sports,Female,1483.92,26-35,421,1333,Nov-21,80
ORD5862,CUST1862,65,PROD1062,Germany,02-May-21,13-Jul-21,3,cancelled,05-Jun-24,120.62,7,43,Home,Vacuum Cleaner,Home,Female,844.34,56+,1683,72,Jun-24,80
ORD5863,CUST1863,31,PROD1063,USA,19-Aug-23,29-May-24,4,active,07-Oct-24,12.13,8,49,Electronics,Smartphone,Electronics,Male,97.04,26-35,632,284,Oct-24,80
ORD5864,CUST1864,62,PROD1064,Pakistan,16-Jun-22,09-May-24,0,active,25-Oct-22,125.67,8,4,Beauty,Foundation,Beauty,Male,1005.36,56+,652,693,Oct-22,50
ORD5865,CUST1865,61,PROD1065,Germany,04-Aug-21,29-Nov-23,1,active,01-Mar-24,257.64,5,11,Home,Lamp,Home,Male,1288.2,56+,814,847,Mar-24,60
ORD5866,CUST1866,47,PROD1066,Pakistan,02-Oct-20,04-Mar-25,4,cancelled,25-Apr-24,271.11,3,30,Home,Yoga Mat,Sports,Female,813.33,46-55,353,1614,Apr-24,80
ORD5867,CUST1867,48,PROD1067,USA,17-Jun-21,24-Sep-21,4,cancelled,15-Jun-23,163.32,9,45,Beauty,Nail Polish,Beauty,Female,1469.88,46-55,1610,99,Jun-23,80
ORD5868,CUST1868,53,PROD1068,USA,19-Oct-22,28-Sep-23,4,active,25-Feb-25,392.26,5,1,Sports,Dumbbells,Sports,Female,1961.3,46-55,876,344,Feb-25,80
ORD5869,CUST1869,55,PROD1069,Germany,20-Sep-22,29-Jul-23,3,active,04-Dec-24,13.61,6,4,Beauty,Shampoo,Beauty,Female,81.66,46-55,937,312,Dec-24,80
ORD5870,CUST1870,68,PROD1070,Pakistan,28-Aug-21,09-Mar-22,5,active,18-Apr-22,216.65,3,7,Home,Hoodie,Clothing,Female,649.95,56+,1444,193,Apr-22,80
ORD5871,CUST1871,67,PROD1071,Pakistan,24-Jan-21,11-Nov-22,3,cancelled,27-Oct-23,16.71,2,40,Clothing,Sofa,Home,Female,33.42,56+,1197,656,Oct-23,80
ORD5872,CUST1872,18,PROD1072,Canada,30-Nov-21,03-Feb-22,0,paused,06-Sep-23,175.08,9,22,Sports,Sofa,Home,Male,1575.72,18-25,1478,65,Sep-23,70
ORD5873,CUST1873,32,PROD1073,Germany,30-Aug-20,30-Mar-25,1,active,12-Apr-24,14.48,3,43,Clothing,Hoodie,Clothing,Male,43.44,26-35,327,1673,Apr-24,60
ORD5874,CUST1874,46,PROD1074,Germany,18-Sep-20,01-Jan-25,2,active,05-Nov-20,278.55,7,46,Beauty,Dress,Clothing,Male,1949.85,46-55,415,1566,Nov-20,70
ORD5875,CUST1875,62,PROD1075,India,22-Apr-21,09-Feb-23,1,active,17-Aug-22,214.18,9,2,Sports,Dining Table,Home,Female,1927.62,56+,1107,658,Aug-22,60
ORD5876,CUST1876,23,PROD1076,Germany,07-Apr-22,22-Apr-25,5,cancelled,16-May-25,230.54,3,49,Sports,Yoga Mat,Sports,Female,691.62,18-25,304,1111,May-25,80
ORD5877,CUST1877,20,PROD1077,India,19-Jun-21,26-Jun-24,5,paused,28-Oct-21,389.52,3,32,Home,Jacket,Clothing,Female,1168.56,18-25,604,1103,Oct-21,100
ORD5878,CUST1878,66,PROD1078,Germany,29-Apr-22,31-Jul-23,2,paused,21-May-23,51.37,7,38,Home,Dumbbells,Sports,Male,359.59,56+,935,458,May-23,90
ORD5879,CUST1879,57,PROD1079,Canada,27-Dec-20,25-Jan-21,1,cancelled,10-Aug-23,122.69,3,2,Electronics,Jeans,Clothing,Female,368.07,56+,1852,29,Aug-23,60
ORD5880,CUST1880,69,PROD1080,USA,14-Nov-22,24-May-25,2,active,15-Jun-25,330.62,6,14,Sports,Skirt,Clothing,Other,1983.72,56+,272,922,Jun-25,70
ORD5881,CUST1881,18,PROD1081,USA,08-Jul-22,03-Feb-23,3,active,31-May-23,158.04,9,19,Electronics,Hoodie,Clothing,Male,1422.36,18-25,1113,210,May-23,80
ORD5882,CUST1882,33,PROD1082,Germany,28-Jan-21,10-Jul-25,4,active,17-Dec-24,206.38,3,10,Electronics,Moisturizer,Beauty,Male,619.14,26-35,225,1624,Dec-24,80
ORD5883,CUST1883,24,PROD1083,UK,31-Dec-20,17-Jan-22,3,paused,14-Aug-23,79.18,8,35,Clothing,Cricket Bat,Sports,Female,633.44,18-25,1495,382,Aug-23,100
ORD5884,CUST1884,45,PROD1084,Germany,30-Jan-23,31-Jul-23,2,cancelled,09-May-25,255.14,6,39,Sports,Dining Table,Home,Female,1530.84,36-45,935,182,May-25,70
ORD5885,CUST1885,57,PROD1085,India,18-Sep-21,23-May-22,1,active,23-Mar-25,37.3,8,35,Sports,Yoga Mat,Sports,Female,298.4,56+,1369,247,Mar-25,60
ORD5886,CUST1886,61,PROD1086,Pakistan,16-Jun-23,21-Aug-24,5,active,23-Jun-25,204.47,8,19,Home,Shirt,Clothing,Female,1635.76,56+,548,432,Jun-25,80
ORD5887,CUST1887,46,PROD1087,Germany,01-Jun-21,10-Oct-23,5,cancelled,12-May-25,67.58,2,34,Clothing,Cricket Bat,Sports,Female,135.16,46-55,864,861,May-25,80
ORD5888,CUST1888,61,PROD1088,India,10-Apr-21,24-Aug-22,0,active,16-Nov-23,120.78,8,36,Electronics,Football,Sports,Male,966.24,56+,1276,501,Nov-23,50
ORD5889,CUST1889,51,PROD1089,UK,16-Nov-22,27-Dec-24,4,active,08-Mar-23,11.14,5,1,Home,Running Shoes,Sports,Male,55.7,46-55,420,772,Mar-23,80
ORD5890,CUST1890,48,PROD1090,USA,02-Nov-21,16-Dec-22,0,active,13-Jul-23,1928.31,1,21,Home,Tablet,Electronics,Female,1928.31,46-55,1162,409,Jul-23,50
ORD5891,CUST1891,50,PROD1091,Germany,14-May-22,25-May-25,0,active,12-Sep-24,90.22,9,5,Beauty,T-Shirt,Clothing,Female,811.98,46-55,271,1107,Sep-24,50
ORD5892,CUST1892,55,PROD1092,UK,16-Feb-21,18-Nov-24,1,paused,05-Jun-21,571.94,3,24,Home,Gaming Console,Electronics,Female,1715.82,46-55,459,1371,Jun-21,80
ORD5893,CUST1893,35,PROD1093,India,11-Dec-21,18-Jul-25,0,cancelled,26-Mar-24,294.41,5,32,Home,Refrigerator,Home,Female,1472.05,26-35,217,1315,Mar-24,50
ORD5894,CUST1894,21,PROD1094,Pakistan,15-May-21,07-Sep-24,0,paused,17-Apr-24,68.21,7,22,Clothing,Moisturizer,Beauty,Other,477.47,18-25,531,1211,Apr-24,70
ORD5895,CUST1895,51,PROD1095,Germany,13-Sep-22,18-Mar-23,2,active,22-Jun-25,134.68,3,31,Beauty,Sneakers,Clothing,Female,404.04,46-55,1070,186,Jun-25,70
ORD5896,CUST1896,50,PROD1096,Pakistan,03-Dec-22,15-Nov-24,5,active,08-Jun-23,295.07,5,42,Home,Chair,Home,Other,1475.35,46-55,462,713,Jun-23,80
ORD5897,CUST1897,44,PROD1097,Pakistan,10-Mar-21,11-Feb-24,5,active,24-Jul-25,168.3,9,17,Beauty,Football,Sports,Female,1514.7,36-45,740,1068,Jul-25,80
ORD5898,CUST1898,39,PROD1098,India,28-Aug-20,24-Oct-23,3,paused,02-Mar-22,134.51,9,32,Electronics,Yoga Mat,Sports,Male,1210.59,36-45,850,1152,Mar-22,100
ORD5899,CUST1899,50,PROD1099,USA,27-Nov-20,04-Mar-22,1,cancelled,28-Oct-23,203.05,7,43,Electronics,Tennis Racket,Sports,Male,1421.35,46-55,1449,462,Oct-23,60
ORD5900,CUST1900,32,PROD1100,USA,11-Mar-23,08-Jan-24,2,active,22-Dec-23,645.38,3,9,Beauty,Smartphone,Electronics,Male,1936.14,26-35,774,303,Dec-23,70
ORD5901,CUST1901,64,PROD1101,Germany,09-Dec-20,14-Dec-24,1,active,21-Dec-22,395.81,4,44,Electronics,Smartwatch,Electronics,Male,1583.24,56+,433,1466,Dec-22,60
ORD5902,CUST1902,32,PROD1102,UK,02-Mar-23,15-Nov-23,5,active,12-Dec-24,326.37,4,2,Sports,T-Shirt,Clothing,Male,1305.48,26-35,828,258,Dec-24,80
ORD5903,CUST1903,20,PROD1103,India,14-May-22,10-Aug-24,1,active,20-Jan-24,1200.43,1,31,Sports,Shampoo,Beauty,Female,1200.43,18-25,559,819,Jan-24,60
ORD5904,CUST1904,44,PROD1104,USA,27-Dec-22,11-Feb-25,2,active,18-Nov-24,772.71,2,4,Beauty,Smartphone,Electronics,Female,1545.42,36-45,374,777,Nov-24,70
ORD5905,CUST1905,40,PROD1105,USA,07-Sep-20,12-Jul-25,4,active,23-Jan-21,23.66,7,46,Home,Jeans,Clothing,Female,165.62,36-45,223,1769,Jan-21,80
ORD5906,CUST1906,24,PROD1106,Germany,29-Jun-21,11-Jan-25,4,active,07-May-24,285.94,6,31,Beauty,Skirt,Clothing,Male,1715.64,18-25,405,1292,May-24,80
ORD5907,CUST1907,21,PROD1107,UK,13-Nov-21,21-Jan-25,1,active,11-Aug-25,412.26,4,9,Home,Sneakers,Clothing,Female,1649.04,18-25,395,1165,Aug-25,60
ORD5908,CUST1908,54,PROD1108,Germany,03-Jul-21,28-May-23,3,active,26-Jun-25,111.59,7,42,Sports,Bluetooth Speaker,Electronics,Male,781.13,46-55,999,694,Jun-25,80
ORD5909,CUST1909,23,PROD1109,USA,18-Jun-22,13-Jun-24,5,active,08-Oct-23,135.86,7,29,Beauty,Running Shoes,Sports,Male,951.02,18-25,617,726,Oct-23,80
ORD5910,CUST1910,64,PROD1110,UK,08-Dec-21,07-May-22,3,paused,08-Jul-24,652.41,3,26,Clothing,Dumbbells,Sports,Female,1957.23,56+,1385,150,Jul-24,100
ORD5911,CUST1911,62,PROD1111,Canada,26-Dec-20,04-Apr-24,3,active,02-Oct-23,27.29,7,34,Sports,Sneakers,Clothing,Female,191.03,56+,687,1195,Oct-23,80
ORD5912,CUST1912,23,PROD1112,USA,04-Apr-23,17-Jan-25,1,cancelled,13-Dec-23,113.52,8,43,Electronics,Jacket,Clothing,Female,908.16,18-25,399,654,Dec-23,60
ORD5913,CUST1913,28,PROD1113,India,08-Jul-23,01-Feb-25,3,cancelled,21-Sep-23,162.82,4,11,Home,Smartphone,Electronics,Male,651.28,26-35,384,574,Sep-23,80
ORD5914,CUST1914,63,PROD1114,Germany,22-Feb-21,09-Nov-24,5,cancelled,17-Mar-22,12.45,8,8,Clothing,Lamp,Home,Female,99.6,56+,468,1356,Mar-22,80
ORD5915,CUST1915,38,PROD1115,USA,07-Feb-22,14-Oct-23,0,cancelled,01-Jan-23,105.53,2,26,Sports,Skirt,Clothing,Female,211.06,36-45,860,614,Jan-23,50
ORD5916,CUST1916,51,PROD1116,USA,11-Jul-22,23-Aug-22,5,cancelled,14-Jan-24,177.37,9,37,Home,Skirt,Clothing,Female,1596.33,46-55,1277,43,Jan-24,80
ORD5917,CUST1917,67,PROD1117,Canada,26-Jun-22,25-Oct-22,5,active,29-Jun-24,236.75,1,24,Beauty,Laptop,Electronics,Male,236.75,56+,1214,121,Jun-24,80
ORD5918,CUST1918,51,PROD1118,Pakistan,11-Nov-22,13-Apr-23,0,active,05-Jul-24,89.84,6,43,Clothing,Dumbbells,Sports,Female,539.04,46-55,1044,153,Jul-24,50
ORD5919,CUST1919,31,PROD1119,Pakistan,28-Sep-20,18-Dec-21,5,active,06-Jul-21,236.87,8,40,Electronics,Sneakers,Clothing,Female,1894.96,26-35,1525,446,Jul-21,80
ORD5920,CUST1920,48,PROD1120,Pakistan,10-May-22,09-Dec-23,2,cancelled,03-Jan-25,485.77,4,49,Electronics,Microwave,Home,Male,1943.08,46-55,804,578,Jan-25,70
ORD5921,CUST1921,36,PROD1121,India,29-Nov-22,25-Nov-24,5,active,06-Jul-23,223.3,6,22,Home,Yoga Mat,Sports,Male,1339.8,36-45,452,727,Jul-23,80
ORD5922,CUST1922,68,PROD1122,Canada,01-Dec-20,23-Apr-21,2,cancelled,03-May-23,141.79,8,17,Clothing,Lamp,Home,Female,1134.32,56+,1764,143,May-23,70
ORD5923,CUST1923,44,PROD1123,USA,05-Apr-21,02-Mar-22,4,active,10-Jun-24,316.21,6,22,Sports,Basketball,Sports,Male,1897.26,36-45,1451,331,Jun-24,80
ORD5924,CUST1924,66,PROD1124,UK,27-May-21,08-May-25,1,active,07-May-25,253.96,1,37,Clothing,Blender,Home,Female,253.96,56+,288,1442,May-25,60
ORD5925,CUST1925,33,PROD1125,India,18-Jan-23,30-Jan-24,0,paused,23-Jul-25,314.54,1,39,Electronics,Dining Table,Home,Female,314.54,26-35,752,377,Jul-25,70
ORD5926,CUST1926,44,PROD1126,UK,08-Apr-21,24-Mar-23,4,active,11-Nov-23,183.6,7,30,Clothing,Headphones,Electronics,Other,1285.2,36-45,1064,715,Nov-23,80
ORD5927,CUST1927,54,PROD1127,Germany,28-Sep-20,10-Sep-23,3,paused,23-May-23,326.2,5,16,Home,Refrigerator,Home,Female,1631,46-55,894,1077,May-23,100
ORD5928,CUST1928,19,PROD1128,India,31-Oct-20,13-Jun-23,1,paused,19-Apr-23,203.29,9,8,Electronics,Conditioner,Beauty,Male,1829.61,18-25,983,955,Apr-23,80
ORD5929,CUST1929,21,PROD1129,UK,15-Oct-21,01-May-22,0,active,18-Apr-24,287.98,4,38,Electronics,Jeans,Clothing,Other,1151.92,18-25,1391,198,Apr-24,50
ORD5930,CUST1930,42,PROD1130,Pakistan,22-Apr-23,14-Oct-23,3,active,08-Sep-24,1187.15,1,37,Beauty,Vacuum Cleaner,Home,Female,1187.15,36-45,860,175,Sep-24,80
ORD5931,CUST1931,31,PROD1131,USA,18-Jun-21,15-Sep-24,1,active,25-Mar-24,41.26,2,43,Electronics,Tennis Racket,Sports,Female,82.52,26-35,523,1185,Mar-24,60
ORD5932,CUST1932,25,PROD1132,UK,07-Sep-20,14-May-25,5,active,26-Jun-21,442.11,4,32,Sports,Shampoo,Beauty,Male,1768.44,18-25,282,1710,Jun-21,80
ORD5933,CUST1933,21,PROD1133,Canada,08-Sep-21,27-Jan-25,0,active,30-Jun-22,157.4,7,45,Sports,Lipstick,Beauty,Male,1101.8,18-25,389,1237,Jun-22,50
ORD5934,CUST1934,30,PROD1134,USA,05-Mar-22,08-Apr-25,0,active,09-Aug-24,840.86,2,21,Home,Tennis Racket,Sports,Female,1681.72,26-35,318,1130,Aug-24,50
ORD5935,CUST1935,43,PROD1135,Canada,23-Oct-22,05-May-24,3,paused,21-Aug-24,267.94,6,40,Sports,Refrigerator,Home,Female,1607.64,36-45,656,560,Aug-24,100
ORD5936,CUST1936,40,PROD1136,UK,24-Jan-22,16-Sep-23,5,active,20-Mar-25,221.07,8,27,Clothing,Sofa,Home,Male,1768.56,36-45,888,600,Mar-25,80
ORD5937,CUST1937,52,PROD1137,Germany,15-Apr-21,22-Jun-24,0,cancelled,02-Jun-25,198.6,4,47,Electronics,Shirt,Clothing,Male,794.4,46-55,608,1164,Jun-25,50
ORD5938,CUST1938,69,PROD1138,Canada,05-Dec-20,30-Apr-22,1,active,08-Aug-22,1782.82,1,47,Sports,Dumbbells,Sports,Female,1782.82,56+,1392,511,Aug-22,60
ORD5939,CUST1939,45,PROD1139,Pakistan,18-Mar-22,21-Jul-22,3,cancelled,18-May-25,246.91,7,25,Home,Tablet,Electronics,Male,1728.37,36-45,1310,125,May-25,80
ORD5940,CUST1940,26,PROD1140,Pakistan,08-Jul-21,26-Feb-23,0,paused,11-Oct-24,41.5,7,7,Electronics,Cricket Bat,Sports,Male,290.5,26-35,1090,598,Oct-24,70
ORD5941,CUST1941,27,PROD1141,USA,06-Nov-22,29-Jun-24,3,active,02-Aug-23,49.54,5,2,Electronics,Cricket Bat,Sports,Male,247.7,26-35,601,601,Aug-23,80
ORD5942,CUST1942,56,PROD1142,UK,06-May-22,21-Jan-24,1,active,18-May-25,394.99,5,35,Home,Jacket,Clothing,Female,1974.95,56+,761,625,May-25,60
ORD5943,CUST1943,38,PROD1143,Germany,13-Mar-23,04-Apr-23,0,active,04-Sep-23,117.48,6,47,Home,Yoga Mat,Sports,Female,704.88,36-45,1053,22,Sep-23,50
ORD5944,CUST1944,33,PROD1144,India,21-Feb-21,16-Mar-24,5,cancelled,08-Jun-21,262.89,4,14,Home,Football,Sports,Male,1051.56,26-35,706,1119,Jun-21,80
ORD5945,CUST1945,19,PROD1145,Canada,05-Apr-22,07-Dec-22,0,paused,22-Sep-22,113.64,9,17,Electronics,Foundation,Beauty,Male,1022.76,18-25,1171,246,Sep-22,70
ORD5946,CUST1946,44,PROD1146,Germany,18-Jul-23,18-Jan-24,1,paused,17-May-25,871.85,2,23,Electronics,Dress,Clothing,Female,1743.7,36-45,764,184,May-25,80
ORD5947,CUST1947,69,PROD1147,USA,31-May-22,22-Jun-22,5,active,26-Feb-23,470.37,3,37,Electronics,Laptop,Electronics,Male,1411.11,56+,1339,22,Feb-23,80
ORD5948,CUST1948,39,PROD1148,USA,11-Dec-20,07-Jun-21,5,active,24-Jul-21,349.45,5,22,Electronics,Cycling Helmet,Sports,Male,1747.25,36-45,1719,178,Jul-21,80
ORD5949,CUST1949,67,PROD1149,India,20-Oct-21,25-Jul-22,0,paused,27-Nov-23,246.71,6,12,Clothing,Perfume,Beauty,Female,1480.26,56+,1306,278,Nov-23,70
ORD5950,CUST1950,22,PROD1150,Germany,09-Apr-23,22-Apr-24,2,active,27-Mar-25,219.88,4,48,Clothing,Skirt,Clothing,Male,879.52,18-25,669,379,Mar-25,70
ORD5951,CUST1951,57,PROD1151,Canada,09-Sep-22,02-Sep-23,5,active,11-Oct-22,38.9,7,48,Sports,Vacuum Cleaner,Home,Female,272.3,56+,902,358,Oct-22,80
ORD5952,CUST1952,18,PROD1152,Pakistan,27-Aug-22,14-Aug-23,5,active,24-Apr-24,235.66,6,9,Clothing,Foundation,Beauty,Male,1413.96,18-25,921,352,Apr-24,80
ORD5953,CUST1953,30,PROD1153,Canada,13-Apr-21,13-Apr-25,1,active,20-Nov-24,1880.02,1,48,Clothing,Blender,Home,Female,1880.02,26-35,313,1461,Nov-24,60
ORD5954,CUST1954,64,PROD1154,Pakistan,15-Jun-23,21-Dec-24,4,cancelled,25-Dec-24,55.52,9,42,Sports,Cricket Bat,Sports,Male,499.68,56+,426,555,Dec-24,80
ORD5955,CUST1955,45,PROD1155,USA,11-Apr-23,09-Feb-25,1,active,18-Jun-23,73.02,6,21,Beauty,Perfume,Beauty,Female,438.12,36-45,376,670,Jun-23,60
ORD5956,CUST1956,58,PROD1156,Pakistan,28-Nov-21,27-Mar-25,3,active,08-Feb-23,1802.85,1,37,Electronics,T-Shirt,Clothing,Male,1802.85,56+,330,1215,Feb-23,80
ORD5957,CUST1957,21,PROD1157,Pakistan,12-Oct-21,27-Oct-21,5,cancelled,08-Nov-23,778.38,2,28,Home,Sneakers,Clothing,Male,1556.76,18-25,1577,15,Nov-23,80
ORD5958,CUST1958,22,PROD1158,Pakistan,27-Jan-22,29-Sep-24,3,cancelled,30-Nov-24,128.14,9,9,Home,Bluetooth Speaker,Electronics,Female,1153.26,18-25,509,976,Nov-24,80
ORD5959,CUST1959,36,PROD1159,Germany,02-Aug-21,08-Jul-22,3,active,02-Dec-23,175.21,7,5,Electronics,Basketball,Sports,Female,1226.47,36-45,1323,340,Dec-23,80
ORD5960,CUST1960,24,PROD1160,India,03-Oct-20,15-Mar-25,4,cancelled,16-Sep-23,178.84,3,34,Sports,Basketball,Sports,Male,536.52,18-25,342,1624,Sep-23,80
ORD5961,CUST1961,65,PROD1161,Canada,21-Jan-22,13-Aug-22,1,active,24-Apr-24,100.8,6,38,Beauty,Dining Table,Home,Female,604.8,56+,1287,204,Apr-24,60
ORD5962,CUST1962,56,PROD1162,USA,31-Oct-21,25-Jul-25,0,active,19-Aug-24,469.18,3,12,Electronics,Smartwatch,Electronics,Male,1407.54,56+,210,1363,Aug-24,50
ORD5963,CUST1963,21,PROD1163,India,26-Sep-22,19-May-23,1,cancelled,25-Jul-23,395.18,5,7,Home,Sneakers,Clothing,Male,1975.9,18-25,1008,235,Jul-23,60
ORD5964,CUST1964,39,PROD1164,Canada,14-Nov-22,01-May-25,3,active,01-Nov-24,66.9,7,5,Electronics,T-Shirt,Clothing,Female,468.3,36-45,295,899,Nov-24,80
ORD5965,CUST1965,39,PROD1165,Pakistan,04-Nov-21,21-Dec-23,3,cancelled,03-Feb-22,228.96,7,11,Electronics,Sneakers,Clothing,Female,1602.72,36-45,792,777,Feb-22,80
ORD5966,CUST1966,29,PROD1166,USA,13-May-21,19-Feb-24,2,paused,06-Apr-23,150.3,5,44,Sports,Perfume,Beauty,Male,751.5,26-35,732,1012,Apr-23,90
ORD5967,CUST1967,32,PROD1167,Germany,31-Jul-21,20-May-22,2,cancelled,04-Aug-25,77.12,3,31,Clothing,Chair,Home,Male,231.36,26-35,1372,293,Aug-25,70
ORD5968,CUST1968,54,PROD1168,Pakistan,10-Mar-21,12-Jun-24,1,active,21-Jul-21,72.21,6,29,Electronics,Lamp,Home,Female,433.26,46-55,618,1190,Jul-21,60
ORD5969,CUST1969,36,PROD1169,India,20-Jun-23,11-Dec-24,1,cancelled,07-Sep-23,196.33,3,22,Beauty,Camera,Electronics,Male,588.99,36-45,436,540,Sep-23,60
ORD5970,CUST1970,47,PROD1170,Germany,17-Mar-22,19-Mar-25,4,active,08-Dec-23,3.79,6,47,Clothing,Moisturizer,Beauty,Male,22.74,46-55,338,1098,Dec-23,80
ORD5971,CUST1971,29,PROD1171,India,18-Apr-22,14-Nov-24,5,active,29-Oct-23,106.22,3,36,Electronics,Dining Table,Home,Female,318.66,26-35,463,941,Oct-23,80
ORD5972,CUST1972,62,PROD1172,India,05-Jan-23,24-Jul-25,2,cancelled,20-Oct-24,180.75,3,37,Electronics,Nail Polish,Beauty,Female,542.25,56+,211,931,Oct-24,70
ORD5973,CUST1973,61,PROD1173,Pakistan,25-Sep-21,18-Jan-25,3,active,10-Sep-22,296.92,4,28,Electronics,Camera,Electronics,Female,1187.68,56+,398,1211,Sep-22,80
ORD5974,CUST1974,63,PROD1174,Canada,02-Mar-22,23-Jan-23,5,active,18-Dec-24,29.5,8,14,Home,Jacket,Clothing,Male,236,56+,1124,327,Dec-24,80
ORD5975,CUST1975,53,PROD1175,India,06-May-22,24-May-25,2,active,08-Jan-23,31.86,9,14,Beauty,Tablet,Electronics,Female,286.74,46-55,272,1114,Jan-23,70
ORD5976,CUST1976,43,PROD1176,USA,12-Jun-23,07-Nov-23,0,active,23-Jun-25,145.88,7,9,Clothing,Basketball,Sports,Female,1021.16,36-45,836,148,Jun-25,50
ORD5977,CUST1977,63,PROD1177,Canada,26-May-21,03-Dec-22,5,active,14-Dec-23,296.35,4,8,Beauty,Camera,Electronics,Male,1185.4,56+,1175,556,Dec-23,80
ORD5978,CUST1978,61,PROD1178,Pakistan,14-Dec-22,18-Sep-23,0,active,21-Jun-23,488.66,4,20,Home,Camera,Electronics,Male,1954.64,56+,886,278,Jun-23,50
ORD5979,CUST1979,29,PROD1179,Canada,03-Jul-22,25-Jun-25,1,paused,28-Nov-23,132.21,4,6,Beauty,Lipstick,Beauty,Female,528.84,26-35,240,1088,Nov-23,80
ORD5980,CUST1980,64,PROD1180,Pakistan,18-Apr-22,26-Feb-25,3,paused,23-Jul-22,213.5,7,39,Home,Jacket,Clothing,Female,1494.5,56+,359,1045,Jul-22,100
ORD5981,CUST1981,46,PROD1181,UK,27-Jun-23,18-Apr-25,3,cancelled,02-Apr-24,160.9,7,41,Sports,Hoodie,Clothing,Male,1126.3,46-55,308,661,Apr-24,80
ORD5982,CUST1982,67,PROD1182,Pakistan,28-Sep-20,11-Sep-22,1,cancelled,28-Sep-20,58.81,7,46,Clothing,Lipstick,Beauty,Male,411.67,56+,1258,713,Sep-20,60
ORD5983,CUST1983,37,PROD1183,UK,10-Apr-22,15-May-22,0,active,11-Jun-22,211.84,6,30,Beauty,Camera,Electronics,Male,1271.04,36-45,1377,35,Jun-22,50
ORD5984,CUST1984,25,PROD1184,India,14-Mar-21,10-Jun-22,1,active,18-Jun-25,1982.82,1,7,Sports,Sneakers,Clothing,Male,1982.82,18-25,1351,453,Jun-25,60
ORD5985,CUST1985,22,PROD1185,Pakistan,06-Feb-23,07-Mar-24,3,paused,24-Apr-25,9.93,8,28,Beauty,Tennis Racket,Sports,Male,79.44,18-25,715,395,Apr-25,100
ORD5986,CUST1986,54,PROD1186,Germany,01-Apr-21,04-Feb-24,3,active,23-Aug-24,7.25,8,29,Home,Jeans,Clothing,Male,58,46-55,747,1039,Aug-24,80
ORD5987,CUST1987,18,PROD1187,UK,19-Feb-23,24-Apr-23,4,active,21-Sep-24,21.48,9,17,Clothing,Bluetooth Speaker,Electronics,Female,193.32,18-25,1033,64,Sep-24,80
ORD5988,CUST1988,44,PROD1188,Germany,08-Jan-23,31-Jul-23,4,active,02-Apr-23,211.96,1,3,Home,Chair,Home,Male,211.96,36-45,935,204,Apr-23,80
ORD5989,CUST1989,62,PROD1189,India,25-Dec-22,07-Jun-24,0,active,16-Aug-24,231.71,4,2,Electronics,Blender,Home,Female,926.84,56+,623,530,Aug-24,50
ORD5990,CUST1990,42,PROD1190,UK,24-Feb-22,29-Oct-22,1,active,08-Jan-24,186.02,6,11,Electronics,Conditioner,Beauty,Female,1116.12,36-45,1210,247,Jan-24,60
ORD5991,CUST1991,53,PROD1191,Pakistan,11-Feb-21,19-Sep-24,1,paused,26-Nov-22,437.26,1,8,Home,Smartphone,Electronics,Female,437.26,46-55,519,1316,Nov-22,80
ORD5992,CUST1992,26,PROD1192,Pakistan,13-Feb-22,15-Feb-24,1,cancelled,16-Aug-25,139.94,3,33,Home,Perfume,Beauty,Other,419.82,26-35,736,732,Aug-25,60
ORD5993,CUST1993,40,PROD1193,UK,20-Dec-22,21-Nov-23,2,active,06-Feb-24,125.24,4,3,Sports,Smartphone,Electronics,Female,500.96,36-45,822,336,Feb-24,70
ORD5994,CUST1994,49,PROD1194,Pakistan,09-Dec-20,22-Mar-21,5,active,03-May-25,404.7,1,19,Beauty,Refrigerator,Home,Female,404.7,46-55,1796,103,May-25,80
ORD5995,CUST1995,32,PROD1195,Pakistan,13-Sep-20,07-May-23,5,active,26-Jun-23,141.68,8,21,Home,Perfume,Beauty,Female,1133.44,26-35,1020,966,Jun-23,80
ORD5996,CUST1996,39,PROD1196,Canada,20-Nov-21,05-Jun-25,1,active,04-Apr-22,297.66,5,27,Sports,Cricket Bat,Sports,Male,1488.3,36-45,260,1293,Apr-22,60
ORD5997,CUST1997,53,PROD1197,UK,13-Oct-22,15-Oct-23,2,active,12-Jul-23,36.92,5,24,Sports,Football,Sports,Female,184.6,46-55,859,367,Jul-23,70
ORD5998,CUST1998,68,PROD1198,Canada,05-Feb-23,02-May-23,1,active,16-May-23,11.28,2,32,Sports,Cycling Helmet,Sports,Female,22.56,56+,1025,86,May-23,60
ORD5999,CUST1999,63,PROD1199,Germany,03-Nov-22,11-Jan-23,4,cancelled,08-Mar-25,62.25,3,40,Sports,Cricket Bat,Sports,Male,186.75,56+,1136,69,Mar-25,80
ORD6000,CUST2000,40,PROD1200,USA,30-Mar-23,11-Jan-25,2,paused,19-Oct-23,317.92,4,48,Beauty,Foundation,Beauty,Male,1271.68,36-45,405,653,Oct-23,90
ORD6001,CUST2001,50,PROD1201,Canada,01-Jun-23,05-Oct-23,5,active,09-Aug-23,273.87,6,22,Clothing,Face Wash,Beauty,Male,1643.22,46-55,869,126,Aug-23,80
ORD6002,CUST2002,55,PROD1202,Germany,01-Sep-21,14-Jan-24,5,cancelled,05-Apr-24,408.29,2,37,Clothing,Laptop,Electronics,Male,816.58,46-55,768,865,Apr-24,80
ORD6003,CUST2003,66,PROD1203,UK,19-Apr-21,05-Jan-24,0,active,10-May-25,168.28,7,48,Sports,Sofa,Home,Female,1177.96,56+,777,991,May-25,50
ORD6004,CUST2004,55,PROD1204,UK,20-Jul-21,02-Aug-25,0,active,18-Feb-23,365.91,3,34,Clothing,Yoga Mat,Sports,Male,1097.73,46-55,202,1474,Feb-23,50
ORD6005,CUST2005,26,PROD1205,India,17-May-22,07-Feb-24,2,paused,05-Jan-24,54.74,9,20,Electronics,Shirt,Clothing,Female,492.66,26-35,744,631,Jan-24,90
ORD6006,CUST2006,36,PROD1206,India,28-Jul-21,05-Sep-23,5,active,17-Feb-22,343.61,5,5,Sports,Perfume,Beauty,Male,1718.05,36-45,899,769,Feb-22,80
ORD6007,CUST2007,36,PROD1207,Germany,29-May-21,12-Jul-23,3,paused,10-Jan-22,144.61,8,16,Electronics,Perfume,Beauty,Male,1156.88,36-45,954,774,Jan-22,100
ORD6008,CUST2008,46,PROD1208,Pakistan,18-Oct-21,19-Dec-23,5,cancelled,27-Mar-24,232.44,5,38,Sports,Cricket Bat,Sports,Male,1162.2,46-55,794,792,Mar-24,80
ORD6009,CUST2009,68,PROD1209,Germany,08-Feb-21,29-Nov-21,2,active,16-Jul-21,379.58,3,20,Clothing,Bluetooth Speaker,Electronics,Female,1138.74,56+,1544,294,Jul-21,70
ORD6010,CUST2010,40,PROD1210,UK,01-Feb-21,17-Aug-23,1,active,25-Feb-21,95.69,9,2,Sports,Refrigerator,Home,Other,861.21,36-45,918,927,Feb-21,60
ORD6011,CUST2011,57,PROD1211,UK,10-Oct-21,30-Nov-23,4,active,14-Feb-25,349.76,5,21,Electronics,Running Shoes,Sports,Male,1748.8,56+,813,781,Feb-25,80
ORD6012,CUST2012,60,PROD1212,Germany,17-Mar-22,10-Feb-25,2,active,30-Mar-22,9.35,5,21,Electronics,Hoodie,Clothing,Female,46.75,56+,375,1061,Mar-22,70
ORD6013,CUST2013,55,PROD1213,India,03-Apr-21,17-Aug-22,2,paused,18-Jul-21,869.42,1,7,Beauty,Skirt,Clothing,Male,869.42,46-55,1283,501,Jul-21,90
ORD6014,CUST2014,50,PROD1214,Canada,14-Jul-23,10-Apr-24,0,active,20-Mar-25,328.95,2,48,Sports,Smartwatch,Electronics,Male,657.9,46-55,681,271,Mar-25,50
ORD6015,CUST2015,40,PROD1215,Canada,14-Nov-21,17-Mar-24,3,cancelled,21-Aug-22,204.01,4,12,Beauty,Yoga Mat,Sports,Female,816.04,36-45,705,854,Aug-22,80
ORD6016,CUST2016,27,PROD1216,Pakistan,04-Nov-20,19-Sep-23,1,paused,19-Mar-21,246.98,3,16,Beauty,Lipstick,Beauty,Female,740.94,26-35,885,1049,Mar-21,80
ORD6017,CUST2017,48,PROD1217,India,22-Oct-22,30-Oct-22,4,paused,09-Dec-23,324.78,4,39,Home,T-Shirt,Clothing,Female,1299.12,46-55,1209,8,Dec-23,100
ORD6018,CUST2018,39,PROD1218,UK,20-Oct-22,09-Feb-23,2,paused,01-Oct-23,288.74,4,20,Sports,Lipstick,Beauty,Female,1154.96,36-45,1107,112,Oct-23,90
ORD6019,CUST2019,67,PROD1219,UK,21-Oct-21,08-Nov-21,4,cancelled,27-Apr-25,259.66,6,42,Electronics,Jacket,Clothing,Female,1557.96,56+,1565,18,Apr-25,80
ORD6020,CUST2020,36,PROD1220,USA,20-Mar-22,25-Mar-25,5,active,24-Apr-24,93.98,8,49,Sports,Microwave,Home,Male,751.84,36-45,332,1101,Apr-24,80
ORD6021,CUST2021,32,PROD1221,UK,03-Jan-23,04-Mar-25,2,active,02-Aug-25,617.67,2,46,Beauty,Yoga Mat,Sports,Male,1235.34,26-35,353,791,Aug-25,70
ORD6022,CUST2022,32,PROD1222,Germany,31-Jul-21,07-Sep-23,4,active,15-May-24,208.08,7,39,Clothing,Football,Sports,Male,1456.56,26-35,897,768,May-24,80
ORD6023,CUST2023,27,PROD1223,USA,28-Aug-20,25-Dec-21,2,cancelled,21-Mar-24,352.3,4,18,Electronics,Refrigerator,Home,Female,1409.2,26-35,1518,484,Mar-24,70
ORD6024,CUST2024,57,PROD1224,USA,21-Jun-22,13-Sep-22,1,active,01-Feb-23,1129.55,1,4,Clothing,Yoga Mat,Sports,Female,1129.55,56+,1256,84,Feb-23,60
ORD6025,CUST2025,42,PROD1225,Canada,16-Aug-21,18-Mar-24,3,active,09-Jun-24,578.42,1,41,Home,Running Shoes,Sports,Male,578.42,36-45,704,945,Jun-24,80
ORD6026,CUST2026,27,PROD1226,Canada,17-Aug-22,15-Mar-25,1,active,05-Sep-23,179.48,4,37,Beauty,Smartphone,Electronics,Male,717.92,26-35,342,941,Sep-23,60
ORD6027,CUST2027,19,PROD1227,India,17-May-23,05-Apr-25,4,active,13-Nov-24,157.13,7,5,Sports,Sofa,Home,Female,1099.91,18-25,321,689,Nov-24,80
ORD6028,CUST2028,24,PROD1228,USA,21-Nov-22,24-Jul-24,0,active,23-Mar-23,21.02,6,2,Clothing,Dumbbells,Sports,Female,126.12,18-25,576,611,Mar-23,50
ORD6029,CUST2029,53,PROD1229,Canada,10-Jul-23,27-Mar-25,1,cancelled,23-Dec-24,251.82,2,25,Beauty,Shampoo,Beauty,Female,503.64,46-55,330,626,Dec-24,60
ORD6030,CUST2030,54,PROD1230,India,21-Oct-22,07-Aug-24,4,paused,26-Sep-23,158.76,6,25,Electronics,Hoodie,Clothing,Male,952.56,46-55,562,656,Sep-23,100
ORD6031,CUST2031,37,PROD1231,Germany,16-Dec-20,02-Feb-21,1,cancelled,05-May-21,384.21,4,14,Sports,Gaming Console,Electronics,Female,1536.84,36-45,1844,48,May-21,60
ORD6032,CUST2032,49,PROD1232,Germany,30-Nov-20,16-Jul-21,3,active,26-Jan-23,456.94,1,20,Home,Sofa,Home,Female,456.94,46-55,1680,228,Jan-23,80
ORD6033,CUST2033,68,PROD1233,Canada,22-Feb-21,13-Mar-24,2,cancelled,25-Jun-22,60.37,8,7,Electronics,Blender,Home,Female,482.96,56+,709,1115,Jun-22,70
ORD6034,CUST2034,56,PROD1234,India,16-May-22,25-Sep-23,3,cancelled,20-Nov-23,88.97,8,22,Clothing,Headphones,Electronics,Female,711.76,56+,879,497,Nov-23,80
ORD6035,CUST2035,26,PROD1235,Pakistan,26-Nov-22,19-Jan-23,1,active,07-Jan-25,110.67,7,36,Home,Tennis Racket,Sports,Female,774.69,26-35,1128,54,Jan-25,60
ORD6036,CUST2036,32,PROD1236,UK,03-Jul-21,03-Feb-22,2,cancelled,18-Feb-24,791.7,2,23,Beauty,Shampoo,Beauty,Male,1583.4,26-35,1478,215,Feb-24,70
ORD6037,CUST2037,54,PROD1237,USA,05-Jan-22,24-Feb-25,2,paused,22-Feb-25,811.8,2,29,Sports,Cycling Helmet,Sports,Female,1623.6,46-55,361,1146,Feb-25,90
ORD6038,CUST2038,63,PROD1238,Canada,01-Jun-22,03-Apr-25,0,cancelled,14-Jan-25,71.4,9,27,Electronics,Sneakers,Clothing,Female,642.6,56+,323,1037,Jan-25,50
ORD6039,CUST2039,19,PROD1239,Pakistan,12-May-22,02-Nov-23,0,paused,02-Oct-22,164.17,6,41,Beauty,Smartwatch,Electronics,Male,985.02,18-25,841,539,Oct-22,70
ORD6040,CUST2040,61,PROD1240,India,19-Mar-21,31-Dec-23,2,active,19-Apr-23,439.94,4,46,Clothing,Skirt,Clothing,Female,1759.76,56+,782,1017,Apr-23,70
ORD6041,CUST2041,22,PROD1241,USA,23-Jul-21,16-Oct-21,1,cancelled,21-Mar-23,156.82,2,47,Home,Shirt,Clothing,Male,313.64,18-25,1588,85,Mar-23,60
ORD6042,CUST2042,51,PROD1242,Pakistan,07-May-21,16-Jul-24,2,cancelled,25-Jan-24,62.14,5,33,Home,Running Shoes,Sports,Male,310.7,46-55,584,1166,Jan-24,70
ORD6043,CUST2043,53,PROD1243,UK,21-Apr-22,27-Feb-24,1,cancelled,03-Nov-23,34.67,7,37,Sports,Jacket,Clothing,Male,242.69,46-55,724,677,Nov-23,60
ORD6044,CUST2044,52,PROD1244,USA,14-Mar-23,03-Aug-24,2,active,13-May-24,1707.78,1,1,Electronics,Skirt,Clothing,Female,1707.78,46-55,566,508,May-24,70
ORD6045,CUST2045,39,PROD1245,India,25-Sep-22,20-Nov-23,2,active,24-Apr-25,264.01,6,27,Sports,Moisturizer,Beauty,Male,1584.06,36-45,823,421,Apr-25,70
ORD6046,CUST2046,31,PROD1246,India,12-Nov-21,16-Mar-24,2,active,20-Jan-24,87.51,5,13,Clothing,T-Shirt,Clothing,Female,437.55,26-35,706,855,Jan-24,70
ORD6047,CUST2047,22,PROD1247,USA,22-Sep-21,25-Jul-24,0,active,24-Jan-24,243.13,5,35,Home,Conditioner,Beauty,Male,1215.65,18-25,575,1037,Jan-24,50
ORD6048,CUST2048,61,PROD1248,Germany,17-Jan-22,15-Jul-24,1,cancelled,02-Feb-22,880.36,2,27,Clothing,Bluetooth Speaker,Electronics,Female,1760.72,56+,585,910,Feb-22,60
ORD6049,CUST2049,47,PROD1249,Canada,02-Jul-21,23-Dec-22,4,cancelled,02-Jan-24,793.56,1,31,Sports,Lamp,Home,Female,793.56,46-55,1155,539,Jan-24,80
ORD6050,CUST2050,29,PROD1250,Canada,26-Jul-23,06-Nov-24,1,paused,28-Dec-23,100.04,9,11,Beauty,Lipstick,Beauty,Female,900.36,26-35,471,469,Dec-23,80
ORD6051,CUST2051,38,PROD1251,USA,08-Dec-22,07-Feb-25,0,active,16-Jan-25,207.64,7,14,Beauty,Moisturizer,Beauty,Female,1453.48,36-45,378,792,Jan-25,50
ORD6052,CUST2052,56,PROD1252,Canada,03-Oct-22,16-May-25,3,cancelled,28-Jun-24,96.98,8,38,Clothing,Laptop,Electronics,Female,775.84,56+,280,956,Jun-24,80
ORD6053,CUST2053,23,PROD1253,Pakistan,24-Feb-22,18-Dec-24,3,paused,16-Dec-22,149,4,1,Electronics,Conditioner,Beauty,Female,596,18-25,429,1028,Dec-22,100
ORD6054,CUST2054,50,PROD1254,India,24-Apr-23,22-Apr-24,1,active,01-May-25,451.57,2,21,Clothing,Laptop,Electronics,Female,903.14,46-55,669,364,May-25,60
ORD6055,CUST2055,38,PROD1255,Pakistan,20-Jul-23,08-Oct-23,0,paused,04-Feb-25,292.96,4,36,Electronics,Smartphone,Electronics,Male,1171.84,36-45,866,80,Feb-25,70
ORD6056,CUST2056,40,PROD1256,India,25-Jul-23,20-Aug-24,2,active,16-Jun-24,1825.62,1,9,Sports,Jeans,Clothing,Male,1825.62,36-45,549,392,Jun-24,70
ORD6057,CUST2057,50,PROD1257,UK,16-Feb-21,07-Jan-25,3,active,15-Aug-24,152.66,6,28,Home,Skirt,Clothing,Male,915.96,46-55,409,1421,Aug-24,80
ORD6058,CUST2058,61,PROD1258,UK,21-Dec-21,24-Feb-23,0,cancelled,12-Feb-23,190.72,2,14,Clothing,Football,Sports,Male,381.44,56+,1092,430,Feb-23,50
ORD6059,CUST2059,22,PROD1259,UK,15-Feb-22,05-Nov-24,5,cancelled,01-Dec-23,632.95,2,21,Sports,Cycling Helmet,Sports,Female,1265.9,18-25,472,994,Dec-23,80
ORD6060,CUST2060,49,PROD1260,Canada,16-Mar-21,19-Mar-25,3,active,26-Nov-24,181.65,5,38,Home,Dumbbells,Sports,Male,908.25,46-55,338,1464,Nov-24,80
ORD6061,CUST2061,47,PROD1261,Germany,08-Nov-22,11-Jan-23,3,active,09-Dec-24,109.38,9,34,Clothing,Vacuum Cleaner,Home,Female,984.42,46-55,1136,64,Dec-24,80
ORD6062,CUST2062,67,PROD1262,Germany,31-Jul-21,12-Jan-24,4,paused,08-Sep-24,159.55,6,31,Home,Chair,Home,Male,957.3,56+,770,895,Sep-24,100
ORD6063,CUST2063,20,PROD1263,Canada,24-Jan-23,15-Oct-24,5,cancelled,10-May-24,688.6,1,21,Electronics,Face Wash,Beauty,Female,688.6,18-25,493,630,May-24,80
ORD6064,CUST2064,62,PROD1264,UK,26-Nov-22,28-Dec-23,3,cancelled,06-Mar-25,232.71,7,37,Sports,Refrigerator,Home,Female,1628.97,56+,785,397,Mar-25,80
ORD6065,CUST2065,26,PROD1265,UK,01-Dec-20,20-Mar-24,5,active,25-Sep-22,266.97,3,31,Electronics,Smartphone,Electronics,Male,800.91,26-35,702,1205,Sep-22,80
ORD6066,CUST2066,40,PROD1266,UK,01-Jun-22,01-Oct-22,0,active,07-Apr-25,21.76,9,20,Home,T-Shirt,Clothing,Male,195.84,36-45,1238,122,Apr-25,50
ORD6067,CUST2067,63,PROD1267,Pakistan,25-Mar-22,07-Jul-25,5,cancelled,12-Oct-22,845.1,2,3,Home,Hoodie,Clothing,Female,1690.2,56+,228,1200,Oct-22,80
ORD6068,CUST2068,30,PROD1268,UK,03-Sep-21,13-Apr-25,2,active,18-Apr-23,162.4,7,33,Clothing,Shampoo,Beauty,Female,1136.8,26-35,313,1318,Apr-23,70
ORD6069,CUST2069,68,PROD1269,UK,23-Feb-22,15-Aug-24,3,cancelled,14-Jul-25,168.82,9,45,Home,Bluetooth Speaker,Electronics,Male,1519.38,56+,554,904,Jul-25,80
ORD6070,CUST2070,63,PROD1270,Pakistan,01-Feb-21,24-Nov-21,3,cancelled,14-Feb-23,51.61,7,24,Sports,Foundation,Beauty,Male,361.27,56+,1549,296,Feb-23,80
ORD6071,CUST2071,36,PROD1271,Germany,10-Sep-21,09-Jul-24,4,active,29-Oct-21,257.69,6,5,Clothing,Jacket,Clothing,Male,1546.14,36-45,591,1033,Oct-21,80
ORD6072,CUST2072,53,PROD1272,UK,08-Oct-20,06-May-21,1,cancelled,06-Sep-22,90.01,3,37,Home,Skirt,Clothing,Female,270.03,46-55,1751,210,Sep-22,60
ORD6073,CUST2073,51,PROD1273,USA,07-Apr-21,26-Jun-23,4,paused,01-Oct-21,8.45,8,42,Beauty,Lamp,Home,Male,67.6,46-55,970,810,Oct-21,100
ORD6074,CUST2074,59,PROD1274,USA,02-Dec-21,19-Mar-24,2,active,03-May-22,135.26,8,36,Clothing,Skirt,Clothing,Female,1082.08,56+,703,838,May-22,70
ORD6075,CUST2075,45,PROD1275,India,09-Jun-23,12-Aug-23,4,active,15-Oct-24,435.92,3,38,Clothing,Dumbbells,Sports,Male,1307.76,36-45,923,64,Oct-24,80
ORD6076,CUST2076,64,PROD1276,India,18-Dec-22,20-Apr-25,3,active,11-Jan-24,186.66,7,14,Beauty,Dumbbells,Sports,Male,1306.62,56+,306,854,Jan-24,80
ORD6077,CUST2077,22,PROD1277,Germany,13-Aug-22,21-Apr-24,5,cancelled,30-Oct-23,60.8,8,19,Home,Cycling Helmet,Sports,Male,486.4,18-25,670,617,Oct-23,80
ORD6078,CUST2078,41,PROD1278,Pakistan,17-May-22,30-Nov-22,1,active,19-Oct-24,52.29,9,37,Clothing,Skirt,Clothing,Female,470.61,36-45,1178,197,Oct-24,60
ORD6079,CUST2079,19,PROD1279,Pakistan,24-Nov-20,12-Feb-24,1,active,12-Jun-23,325.42,5,17,Beauty,Football,Sports,Male,1627.1,18-25,739,1175,Jun-23,60
ORD6080,CUST2080,50,PROD1280,Canada,27-May-21,05-Feb-22,2,cancelled,30-Dec-24,204.08,9,20,Beauty,Nail Polish,Beauty,Female,1836.72,46-55,1476,254,Dec-24,70
ORD6081,CUST2081,55,PROD1281,Canada,29-Jul-21,18-Aug-24,4,active,18-May-23,236.78,6,5,Beauty,Vacuum Cleaner,Home,Male,1420.68,46-55,551,1116,May-23,80
ORD6082,CUST2082,42,PROD1282,Canada,02-Jun-22,16-Aug-22,5,paused,05-Nov-22,920.25,1,6,Electronics,Chair,Home,Female,920.25,36-45,1284,75,Nov-22,100
ORD6083,CUST2083,54,PROD1283,India,21-Feb-23,13-May-25,1,paused,23-May-23,248.76,5,9,Electronics,Lamp,Home,Male,1243.8,46-55,283,812,May-23,80
ORD6084,CUST2084,28,PROD1284,USA,22-Feb-23,15-Apr-23,0,active,02-May-23,44.12,6,11,Clothing,Cricket Bat,Sports,Male,264.72,26-35,1042,52,May-23,50
ORD6085,CUST2085,19,PROD1285,USA,21-Jul-23,26-Feb-25,1,paused,26-Jul-24,1330.98,1,24,Electronics,Jacket,Clothing,Female,1330.98,18-25,359,586,Jul-24,80
ORD6086,CUST2086,49,PROD1286,USA,04-Nov-21,16-Mar-22,0,active,06-Jun-24,65.75,7,25,Electronics,Sneakers,Clothing,Female,460.25,46-55,1437,132,Jun-24,50
ORD6087,CUST2087,45,PROD1287,Germany,06-Sep-21,13-Aug-23,0,active,27-Sep-23,573.06,3,31,Clothing,Tablet,Electronics,Female,1719.18,36-45,922,706,Sep-23,50
ORD6088,CUST2088,23,PROD1288,Pakistan,05-Oct-22,07-Nov-24,4,active,17-Oct-24,384.45,5,23,Electronics,Lamp,Home,Male,1922.25,18-25,470,764,Oct-24,80
ORD6089,CUST2089,29,PROD1289,Canada,01-Oct-20,06-Sep-21,0,active,04-Sep-21,61.45,9,42,Beauty,Face Wash,Beauty,Female,553.05,26-35,1628,340,Sep-21,50
ORD6090,CUST2090,53,PROD1290,USA,26-Nov-21,22-Feb-23,2,active,02-May-25,476.48,4,15,Sports,Gaming Console,Electronics,Male,1905.92,46-55,1094,453,May-25,70
ORD6091,CUST2091,22,PROD1291,Germany,22-Aug-22,18-Feb-25,0,paused,11-Aug-24,542.87,2,32,Beauty,Football,Sports,Female,1085.74,18-25,367,911,Aug-24,70
ORD6092,CUST2092,26,PROD1292,Pakistan,26-Sep-21,26-Nov-23,3,active,14-May-22,491.48,4,26,Electronics,Foundation,Beauty,Female,1965.92,26-35,817,791,May-22,80
ORD6093,CUST2093,43,PROD1293,Germany,06-Jul-23,02-Apr-24,0,active,16-May-24,309.37,3,31,Sports,Sneakers,Clothing,Female,928.11,36-45,689,271,May-24,50
ORD6094,CUST2094,51,PROD1294,Germany,22-Nov-20,26-Nov-22,3,active,15-Dec-21,4.8,7,27,Clothing,Skirt,Clothing,Female,33.6,46-55,1182,734,Dec-21,80
ORD6095,CUST2095,63,PROD1295,India,08-Oct-22,18-Jul-23,5,active,10-Apr-23,247.22,4,31,Clothing,Lipstick,Beauty,Female,988.88,56+,948,283,Apr-23,80
ORD6096,CUST2096,64,PROD1296,Germany,18-Jan-22,02-Oct-24,2,active,07-Nov-23,121.04,7,33,Clothing,Shampoo,Beauty,Male,847.28,56+,506,988,Nov-23,70
ORD6097,CUST2097,54,PROD1297,Pakistan,01-Mar-22,21-Nov-23,3,active,24-Jun-22,146.91,7,24,Clothing,Perfume,Beauty,Female,1028.37,46-55,822,630,Jun-22,80
ORD6098,CUST2098,50,PROD1298,Canada,02-Apr-22,09-Aug-23,3,paused,07-Aug-23,1319.96,1,39,Beauty,Cycling Helmet,Sports,Female,1319.96,46-55,926,494,Aug-23,100
ORD6099,CUST2099,63,PROD1299,Germany,05-Jul-22,10-Apr-25,1,paused,30-Jun-24,84.26,4,15,Sports,Running Shoes,Sports,Female,337.04,56+,316,1010,Jun-24,80
ORD6100,CUST2100,33,PROD1300,USA,05-Jul-22,30-Sep-22,5,active,05-Feb-25,313.24,4,45,Clothing,Gaming Console,Electronics,Male,1252.96,26-35,1239,87,Feb-25,80
ORD6101,CUST2101,18,PROD1301,India,27-Apr-22,20-Feb-24,5,cancelled,08-Jun-24,261.8,4,49,Sports,Laptop,Electronics,Female,1047.2,18-25,731,664,Jun-24,80
ORD6102,CUST2102,69,PROD1302,Canada,28-Jul-23,12-Dec-23,2,active,22-Jan-24,366.08,4,29,Electronics,Tennis Racket,Sports,Female,1464.32,56+,801,137,Jan-24,70
ORD6103,CUST2103,67,PROD1303,Canada,31-Mar-23,13-Jun-25,4,active,14-Feb-25,302.55,5,30,Sports,Refrigerator,Home,Male,1512.75,56+,252,805,Feb-25,80
ORD6104,CUST2104,38,PROD1304,Pakistan,28-Jan-21,10-Oct-24,5,active,25-Dec-24,72.5,2,27,Beauty,Lipstick,Beauty,Other,145,36-45,498,1351,Dec-24,80
ORD6105,CUST2105,44,PROD1305,India,14-Jun-21,21-Jun-24,3,active,27-Dec-21,1194.42,1,29,Home,Running Shoes,Sports,Male,1194.42,36-45,609,1103,Dec-21,80
ORD6106,CUST2106,22,PROD1306,USA,13-Sep-20,30-Jul-23,2,active,15-Oct-21,136.82,8,39,Sports,Moisturizer,Beauty,Female,1094.56,18-25,936,1050,Oct-21,70
ORD6107,CUST2107,53,PROD1307,Pakistan,31-Aug-22,28-Dec-22,5,active,08-Nov-24,1491.08,1,41,Electronics,Headphones,Electronics,Male,1491.08,46-55,1150,119,Nov-24,80
ORD6108,CUST2108,69,PROD1308,USA,16-Oct-22,28-Mar-23,0,cancelled,18-Nov-24,175.08,9,35,Electronics,Tennis Racket,Sports,Other,1575.72,56+,1060,163,Nov-24,50
ORD6109,CUST2109,22,PROD1309,UK,30-Nov-20,12-Jan-24,3,active,10-Mar-21,446.47,4,14,Clothing,Skirt,Clothing,Male,1785.88,18-25,770,1138,Mar-21,80
ORD6110,CUST2110,54,PROD1310,UK,23-Dec-21,25-Dec-22,5,active,14-Mar-25,204.18,4,43,Beauty,Headphones,Electronics,Female,816.72,46-55,1153,367,Mar-25,80
ORD6111,CUST2111,36,PROD1311,USA,16-Aug-22,09-Mar-23,5,active,04-Jun-23,964.5,2,9,Home,Chair,Home,Male,1929,36-45,1079,205,Jun-23,80
ORD6112,CUST2112,24,PROD1312,UK,26-Jan-21,04-Mar-24,0,active,06-Jun-22,134.3,8,44,Sports,Shirt,Clothing,Female,1074.4,18-25,718,1133,Jun-22,50
ORD6113,CUST2113,64,PROD1313,UK,12-May-21,30-Jul-21,0,active,13-Aug-21,228.67,5,19,Beauty,Smartwatch,Electronics,Female,1143.35,56+,1666,79,Aug-21,50
ORD6114,CUST2114,19,PROD1314,USA,07-Nov-22,16-Apr-23,2,paused,18-May-24,360.22,5,33,Sports,Smartphone,Electronics,Male,1801.1,18-25,1041,160,May-24,90
ORD6115,CUST2115,29,PROD1315,Pakistan,27-Dec-20,28-Aug-23,3,active,08-Apr-23,99.05,3,28,Clothing,Vacuum Cleaner,Home,Female,297.15,26-35,907,974,Apr-23,80
ORD6116,CUST2116,61,PROD1316,Germany,24-May-21,04-Sep-23,4,paused,28-Nov-22,212.47,7,15,Beauty,Smartphone,Electronics,Female,1487.29,56+,900,833,Nov-22,100
ORD6117,CUST2117,59,PROD1317,USA,10-Apr-22,24-May-22,1,active,30-Aug-23,14.12,8,19,Sports,Vacuum Cleaner,Home,Male,112.96,56+,1368,44,Aug-23,60
ORD6118,CUST2118,66,PROD1318,India,15-Sep-20,20-Sep-20,3,cancelled,04-Aug-23,258.37,4,44,Sports,Running Shoes,Sports,Male,1033.48,56+,1979,5,Aug-23,80
ORD6119,CUST2119,23,PROD1319,USA,08-Jun-22,04-May-24,1,active,14-Apr-24,141.45,9,37,Sports,Tennis Racket,Sports,Female,1273.05,18-25,657,696,Apr-24,60
ORD6120,CUST2120,41,PROD1320,Pakistan,27-May-23,23-Nov-23,5,cancelled,13-Dec-23,52.81,9,43,Clothing,Moisturizer,Beauty,Male,475.29,36-45,820,180,Dec-23,80
ORD6121,CUST2121,58,PROD1321,USA,28-Feb-23,07-Jul-24,0,cancelled,25-Jul-23,169.81,5,38,Sports,Chair,Home,Female,849.05,56+,593,495,Jul-23,50
ORD6122,CUST2122,37,PROD1322,UK,25-Sep-22,27-Nov-23,1,active,24-Jan-23,111.99,6,8,Beauty,Laptop,Electronics,Male,671.94,36-45,816,428,Jan-23,60
ORD6123,CUST2123,40,PROD1323,UK,19-Dec-20,31-Mar-22,0,paused,08-Aug-24,564.3,3,7,Home,Lipstick,Beauty,Other,1692.9,36-45,1422,467,Aug-24,70
ORD6124,CUST2124,68,PROD1324,USA,28-Dec-20,08-Mar-24,0,active,14-Nov-22,244.71,4,23,Sports,Face Wash,Beauty,Male,978.84,56+,714,1166,Nov-22,50
ORD6125,CUST2125,23,PROD1325,Canada,21-Oct-20,10-Nov-20,1,active,25-Jan-23,603.87,1,11,Sports,Dumbbells,Sports,Female,603.87,18-25,1928,20,Jan-23,60
ORD6126,CUST2126,25,PROD1326,Germany,12-Oct-20,14-Sep-22,1,active,30-Jun-21,232.11,2,25,Sports,Foundation,Beauty,Male,464.22,18-25,1255,702,Jun-21,60
ORD6127,CUST2127,60,PROD1327,Germany,02-Mar-23,03-Aug-25,1,paused,27-Mar-24,50.52,5,7,Clothing,Microwave,Home,Female,252.6,56+,201,885,Mar-24,80
ORD6128,CUST2128,24,PROD1328,UK,17-May-23,25-Sep-24,5,active,15-Jul-25,407.04,2,33,Home,Cycling Helmet,Sports,Male,814.08,18-25,513,497,Jul-25,80
ORD6129,CUST2129,66,PROD1329,USA,28-May-21,14-Mar-22,3,active,04-Aug-24,212.92,9,30,Sports,Moisturizer,Beauty,Male,1916.28,56+,1439,290,Aug-24,80
ORD6130,CUST2130,40,PROD1330,Pakistan,03-Oct-20,25-Jan-24,5,cancelled,11-Dec-21,119.35,9,9,Sports,Conditioner,Beauty,Male,1074.15,36-45,757,1209,Dec-21,80
ORD6131,CUST2131,62,PROD1331,Canada,03-Sep-21,14-May-25,4,active,22-Jul-25,36.75,5,46,Sports,Smartphone,Electronics,Male,183.75,56+,282,1349,Jul-25,80
ORD6132,CUST2132,61,PROD1332,India,21-Aug-22,01-May-23,3,cancelled,06-Oct-22,113.88,6,45,Sports,Basketball,Sports,Male,683.28,56+,1026,253,Oct-22,80
ORD6133,CUST2133,64,PROD1333,USA,09-Dec-22,24-May-24,4,active,05-Apr-24,168.95,9,5,Electronics,Dumbbells,Sports,Male,1520.55,56+,637,532,Apr-24,80
ORD6134,CUST2134,40,PROD1334,UK,13-Sep-21,17-Nov-23,4,paused,22-Jan-24,9.9,6,36,Clothing,Hoodie,Clothing,Female,59.4,36-45,826,795,Jan-24,100
ORD6135,CUST2135,40,PROD1335,India,15-Aug-23,12-Aug-24,0,active,20-Apr-25,200.24,9,29,Electronics,Dining Table,Home,Female,1802.16,36-45,557,363,Apr-25,50
ORD6136,CUST2136,21,PROD1336,Germany,11-Oct-22,18-Jun-24,3,active,28-May-24,45.59,8,45,Beauty,Lipstick,Beauty,Female,364.72,18-25,612,616,May-24,80
ORD6137,CUST2137,19,PROD1337,USA,01-Sep-22,05-Mar-23,3,active,23-May-25,42.19,4,46,Beauty,Sneakers,Clothing,Female,168.76,18-25,1083,185,May-25,80
ORD6138,CUST2138,52,PROD1338,Pakistan,14-Jun-21,10-Jan-23,2,paused,30-Aug-23,198.73,6,24,Clothing,Foundation,Beauty,Male,1192.38,46-55,1137,575,Aug-23,90
ORD6139,CUST2139,53,PROD1339,Germany,06-Mar-23,06-Apr-25,4,active,23-Feb-25,339.6,1,42,Home,T-Shirt,Clothing,Male,339.6,46-55,320,762,Feb-25,80
ORD6140,CUST2140,61,PROD1340,Pakistan,09-Sep-22,16-Nov-22,1,active,04-Nov-24,72.73,8,39,Clothing,Sneakers,Clothing,Female,581.84,56+,1192,68,Nov-24,60
ORD6141,CUST2141,32,PROD1341,UK,04-Feb-21,09-Sep-22,5,cancelled,12-Aug-21,215.41,4,45,Sports,Microwave,Home,Female,861.64,26-35,1260,582,Aug-21,80
ORD6142,CUST2142,53,PROD1342,India,03-Aug-22,22-Dec-22,5,cancelled,25-Jul-23,91.74,8,47,Sports,Smartwatch,Electronics,Female,733.92,46-55,1156,141,Jul-23,80
ORD6143,CUST2143,24,PROD1343,Canada,05-Aug-23,11-Dec-23,1,active,06-Jan-25,57.28,9,49,Electronics,Bluetooth Speaker,Electronics,Other,515.52,18-25,802,128,Jan-25,60
ORD6144,CUST2144,47,PROD1344,USA,03-Jul-23,24-May-25,4,active,30-Jan-24,155.31,5,29,Beauty,Tablet,Electronics,Female,776.55,46-55,272,691,Jan-24,80
ORD6145,CUST2145,62,PROD1345,UK,18-Oct-20,29-Apr-21,3,active,27-Sep-21,776.04,1,18,Electronics,Dress,Clothing,Female,776.04,56+,1758,193,Sep-21,80
ORD6146,CUST2146,49,PROD1346,India,12-Mar-21,11-Oct-24,0,cancelled,10-Jun-22,269.9,3,37,Sports,Blender,Home,Female,809.7,46-55,497,1309,Jun-22,50
ORD6147,CUST2147,60,PROD1347,Germany,19-Jun-22,15-Jul-25,5,cancelled,18-May-23,224.54,2,14,Sports,Moisturizer,Beauty,Female,449.08,56+,220,1122,May-23,80
ORD6148,CUST2148,48,PROD1348,Pakistan,11-Apr-21,07-Feb-22,4,cancelled,06-Jan-25,211.38,5,16,Clothing,Tennis Racket,Sports,Female,1056.9,46-55,1474,302,Jan-25,80
ORD6149,CUST2149,36,PROD1349,UK,10-Oct-22,22-Apr-25,3,active,15-Jan-25,64.8,9,16,Beauty,Lamp,Home,Female,583.2,36-45,304,925,Jan-25,80
ORD6150,CUST2150,30,PROD1350,UK,03-Mar-23,21-Mar-24,5,active,04-Apr-24,189.04,7,46,Sports,Hoodie,Clothing,Female,1323.28,26-35,701,384,Apr-24,80
ORD6151,CUST2151,57,PROD1351,Germany,24-Dec-21,16-Dec-24,4,active,01-Apr-22,309.54,5,17,Clothing,Smartwatch,Electronics,Male,1547.7,56+,431,1088,Apr-22,80
ORD6152,CUST2152,21,PROD1352,Pakistan,20-Dec-20,24-Jul-25,3,active,23-Feb-22,221.26,9,2,Electronics,Running Shoes,Sports,Male,1991.34,18-25,211,1677,Feb-22,80
ORD6153,CUST2153,20,PROD1353,USA,31-Jan-23,08-Feb-25,0,paused,19-Jan-25,235.28,8,27,Sports,Conditioner,Beauty,Male,1882.24,18-25,377,739,Jan-25,70
ORD6154,CUST2154,48,PROD1354,Pakistan,31-May-23,12-Mar-25,4,active,21-Aug-23,1010.74,1,39,Beauty,Sneakers,Clothing,Female,1010.74,46-55,345,651,Aug-23,80
ORD6155,CUST2155,61,PROD1355,Germany,18-May-23,23-Jun-23,2,active,22-Oct-24,38.46,1,32,Sports,Yoga Mat,Sports,Other,38.46,56+,973,36,Oct-24,70
ORD6156,CUST2156,53,PROD1356,UK,14-Nov-22,26-Oct-24,5,paused,22-Aug-24,38.54,6,6,Sports,Dress,Clothing,Male,231.24,46-55,482,712,Aug-24,100
ORD6157,CUST2157,49,PROD1357,USA,24-Jan-21,25-Oct-23,0,paused,25-Dec-21,373.1,4,45,Beauty,Laptop,Electronics,Female,1492.4,46-55,849,1004,Dec-21,70
ORD6158,CUST2158,39,PROD1358,USA,12-Aug-23,29-Jun-25,3,active,27-Jul-24,150.26,7,18,Sports,Tablet,Electronics,Male,1051.82,36-45,236,687,Jul-24,80
ORD6159,CUST2159,37,PROD1359,Pakistan,08-Aug-23,26-Jul-25,3,active,09-Mar-25,183.51,8,25,Electronics,Nail Polish,Beauty,Male,1468.08,36-45,209,718,Mar-25,80
ORD6160,CUST2160,42,PROD1360,UK,17-Mar-21,24-Nov-23,3,active,04-Nov-24,348.89,3,49,Electronics,Jeans,Clothing,Female,1046.67,36-45,819,982,Nov-24,80
ORD6161,CUST2161,27,PROD1361,UK,27-Feb-22,03-Jun-22,4,paused,10-Apr-24,113.81,9,5,Clothing,Football,Sports,Female,1024.29,26-35,1358,96,Apr-24,100
ORD6162,CUST2162,25,PROD1362,Germany,19-Feb-21,15-Apr-21,1,active,23-Jul-21,25.64,6,32,Electronics,Sneakers,Clothing,Male,153.84,18-25,1772,55,Jul-21,60
ORD6163,CUST2163,20,PROD1363,USA,09-May-21,14-Aug-24,3,active,26-Nov-23,66.08,4,29,Beauty,Perfume,Beauty,Male,264.32,18-25,555,1193,Nov-23,80
ORD6164,CUST2164,20,PROD1364,Germany,10-May-21,26-Oct-23,2,paused,30-Mar-25,177.6,6,7,Electronics,Blender,Home,Male,1065.6,18-25,848,899,Mar-25,90
ORD6165,CUST2165,55,PROD1365,UK,02-Sep-20,21-Apr-22,5,active,28-Nov-24,408.87,4,31,Home,Moisturizer,Beauty,Male,1635.48,46-55,1401,596,Nov-24,80
ORD6166,CUST2166,20,PROD1366,Canada,06-Feb-21,25-Mar-23,4,paused,29-Jun-22,86.47,8,13,Clothing,Cricket Bat,Sports,Male,691.76,18-25,1063,777,Jun-22,100
ORD6167,CUST2167,60,PROD1367,UK,09-Dec-22,18-Aug-25,0,active,02-Apr-24,615.92,2,27,Home,Yoga Mat,Sports,Female,1231.84,56+,186,983,Apr-24,50
ORD6168,CUST2168,46,PROD1368,UK,02-Sep-20,12-Jan-22,3,active,24-Oct-22,662.46,2,8,Electronics,Conditioner,Beauty,Female,1324.92,46-55,1500,497,Oct-22,80
ORD6169,CUST2169,63,PROD1369,Canada,19-Nov-20,12-May-23,3,active,15-Dec-23,490.33,3,15,Beauty,Blender,Home,Female,1470.99,56+,1015,904,Dec-23,80
ORD6170,CUST2170,67,PROD1370,UK,26-Dec-22,08-May-24,3,paused,03-Feb-25,379.99,5,4,Electronics,Blender,Home,Female,1899.95,56+,653,499,Feb-25,100
ORD6171,CUST2171,60,PROD1371,USA,23-Jan-23,11-Feb-25,3,cancelled,26-Mar-23,260.34,6,45,Home,Football,Sports,Male,1562.04,56+,374,750,Mar-23,80
ORD6172,CUST2172,64,PROD1372,UK,03-Oct-20,18-Sep-22,2,active,24-Jul-24,223.82,5,35,Clothing,Sofa,Home,Male,1119.1,56+,1251,715,Jul-24,70
ORD6173,CUST2173,69,PROD1373,Pakistan,01-Sep-20,25-Feb-21,5,active,29-Dec-20,268.72,7,21,Clothing,Chair,Home,Female,1881.04,56+,1821,177,Dec-20,80
ORD6174,CUST2174,26,PROD1374,Pakistan,20-Oct-22,28-Nov-23,5,active,08-Jan-23,142.76,8,31,Clothing,Running Shoes,Sports,Male,1142.08,26-35,815,404,Jan-23,80
ORD6175,CUST2175,19,PROD1375,USA,14-Sep-21,01-Aug-22,0,active,05-Mar-25,118.26,9,35,Home,Shampoo,Beauty,Male,1064.34,18-25,1299,321,Mar-25,50
ORD6176,CUST2176,54,PROD1376,India,11-Sep-22,02-Jan-23,1,cancelled,17-Aug-24,166.92,8,40,Sports,Jeans,Clothing,Male,1335.36,46-55,1145,113,Aug-24,60
ORD6177,CUST2177,61,PROD1377,USA,28-Oct-22,12-Mar-25,5,active,26-Apr-24,1356.12,1,49,Clothing,Jacket,Clothing,Male,1356.12,56+,345,866,Apr-24,80
ORD6178,CUST2178,67,PROD1378,India,18-May-22,19-Aug-25,1,cancelled,11-Nov-23,328.73,6,46,Clothing,Skirt,Clothing,Male,1972.38,56+,185,1189,Nov-23,60
ORD6179,CUST2179,46,PROD1379,Canada,19-Sep-22,21-Jul-23,1,active,20-Sep-24,38.73,9,16,Beauty,Foundation,Beauty,Male,348.57,46-55,945,305,Sep-24,60
ORD6180,CUST2180,68,PROD1380,Germany,15-Nov-20,17-Aug-21,3,paused,23-Oct-24,201.67,8,17,Electronics,T-Shirt,Clothing,Male,1613.36,56+,1648,275,Oct-24,100
ORD6181,CUST2181,30,PROD1381,Pakistan,29-Sep-21,27-Nov-23,3,cancelled,05-Jan-23,8.3,4,6,Sports,Football,Sports,Male,33.2,26-35,816,789,Jan-23,80
ORD6182,CUST2182,28,PROD1382,Germany,23-Feb-22,17-Mar-24,3,active,25-Dec-22,130.65,9,33,Electronics,Football,Sports,Female,1175.85,26-35,705,753,Dec-22,80
ORD6183,CUST2183,59,PROD1383,UK,14-Jul-22,22-Oct-23,2,active,03-Oct-22,299.8,3,18,Clothing,Tennis Racket,Sports,Male,899.4,56+,852,465,Oct-22,70
ORD6184,CUST2184,45,PROD1384,Pakistan,30-May-22,04-Nov-22,0,cancelled,01-Apr-24,321.99,2,26,Home,Smartwatch,Electronics,Male,643.98,36-45,1204,158,Apr-24,50
ORD6185,CUST2185,60,PROD1385,Canada,29-Aug-22,01-Feb-23,3,paused,29-Jun-24,409.8,2,4,Clothing,Dumbbells,Sports,Female,819.6,56+,1115,156,Jun-24,100
ORD6186,CUST2186,67,PROD1386,Pakistan,04-Oct-22,07-Jul-23,2,paused,21-Jan-23,119.69,9,30,Sports,Dress,Clothing,Male,1077.21,56+,959,276,Jan-23,90
ORD6187,CUST2187,35,PROD1387,Pakistan,05-Jul-22,29-Nov-23,2,cancelled,14-Sep-24,632.36,2,39,Electronics,Perfume,Beauty,Male,1264.72,26-35,814,512,Sep-24,70
ORD6188,CUST2188,62,PROD1388,Germany,21-Jun-21,18-Sep-23,0,cancelled,04-Sep-24,332.94,2,15,Clothing,Moisturizer,Beauty,Male,665.88,56+,886,819,Sep-24,50
ORD6189,CUST2189,22,PROD1389,Canada,30-May-22,03-Nov-24,3,active,25-Oct-23,378.98,5,9,Beauty,Microwave,Home,Male,1894.9,18-25,474,888,Oct-23,80
ORD6190,CUST2190,31,PROD1390,Pakistan,04-May-22,06-Feb-23,3,active,28-Jul-22,601.94,3,44,Sports,Dining Table,Home,Male,1805.82,26-35,1110,278,Jul-22,80
ORD6191,CUST2191,33,PROD1391,Canada,09-Nov-22,25-Jan-24,1,active,01-May-23,76.39,8,49,Clothing,Tablet,Electronics,Male,611.12,26-35,757,442,May-23,60
ORD6192,CUST2192,32,PROD1392,India,26-Jun-21,10-Jul-21,2,cancelled,30-Jun-25,247.03,6,27,Beauty,Lamp,Home,Female,1482.18,26-35,1686,14,Jun-25,70
ORD6193,CUST2193,50,PROD1393,UK,10-Oct-21,08-Jan-24,5,cancelled,15-Feb-25,215.7,4,13,Beauty,Sneakers,Clothing,Female,862.8,46-55,774,820,Feb-25,80
ORD6194,CUST2194,35,PROD1394,UK,18-Feb-22,10-Aug-25,3,active,18-Sep-22,474.15,4,40,Home,Laptop,Electronics,Female,1896.6,26-35,194,1269,Sep-22,80
ORD6195,CUST2195,57,PROD1395,UK,15-Feb-21,02-Jul-23,2,active,23-Sep-21,6.64,5,4,Home,Yoga Mat,Sports,Male,33.2,56+,964,867,Sep-21,70
ORD6196,CUST2196,58,PROD1396,UK,18-Sep-21,19-Apr-24,1,paused,10-Sep-24,757.47,2,21,Clothing,Face Wash,Beauty,Male,1514.94,56+,672,944,Sep-24,80
ORD6197,CUST2197,31,PROD1397,USA,31-Dec-22,06-Jul-23,2,active,10-Dec-23,384.35,5,41,Sports,Cycling Helmet,Sports,Other,1921.75,26-35,960,187,Dec-23,70
ORD6198,CUST2198,35,PROD1398,UK,09-Feb-21,19-Apr-23,5,active,22-Dec-22,252.19,4,7,Sports,Blender,Home,Male,1008.76,26-35,1038,799,Dec-22,80
ORD6199,CUST2199,30,PROD1399,USA,03-Aug-23,31-Oct-23,4,active,30-Apr-25,561.99,3,39,Sports,Cricket Bat,Sports,Male,1685.97,26-35,843,89,Apr-25,80
ORD6200,CUST2200,69,PROD1400,UK,19-Jan-22,04-Nov-23,5,active,23-Feb-22,156.84,3,20,Beauty,Cricket Bat,Sports,Male,470.52,56+,839,654,Feb-22,80
ORD6201,CUST2201,55,PROD1401,UK,11-Mar-23,12-Sep-23,2,active,16-Oct-23,948.96,1,25,Sports,Conditioner,Beauty,Female,948.96,46-55,892,185,Oct-23,70
ORD6202,CUST2202,56,PROD1402,UK,12-Jan-21,16-Dec-21,4,active,15-Nov-23,217.24,9,36,Electronics,Football,Sports,Female,1955.16,56+,1527,338,Nov-23,80
ORD6203,CUST2203,43,PROD1403,Canada,24-Apr-21,08-Oct-23,2,active,29-Nov-24,197.39,6,6,Electronics,Conditioner,Beauty,Male,1184.34,36-45,866,897,Nov-24,70
ORD6204,CUST2204,54,PROD1404,USA,07-Nov-21,01-Mar-24,1,active,22-Feb-24,99.21,7,47,Clothing,Moisturizer,Beauty,Female,694.47,46-55,721,845,Feb-24,60
ORD6205,CUST2205,30,PROD1405,USA,06-Jul-22,02-Mar-24,4,active,27-Mar-23,176.86,9,12,Beauty,Dumbbells,Sports,Male,1591.74,26-35,720,605,Mar-23,80
ORD6206,CUST2206,42,PROD1406,UK,21-Jan-21,01-Dec-24,4,paused,28-Sep-24,259.64,5,20,Clothing,Microwave,Home,Female,1298.2,36-45,446,1410,Sep-24,100
ORD6207,CUST2207,38,PROD1407,India,10-May-23,27-Dec-23,4,active,03-Aug-24,581.93,3,23,Sports,Hoodie,Clothing,Male,1745.79,36-45,786,231,Aug-24,80
ORD6208,CUST2208,48,PROD1408,Pakistan,22-Dec-21,28-Nov-22,0,active,15-Jun-24,297.19,1,27,Clothing,Dining Table,Home,Female,297.19,46-55,1180,341,Jun-24,50
ORD6209,CUST2209,67,PROD1409,Canada,21-May-22,09-May-25,1,cancelled,01-Aug-25,349.74,2,5,Electronics,Microwave,Home,Male,699.48,56+,287,1084,Aug-25,60
ORD6210,CUST2210,29,PROD1410,India,31-Oct-20,22-Mar-25,3,cancelled,01-Dec-20,603.4,1,19,Clothing,Jacket,Clothing,Male,603.4,26-35,335,1603,Dec-20,80
ORD6211,CUST2211,18,PROD1411,Germany,19-Jun-21,22-Oct-22,3,active,16-Nov-24,88.5,4,28,Electronics,Football,Sports,Male,354,18-25,1217,490,Nov-24,80
ORD6212,CUST2212,28,PROD1412,UK,12-Sep-22,11-May-24,0,active,13-Jun-25,144.34,8,36,Sports,Laptop,Electronics,Female,1154.72,26-35,650,607,Jun-25,50
ORD6213,CUST2213,57,PROD1413,India,04-Mar-22,20-Jan-24,4,active,29-Nov-24,927.7,2,23,Sports,Bluetooth Speaker,Electronics,Male,1855.4,56+,762,687,Nov-24,80
ORD6214,CUST2214,40,PROD1414,UK,09-Apr-22,20-May-23,4,paused,30-Oct-24,3.64,8,44,Sports,Laptop,Electronics,Male,29.12,36-45,1007,406,Oct-24,100
ORD6215,CUST2215,62,PROD1415,USA,01-May-21,05-Dec-23,0,cancelled,27-Jun-24,98.84,4,20,Electronics,Camera,Electronics,Male,395.36,56+,808,948,Jun-24,50
ORD6216,CUST2216,29,PROD1416,USA,12-Jan-21,07-Feb-23,0,active,26-Oct-24,121.81,9,42,Clothing,Sneakers,Clothing,Male,1096.29,26-35,1109,756,Oct-24,50
ORD6217,CUST2217,50,PROD1417,UK,08-Feb-21,15-Nov-24,0,active,03-Aug-23,204.64,3,5,Electronics,Nail Polish,Beauty,Male,613.92,46-55,462,1376,Aug-23,50
ORD6218,CUST2218,41,PROD1418,USA,01-Jun-23,20-Nov-24,0,active,08-Oct-24,168.35,9,29,Clothing,Perfume,Beauty,Female,1515.15,36-45,457,538,Oct-24,50
ORD6219,CUST2219,64,PROD1419,USA,11-Jul-21,04-May-22,4,paused,18-Apr-23,240.51,5,44,Clothing,Perfume,Beauty,Female,1202.55,56+,1388,297,Apr-23,100
ORD6220,CUST2220,39,PROD1420,Germany,02-Apr-21,02-Jan-25,1,active,12-Sep-24,13.55,6,6,Home,Jeans,Clothing,Female,81.3,36-45,414,1371,Sep-24,60
ORD6221,CUST2221,53,PROD1421,Pakistan,07-Nov-22,28-Apr-23,1,active,10-Feb-24,352.52,3,15,Beauty,Smartwatch,Electronics,Male,1057.56,46-55,1029,172,Feb-24,60
ORD6222,CUST2222,45,PROD1422,Canada,10-Apr-21,29-Aug-22,1,cancelled,27-Jul-21,640.56,3,38,Electronics,Headphones,Electronics,Male,1921.68,36-45,1271,506,Jul-21,60
ORD6223,CUST2223,60,PROD1423,Pakistan,04-Dec-21,23-Mar-24,0,active,18-Dec-22,212.95,3,22,Clothing,Jeans,Clothing,Other,638.85,56+,699,840,Dec-22,50
ORD6224,CUST2224,29,PROD1424,Germany,20-Sep-20,07-Oct-23,3,active,08-Feb-25,161.64,7,12,Electronics,T-Shirt,Clothing,Female,1131.48,26-35,867,1112,Feb-25,80
ORD6225,CUST2225,36,PROD1425,Pakistan,08-Jul-23,26-Nov-24,0,active,16-Apr-24,144.78,9,13,Clothing,Dress,Clothing,Female,1303.02,36-45,451,507,Apr-24,50
ORD6226,CUST2226,25,PROD1426,Germany,24-Mar-23,12-Jan-24,5,active,23-Sep-23,222.44,8,31,Home,Tennis Racket,Sports,Female,1779.52,18-25,770,294,Sep-23,80
ORD6227,CUST2227,52,PROD1427,India,18-May-22,30-Dec-22,3,active,27-Sep-24,29.69,7,48,Home,Gaming Console,Electronics,Male,207.83,46-55,1148,226,Sep-24,80
ORD6228,CUST2228,60,PROD1428,Germany,07-Apr-23,14-Mar-25,0,active,29-Dec-23,101.16,8,35,Home,Microwave,Home,Other,809.28,56+,343,707,Dec-23,50
ORD6229,CUST2229,53,PROD1429,UK,10-Aug-22,23-Feb-24,5,active,12-Dec-22,167.51,6,32,Home,Bluetooth Speaker,Electronics,Female,1005.06,46-55,728,562,Dec-22,80
ORD6230,CUST2230,46,PROD1430,India,20-May-21,25-Nov-23,5,cancelled,21-Sep-23,108.05,3,48,Home,Perfume,Beauty,Female,324.15,46-55,818,919,Sep-23,80
ORD6231,CUST2231,40,PROD1431,Pakistan,06-Feb-21,23-Jul-25,0,paused,18-May-25,332.43,6,38,Electronics,Face Wash,Beauty,Female,1994.58,36-45,212,1628,May-25,70
ORD6232,CUST2232,50,PROD1432,India,12-Dec-20,22-Dec-20,0,active,13-Feb-21,680.64,2,5,Clothing,Yoga Mat,Sports,Female,1361.28,46-55,1886,10,Feb-21,50
ORD6233,CUST2233,67,PROD1433,Canada,19-Oct-20,28-Nov-23,3,active,29-Jan-25,255.08,7,36,Sports,Cricket Bat,Sports,Female,1785.56,56+,815,1135,Jan-25,80
ORD6234,CUST2234,34,PROD1434,Germany,20-Aug-20,20-Jul-21,5,active,03-Oct-24,114.89,7,27,Clothing,Microwave,Home,Female,804.23,26-35,1676,334,Oct-24,80
ORD6235,CUST2235,44,PROD1435,Germany,09-Sep-22,25-Mar-24,1,active,25-Dec-23,192.6,6,17,Sports,Sneakers,Clothing,Female,1155.6,36-45,697,563,Dec-23,60
ORD6236,CUST2236,63,PROD1436,India,19-Jul-21,05-May-24,1,cancelled,12-Aug-22,138.94,3,27,Beauty,Smartwatch,Electronics,Female,416.82,56+,656,1021,Aug-22,60
ORD6237,CUST2237,49,PROD1437,Germany,09-Mar-21,31-Jan-25,4,active,03-Aug-25,1427.64,1,7,Sports,Football,Sports,Female,1427.64,46-55,385,1424,Aug-25,80
ORD6238,CUST2238,51,PROD1438,Pakistan,22-Dec-22,19-May-24,4,paused,10-Aug-24,24.99,7,18,Sports,T-Shirt,Clothing,Female,174.93,46-55,642,514,Aug-24,100
ORD6239,CUST2239,29,PROD1439,India,18-Jul-23,25-Nov-23,5,active,14-Dec-23,61.64,3,28,Sports,Headphones,Electronics,Male,184.92,26-35,818,130,Dec-23,80
ORD6240,CUST2240,44,PROD1440,Germany,02-Aug-22,06-Jun-24,1,active,12-Sep-24,537.06,2,39,Sports,Football,Sports,Male,1074.12,36-45,624,674,Sep-24,60
ORD6241,CUST2241,55,PROD1441,Germany,03-Mar-21,01-Oct-22,0,active,19-Apr-23,212.08,4,16,Electronics,Face Wash,Beauty,Female,848.32,46-55,1238,577,Apr-23,50
ORD6242,CUST2242,41,PROD1442,Pakistan,18-Feb-23,07-Mar-25,4,active,19-Aug-24,243.58,4,14,Sports,Jeans,Clothing,Female,974.32,36-45,350,748,Aug-24,80
ORD6243,CUST2243,26,PROD1443,UK,11-Oct-22,01-May-24,3,active,03-Mar-23,992.4,2,10,Electronics,Bluetooth Speaker,Electronics,Female,1984.8,26-35,660,568,Mar-23,80
ORD6244,CUST2244,18,PROD1444,Germany,16-Jun-21,01-Oct-24,5,active,13-Feb-22,610.13,1,20,Electronics,Sneakers,Clothing,Male,610.13,18-25,507,1203,Feb-22,80
ORD6245,CUST2245,55,PROD1445,Canada,13-Nov-20,16-Sep-23,3,active,07-Sep-23,61.51,9,7,Electronics,Nail Polish,Beauty,Female,553.59,46-55,888,1037,Sep-23,80
ORD6246,CUST2246,36,PROD1446,Germany,29-Sep-22,14-Aug-24,3,cancelled,27-Feb-23,699.76,2,28,Electronics,Dining Table,Home,Female,1399.52,36-45,555,685,Feb-23,80
ORD6247,CUST2247,60,PROD1447,India,18-Jan-21,07-May-25,0,active,31-Oct-21,1111.66,1,8,Beauty,Camera,Electronics,Male,1111.66,56+,289,1570,Oct-21,50
ORD6248,CUST2248,46,PROD1448,India,13-Apr-23,16-Mar-25,3,active,02-Oct-23,43.79,9,5,Home,Running Shoes,Sports,Male,394.11,46-55,341,703,Oct-23,80
ORD6249,CUST2249,49,PROD1449,Germany,08-Feb-22,02-Aug-23,4,cancelled,30-Aug-24,27.02,6,35,Home,Smartwatch,Electronics,Male,162.12,46-55,933,540,Aug-24,80
ORD6250,CUST2250,48,PROD1450,UK,12-Nov-21,05-Jul-23,1,active,08-Jul-22,124.78,4,10,Electronics,Cricket Bat,Sports,Male,499.12,46-55,961,600,Jul-22,60
ORD6251,CUST2251,58,PROD1451,USA,06-Sep-20,19-Jul-21,4,cancelled,02-Jun-25,169.03,6,44,Beauty,Cricket Bat,Sports,Female,1014.18,56+,1677,316,Jun-25,80
ORD6252,CUST2252,26,PROD1452,Canada,05-Jul-21,22-Feb-24,1,active,05-Dec-24,133.46,2,39,Sports,T-Shirt,Clothing,Male,266.92,26-35,729,962,Dec-24,60
ORD6253,CUST2253,42,PROD1453,Pakistan,10-Aug-21,09-Jul-23,2,active,03-Dec-24,4.87,8,19,Home,Football,Sports,Female,38.96,36-45,957,698,Dec-24,70
ORD6254,CUST2254,54,PROD1454,Canada,14-Oct-21,16-Oct-21,4,paused,20-Oct-24,526.33,1,33,Home,Conditioner,Beauty,Female,526.33,46-55,1588,2,Oct-24,100
ORD6255,CUST2255,51,PROD1455,India,10-May-21,11-Sep-22,2,cancelled,01-Nov-22,654.83,3,19,Sports,Dumbbells,Sports,Female,1964.49,46-55,1258,489,Nov-22,70
ORD6256,CUST2256,28,PROD1456,Germany,23-Sep-21,03-Dec-22,0,active,07-Feb-25,328.15,3,39,Clothing,Perfume,Beauty,Female,984.45,26-35,1175,436,Feb-25,50
ORD6257,CUST2257,56,PROD1457,Canada,12-Sep-20,17-Dec-23,2,cancelled,21-Apr-21,106.11,4,6,Home,Sneakers,Clothing,Male,424.44,56+,796,1191,Apr-21,70
ORD6258,CUST2258,46,PROD1458,Canada,20-Sep-21,24-Sep-24,3,active,21-Apr-24,102.14,3,17,Beauty,Dining Table,Home,Male,306.42,46-55,514,1100,Apr-24,80
ORD6259,CUST2259,39,PROD1459,Germany,20-Oct-20,27-Mar-21,0,active,08-Jan-23,194.13,7,39,Clothing,Basketball,Sports,Male,1358.91,36-45,1791,158,Jan-23,50
ORD6260,CUST2260,50,PROD1460,Germany,28-Feb-22,11-Sep-23,5,active,02-Jan-24,193.65,6,4,Beauty,Dumbbells,Sports,Male,1161.9,46-55,893,560,Jan-24,80
ORD6261,CUST2261,50,PROD1461,UK,11-Feb-23,26-Feb-25,2,active,14-Mar-23,35.03,6,47,Clothing,Perfume,Beauty,Female,210.18,46-55,359,746,Mar-23,70
ORD6262,CUST2262,58,PROD1462,USA,15-Dec-22,01-Oct-23,0,paused,12-Apr-23,30.41,3,29,Clothing,Refrigerator,Home,Male,91.23,56+,873,290,Apr-23,70
ORD6263,CUST2263,19,PROD1463,UK,11-Mar-23,06-Apr-25,3,paused,04-Feb-24,375.98,3,38,Electronics,Cricket Bat,Sports,Female,1127.94,18-25,320,757,Feb-24,100
ORD6264,CUST2264,25,PROD1464,Pakistan,23-Jul-23,30-May-24,1,active,31-Jul-25,289.06,2,38,Clothing,Cricket Bat,Sports,Male,578.12,18-25,631,312,Jul-25,60
ORD6265,CUST2265,48,PROD1465,Canada,05-Nov-21,10-Aug-22,3,active,25-May-23,124.07,3,27,Electronics,Conditioner,Beauty,Female,372.21,46-55,1290,278,May-23,80
ORD6266,CUST2266,28,PROD1466,Canada,04-Sep-20,06-Mar-23,5,active,22-Sep-24,563.9,2,49,Beauty,Bluetooth Speaker,Electronics,Female,1127.8,26-35,1082,913,Sep-24,80
ORD6267,CUST2267,65,PROD1467,UK,27-Jun-21,17-Apr-24,1,cancelled,28-Apr-22,198.64,6,11,Home,Sofa,Home,Male,1191.84,56+,674,1025,Apr-22,60
ORD6268,CUST2268,68,PROD1468,USA,21-Aug-21,11-Sep-21,3,cancelled,29-Jun-23,248.56,8,4,Home,Conditioner,Beauty,Female,1988.48,56+,1623,21,Jun-23,80
ORD6269,CUST2269,43,PROD1469,Pakistan,16-Feb-21,17-Jan-24,4,active,21-Feb-24,218.97,7,23,Sports,Perfume,Beauty,Female,1532.79,36-45,765,1065,Feb-24,80
ORD6270,CUST2270,24,PROD1470,UK,21-Jun-22,08-Oct-23,0,active,26-Aug-23,915.31,1,42,Home,Running Shoes,Sports,Male,915.31,18-25,866,474,Aug-23,50
ORD6271,CUST2271,55,PROD1471,Canada,10-Apr-22,17-Oct-22,3,active,15-Jan-24,323.13,3,43,Beauty,Skirt,Clothing,Male,969.39,46-55,1222,190,Jan-24,80
ORD6272,CUST2272,47,PROD1472,USA,04-Feb-23,16-Apr-25,2,paused,10-Sep-23,50.14,8,17,Beauty,Vacuum Cleaner,Home,Male,401.12,46-55,310,802,Sep-23,90
ORD6273,CUST2273,25,PROD1473,Pakistan,31-Mar-21,29-Jul-21,5,active,21-Apr-21,1991.63,1,31,Beauty,Dress,Clothing,Female,1991.63,18-25,1667,120,Apr-21,80
ORD6274,CUST2274,60,PROD1474,Canada,30-Mar-21,10-Nov-24,0,active,27-Jan-25,382.55,3,1,Sports,Dumbbells,Sports,Female,1147.65,56+,467,1321,Jan-25,50
ORD6275,CUST2275,58,PROD1475,India,17-Aug-22,03-Aug-25,4,active,11-Jul-25,29.84,5,12,Electronics,Chair,Home,Male,149.2,56+,201,1082,Jul-25,80
ORD6276,CUST2276,18,PROD1476,India,13-Sep-22,06-Dec-22,5,paused,24-May-23,140.01,6,19,Sports,Bluetooth Speaker,Electronics,Female,840.06,18-25,1172,84,May-23,100
ORD6277,CUST2277,53,PROD1477,USA,01-Mar-21,26-Feb-24,2,active,02-Jan-24,32.62,5,18,Home,Camera,Electronics,Male,163.1,46-55,725,1092,Jan-24,70
ORD6278,CUST2278,34,PROD1478,UK,26-Feb-23,26-Jan-24,0,cancelled,11-Aug-23,529.1,3,32,Sports,Foundation,Beauty,Female,1587.3,26-35,756,334,Aug-23,50
ORD6279,CUST2279,53,PROD1479,Canada,13-Mar-23,05-Aug-25,1,active,30-Oct-24,10.29,6,4,Home,Cycling Helmet,Sports,Female,61.74,46-55,199,876,Oct-24,60
ORD6280,CUST2280,41,PROD1480,Germany,09-Feb-23,09-Oct-24,1,active,29-Jun-24,142.15,8,21,Clothing,Hoodie,Clothing,Male,1137.2,36-45,499,608,Jun-24,60
ORD6281,CUST2281,27,PROD1481,Germany,05-Jan-23,19-Aug-25,2,active,18-Nov-24,145.91,9,4,Electronics,Smartwatch,Electronics,Male,1313.19,26-35,185,957,Nov-24,70
ORD6282,CUST2282,27,PROD1482,UK,24-Jul-21,08-Aug-24,0,active,21-Aug-23,105.25,5,36,Home,Hoodie,Clothing,Female,526.25,26-35,561,1111,Aug-23,50
ORD6283,CUST2283,52,PROD1483,Germany,13-Jan-22,13-Aug-23,1,active,17-Aug-24,97.62,6,33,Electronics,Blender,Home,Male,585.72,46-55,922,577,Aug-24,60
ORD6284,CUST2284,46,PROD1484,India,30-Sep-21,20-Nov-24,2,active,21-Feb-22,214.28,9,28,Clothing,Gaming Console,Electronics,Male,1928.52,46-55,457,1147,Feb-22,70
ORD6285,CUST2285,26,PROD1485,UK,23-May-22,09-May-25,4,active,27-Nov-23,203.87,5,35,Home,Headphones,Electronics,Male,1019.35,26-35,287,1082,Nov-23,80
ORD6286,CUST2286,56,PROD1486,UK,10-Jun-21,24-Oct-22,2,active,03-Jan-24,104.25,7,34,Beauty,Sneakers,Clothing,Female,729.75,56+,1215,501,Jan-24,70
ORD6287,CUST2287,32,PROD1487,Canada,01-May-21,11-May-24,0,active,10-Jan-24,42.2,8,36,Beauty,Face Wash,Beauty,Female,337.6,26-35,650,1106,Jan-24,50
ORD6288,CUST2288,69,PROD1488,India,07-Jul-22,28-May-23,2,cancelled,22-Sep-24,417.98,4,35,Sports,Perfume,Beauty,Female,1671.92,56+,999,325,Sep-24,70
ORD6289,CUST2289,64,PROD1489,Pakistan,04-Mar-23,26-Sep-24,5,cancelled,21-Oct-23,115.36,6,5,Electronics,Camera,Electronics,Female,692.16,56+,512,572,Oct-23,80
ORD6290,CUST2290,24,PROD1490,Pakistan,18-Jun-22,29-May-24,3,paused,01-Mar-23,51.56,6,27,Home,Dining Table,Home,Female,309.36,18-25,632,711,Mar-23,100
ORD6291,CUST2291,18,PROD1491,Germany,10-Aug-22,05-Jul-23,5,cancelled,16-Jun-24,201.74,4,19,Sports,T-Shirt,Clothing,Male,806.96,18-25,961,329,Jun-24,80
ORD6292,CUST2292,19,PROD1492,Canada,17-Nov-21,17-Feb-23,1,active,12-Jun-23,5.47,5,39,Home,Shirt,Clothing,Female,27.35,18-25,1099,457,Jun-23,60
ORD6293,CUST2293,59,PROD1493,USA,22-Nov-20,06-Dec-22,2,cancelled,07-Jul-21,90.05,9,26,Sports,Microwave,Home,Female,810.45,56+,1172,744,Jul-21,70
ORD6294,CUST2294,19,PROD1494,UK,29-Mar-23,06-Jan-25,2,active,02-Jun-25,96.8,6,32,Clothing,Jeans,Clothing,Female,580.8,18-25,410,649,Jun-25,70
ORD6295,CUST2295,31,PROD1495,Pakistan,25-May-21,20-May-24,4,active,30-Dec-22,242.91,6,40,Beauty,Sneakers,Clothing,Male,1457.46,26-35,641,1091,Dec-22,80
ORD6296,CUST2296,66,PROD1496,India,02-Apr-22,26-May-24,3,active,25-Jul-22,346.43,4,10,Sports,Smartwatch,Electronics,Male,1385.72,56+,635,785,Jul-22,80
ORD6297,CUST2297,63,PROD1497,Germany,05-Dec-22,05-Mar-25,1,active,13-Sep-24,272.76,5,30,Home,Dress,Clothing,Female,1363.8,56+,352,821,Sep-24,60
ORD6298,CUST2298,56,PROD1498,Canada,09-Oct-21,17-Mar-24,0,paused,21-Jan-25,125.7,2,16,Electronics,Yoga Mat,Sports,Female,251.4,56+,705,890,Jan-25,70
ORD6299,CUST2299,33,PROD1499,USA,15-Feb-22,14-Jan-23,2,active,06-Apr-24,71.6,8,13,Electronics,Foundation,Beauty,Female,572.8,26-35,1133,333,Apr-24,70
ORD6300,CUST2300,22,PROD1500,Pakistan,05-Nov-22,04-Jun-23,1,cancelled,01-Aug-24,182.98,4,36,Home,Running Shoes,Sports,Female,731.92,18-25,992,211,Aug-24,60
ORD6301,CUST2301,44,PROD1501,USA,17-Oct-22,17-Dec-23,2,cancelled,12-Feb-24,45.81,1,18,Electronics,Face Wash,Beauty,Male,45.81,36-45,796,426,Feb-24,70
ORD6302,CUST2302,49,PROD1502,India,08-Oct-20,19-Nov-22,3,active,03-Jul-24,221.45,6,29,Home,Bluetooth Speaker,Electronics,Male,1328.7,46-55,1189,772,Jul-24,80
ORD6303,CUST2303,24,PROD1503,Canada,24-Mar-22,13-Jan-24,1,cancelled,24-Mar-22,185.94,8,4,Home,Lipstick,Beauty,Female,1487.52,18-25,769,660,Mar-22,60
ORD6304,CUST2304,57,PROD1504,USA,03-Sep-20,22-Feb-22,4,active,02-Nov-21,842.3,2,11,Home,Jacket,Clothing,Female,1684.6,56+,1459,537,Nov-21,80
ORD6305,CUST2305,19,PROD1505,Canada,03-Apr-21,08-May-22,5,active,16-Mar-23,1871.19,1,13,Electronics,Skirt,Clothing,Male,1871.19,18-25,1384,400,Mar-23,80
ORD6306,CUST2306,37,PROD1506,USA,11-Jul-23,18-Dec-24,5,active,19-Sep-23,618.69,2,2,Clothing,Camera,Electronics,Male,1237.38,36-45,429,526,Sep-23,80
ORD6307,CUST2307,58,PROD1507,Canada,07-Jan-21,28-Nov-21,4,cancelled,08-Apr-21,165.97,7,22,Home,Cricket Bat,Sports,Female,1161.79,56+,1545,325,Apr-21,80
ORD6308,CUST2308,27,PROD1508,USA,25-Jul-22,20-Nov-23,1,cancelled,15-Mar-24,241.95,7,20,Clothing,Smartphone,Electronics,Female,1693.65,26-35,823,483,Mar-24,60
ORD6309,CUST2309,67,PROD1509,UK,31-Jul-22,09-Jul-24,3,active,25-Aug-23,207.24,8,6,Sports,Basketball,Sports,Male,1657.92,56+,591,709,Aug-23,80
ORD6310,CUST2310,27,PROD1510,Canada,16-Apr-23,07-Mar-24,3,active,20-Dec-23,428.21,3,47,Home,Gaming Console,Electronics,Male,1284.63,26-35,715,326,Dec-23,80
ORD6311,CUST2311,27,PROD1511,USA,22-Nov-21,10-Aug-24,5,paused,01-Mar-22,224.13,7,34,Beauty,Refrigerator,Home,Male,1568.91,26-35,559,992,Mar-22,100
ORD6312,CUST2312,61,PROD1512,Pakistan,12-Jul-23,16-Apr-25,5,active,17-Mar-25,77.19,8,19,Sports,Moisturizer,Beauty,Female,617.52,56+,310,644,Mar-25,80
ORD6313,CUST2313,19,PROD1513,USA,09-Oct-21,05-Sep-24,3,cancelled,13-Mar-24,64.16,2,25,Clothing,Tennis Racket,Sports,Female,128.32,18-25,533,1062,Mar-24,80
ORD6314,CUST2314,25,PROD1514,Pakistan,27-Jun-22,12-Jul-25,4,cancelled,16-May-24,618.94,3,18,Home,Dining Table,Home,Male,1856.82,18-25,223,1111,May-24,80
ORD6315,CUST2315,29,PROD1515,USA,03-Sep-22,18-Aug-25,1,cancelled,26-Oct-23,86.78,5,6,Home,Dumbbells,Sports,Male,433.9,26-35,186,1080,Oct-23,60
ORD6316,CUST2316,52,PROD1516,India,07-Oct-21,18-Jul-22,3,active,09-May-24,266,6,8,Beauty,Sofa,Home,Male,1596,46-55,1313,284,May-24,80
ORD6317,CUST2317,64,PROD1517,Germany,04-Apr-21,02-Mar-22,0,paused,26-Jan-24,195.92,6,29,Clothing,Laptop,Electronics,Female,1175.52,56+,1451,332,Jan-24,70
ORD6318,CUST2318,50,PROD1518,USA,08-Mar-21,21-Jun-23,2,cancelled,15-Oct-23,136.75,9,25,Clothing,Shirt,Clothing,Female,1230.75,46-55,975,835,Oct-23,70
ORD6319,CUST2319,26,PROD1519,UK,01-Nov-21,28-Aug-22,4,active,20-May-25,7.43,3,23,Home,Smartwatch,Electronics,Other,22.29,26-35,1272,300,May-25,80
ORD6320,CUST2320,53,PROD1520,Germany,30-Apr-23,15-Mar-25,0,active,19-Jan-25,691.59,2,43,Beauty,Microwave,Home,Male,1383.18,46-55,342,685,Jan-25,50
ORD6321,CUST2321,20,PROD1521,Pakistan,29-Aug-21,29-Mar-22,0,active,02-Oct-22,500.26,2,12,Home,Sofa,Home,Male,1000.52,18-25,1424,212,Oct-22,50
ORD6322,CUST2322,23,PROD1522,Canada,09-Jul-22,05-May-23,4,cancelled,13-Oct-24,221.95,8,7,Sports,Sofa,Home,Male,1775.6,18-25,1022,300,Oct-24,80
ORD6323,CUST2323,31,PROD1523,India,07-May-23,15-Aug-24,2,active,25-Nov-23,381.19,3,20,Beauty,Running Shoes,Sports,Male,1143.57,26-35,554,466,Nov-23,70
ORD6324,CUST2324,26,PROD1524,Germany,23-May-21,20-Aug-23,5,active,04-Jun-24,255.16,1,15,Clothing,Smartwatch,Electronics,Male,255.16,26-35,915,819,Jun-24,80
ORD6325,CUST2325,21,PROD1525,UK,08-Sep-21,20-Dec-21,5,cancelled,18-Oct-23,197.79,7,48,Clothing,Lipstick,Beauty,Male,1384.53,18-25,1523,103,Oct-23,80
ORD6326,CUST2326,49,PROD1526,Germany,13-Mar-21,10-Apr-24,0,paused,29-Jan-23,147.52,7,10,Beauty,Face Wash,Beauty,Female,1032.64,46-55,681,1124,Jan-23,70
ORD6327,CUST2327,58,PROD1527,Pakistan,11-Aug-21,16-May-23,3,active,24-Jul-22,65.92,4,29,Clothing,Perfume,Beauty,Female,263.68,56+,1011,643,Jul-22,80
ORD6328,CUST2328,18,PROD1528,USA,06-Sep-22,04-Jun-25,5,active,28-Nov-23,949.4,2,13,Home,Refrigerator,Home,Female,1898.8,18-25,261,1002,Nov-23,80
ORD6329,CUST2329,30,PROD1529,USA,12-Oct-22,02-May-23,4,active,24-Sep-23,1629.13,1,35,Clothing,Camera,Electronics,Female,1629.13,26-35,1025,202,Sep-23,80
ORD6330,CUST2330,23,PROD1530,Pakistan,06-Dec-20,10-Feb-25,4,active,11-May-24,110.64,5,44,Home,Shirt,Clothing,Male,553.2,18-25,375,1527,May-24,80
ORD6331,CUST2331,52,PROD1531,Canada,22-Feb-23,25-May-25,2,paused,07-Jul-24,119.46,7,30,Beauty,Running Shoes,Sports,Male,836.22,46-55,271,823,Jul-24,90
ORD6332,CUST2332,49,PROD1532,Pakistan,13-Dec-20,23-Jan-22,4,cancelled,18-Feb-25,258.65,2,36,Clothing,Vacuum Cleaner,Home,Female,517.3,46-55,1489,406,Feb-25,80
ORD6333,CUST2333,55,PROD1533,UK,10-Sep-20,12-Dec-22,1,active,20-Jun-21,690.54,2,34,Sports,Jeans,Clothing,Male,1381.08,46-55,1166,823,Jun-21,60
ORD6334,CUST2334,36,PROD1534,India,24-Feb-22,09-Sep-24,3,active,25-Jan-24,68.17,8,43,Clothing,Sneakers,Clothing,Other,545.36,36-45,529,928,Jan-24,80
ORD6335,CUST2335,65,PROD1535,USA,09-Aug-22,05-Jun-23,4,active,08-Jan-25,172.68,2,2,Home,Yoga Mat,Sports,Male,345.36,56+,991,300,Jan-25,80
ORD6336,CUST2336,54,PROD1536,Pakistan,15-Sep-20,09-Mar-24,3,cancelled,03-Mar-23,330.61,6,6,Electronics,Sofa,Home,Female,1983.66,46-55,713,1271,Mar-23,80
ORD6337,CUST2337,57,PROD1537,Pakistan,01-Apr-21,16-Jul-25,2,cancelled,27-Sep-22,71.44,9,21,Beauty,Sofa,Home,Female,642.96,56+,219,1567,Sep-22,70
ORD6338,CUST2338,19,PROD1538,UK,31-Jul-21,02-May-23,2,paused,30-Sep-23,253.84,7,14,Electronics,Hoodie,Clothing,Male,1776.88,18-25,1025,640,Sep-23,90
ORD6339,CUST2339,56,PROD1539,India,16-Sep-21,22-May-25,5,active,02-May-24,309.98,6,46,Beauty,Tennis Racket,Sports,Male,1859.88,56+,274,1344,May-24,80
ORD6340,CUST2340,39,PROD1540,Canada,19-Jun-21,07-Feb-22,3,cancelled,16-Feb-25,879.8,2,6,Home,Refrigerator,Home,Female,1759.6,36-45,1474,233,Feb-25,80
ORD6341,CUST2341,49,PROD1541,Pakistan,11-Mar-23,11-Apr-23,2,paused,17-Mar-25,50.77,8,38,Home,Running Shoes,Sports,Female,406.16,46-55,1046,31,Mar-25,90
ORD6342,CUST2342,49,PROD1542,India,01-Nov-22,26-Nov-22,0,active,25-Jan-23,542.24,3,22,Beauty,Sofa,Home,Female,1626.72,46-55,1182,25,Jan-23,50
ORD6343,CUST2343,24,PROD1543,India,27-May-21,17-Feb-25,4,active,29-Jul-22,54.93,6,17,Beauty,Conditioner,Beauty,Female,329.58,18-25,368,1362,Jul-22,80
ORD6344,CUST2344,56,PROD1544,India,24-Dec-22,01-Mar-23,1,cancelled,09-Jul-23,184.96,5,22,Home,Jeans,Clothing,Male,924.8,56+,1087,67,Jul-23,60
ORD6345,CUST2345,20,PROD1545,Pakistan,22-Mar-21,12-Jul-23,1,cancelled,08-Dec-22,144.7,9,6,Electronics,Shirt,Clothing,Other,1302.3,18-25,954,842,Dec-22,60
ORD6346,CUST2346,21,PROD1546,India,28-Jun-21,20-Jul-22,2,active,07-Sep-24,622.99,3,13,Sports,Lipstick,Beauty,Female,1868.97,18-25,1311,387,Sep-24,70
ORD6347,CUST2347,45,PROD1547,Canada,12-Apr-23,30-Jun-24,1,paused,22-Jul-24,175.45,7,43,Clothing,Shampoo,Beauty,Male,1228.15,36-45,600,445,Jul-24,80
ORD6348,CUST2348,47,PROD1548,India,20-May-21,22-Jan-25,0,cancelled,27-Jun-22,212.73,9,49,Home,Running Shoes,Sports,Female,1914.57,46-55,394,1343,Jun-22,50
ORD6349,CUST2349,53,PROD1549,Germany,20-Aug-21,22-Aug-21,3,cancelled,28-Feb-23,119.35,9,11,Electronics,Yoga Mat,Sports,Male,1074.15,46-55,1643,2,Feb-23,80
ORD6350,CUST2350,52,PROD1550,Pakistan,11-Nov-22,08-Mar-24,5,active,05-Mar-24,151.31,6,1,Electronics,Shirt,Clothing,Female,907.86,46-55,714,483,Mar-24,80
ORD6351,CUST2351,45,PROD1551,Germany,17-Oct-20,08-May-24,4,paused,14-Aug-25,445.52,3,16,Electronics,Foundation,Beauty,Male,1336.56,36-45,653,1299,Aug-25,100
ORD6352,CUST2352,62,PROD1552,Canada,15-Dec-21,06-May-25,0,active,15-Feb-22,1700,1,20,Electronics,Smartphone,Electronics,Male,1700,56+,290,1238,Feb-22,50
ORD6353,CUST2353,45,PROD1553,India,15-Dec-20,11-Apr-23,4,cancelled,09-Sep-22,22.68,7,7,Clothing,Hoodie,Clothing,Female,158.76,36-45,1046,847,Sep-22,80
ORD6354,CUST2354,20,PROD1554,Pakistan,09-Apr-23,25-Mar-25,1,paused,17-Jul-24,20.48,4,10,Sports,Tennis Racket,Sports,Female,81.92,18-25,332,716,Jul-24,80
ORD6355,CUST2355,33,PROD1555,USA,26-Oct-22,02-Feb-25,0,active,06-Dec-24,169.2,8,24,Electronics,Hoodie,Clothing,Female,1353.6,26-35,383,830,Dec-24,50
ORD6356,CUST2356,58,PROD1556,India,04-Jul-23,09-Jun-25,0,active,07-Mar-25,167.54,2,12,Clothing,Moisturizer,Beauty,Female,335.08,56+,256,706,Mar-25,50
ORD6357,CUST2357,49,PROD1557,UK,13-Nov-21,16-Sep-23,3,cancelled,04-Feb-23,111.39,9,29,Electronics,Camera,Electronics,Female,1002.51,46-55,888,672,Feb-23,80
ORD6358,CUST2358,58,PROD1558,Germany,06-Oct-21,16-Aug-25,4,cancelled,06-Dec-23,188.9,9,47,Electronics,Moisturizer,Beauty,Female,1700.1,56+,188,1410,Dec-23,80
ORD6359,CUST2359,57,PROD1559,USA,15-Aug-23,25-Oct-24,0,active,02-Mar-24,324.54,3,26,Clothing,Smartwatch,Electronics,Female,973.62,56+,483,437,Mar-24,50
ORD6360,CUST2360,65,PROD1560,UK,31-Jan-21,09-Feb-25,3,active,16-Apr-25,62.99,9,3,Home,Cycling Helmet,Sports,Female,566.91,56+,376,1470,Apr-25,80
ORD6361,CUST2361,58,PROD1561,USA,17-Aug-21,24-Jul-23,2,active,27-Nov-24,471.05,4,49,Home,Jeans,Clothing,Male,1884.2,56+,942,706,Nov-24,70
ORD6362,CUST2362,67,PROD1562,Canada,03-Jul-22,24-Jul-25,1,paused,25-Mar-25,23.01,8,3,Sports,Camera,Electronics,Female,184.08,56+,211,1117,Mar-25,80
ORD6363,CUST2363,41,PROD1563,Pakistan,04-May-23,12-Apr-25,2,paused,26-Nov-23,115.09,6,36,Electronics,Headphones,Electronics,Female,690.54,36-45,314,709,Nov-23,90
ORD6364,CUST2364,23,PROD1564,Canada,28-Dec-20,15-Jan-22,3,cancelled,06-Mar-25,1588.58,1,40,Sports,Blender,Home,Male,1588.58,18-25,1497,383,Mar-25,80
ORD6365,CUST2365,45,PROD1565,UK,09-Sep-22,14-May-23,3,paused,17-Oct-22,130.33,7,48,Electronics,Moisturizer,Beauty,Female,912.31,36-45,1013,247,Oct-22,100
ORD6366,CUST2366,57,PROD1566,India,12-Jun-22,27-Sep-22,4,active,21-Dec-23,12.04,7,9,Sports,Lamp,Home,Female,84.28,56+,1242,107,Dec-23,80
ORD6367,CUST2367,41,PROD1567,Canada,15-Mar-21,03-Aug-25,4,active,25-Feb-22,246.03,1,17,Clothing,Refrigerator,Home,Female,246.03,36-45,201,1602,Feb-22,80
ORD6368,CUST2368,54,PROD1568,Germany,27-Jan-21,26-Jul-23,4,cancelled,28-Aug-21,908.2,1,18,Beauty,T-Shirt,Clothing,Male,908.2,46-55,940,910,Aug-21,80
ORD6369,CUST2369,57,PROD1569,India,24-Feb-21,30-Dec-21,2,cancelled,12-Apr-24,150,9,35,Beauty,Moisturizer,Beauty,Other,1350,56+,1513,309,Apr-24,70
ORD6370,CUST2370,61,PROD1570,India,28-Oct-21,04-May-24,3,active,13-Sep-23,142.08,5,22,Electronics,Shirt,Clothing,Male,710.4,56+,657,919,Sep-23,80
ORD6371,CUST2371,19,PROD1571,Canada,27-Apr-21,08-Jun-21,2,active,10-Oct-23,379.56,5,9,Electronics,Microwave,Home,Male,1897.8,18-25,1718,42,Oct-23,70
ORD6372,CUST2372,23,PROD1572,Canada,08-Apr-23,11-Jul-24,2,active,22-Apr-23,102.98,5,37,Home,Nail Polish,Beauty,Female,514.9,18-25,589,460,Apr-23,70
ORD6373,CUST2373,64,PROD1573,Canada,07-Jun-21,15-Sep-24,3,paused,06-Mar-22,253.18,7,36,Clothing,Headphones,Electronics,Female,1772.26,56+,523,1196,Mar-22,100
ORD6374,CUST2374,64,PROD1574,Canada,21-May-22,18-Jun-23,3,cancelled,18-Dec-24,194.77,3,39,Sports,T-Shirt,Clothing,Male,584.31,56+,978,393,Dec-24,80
ORD6375,CUST2375,50,PROD1575,UK,31-Jul-23,21-Jan-25,4,active,04-Mar-24,684.85,1,13,Beauty,Yoga Mat,Sports,Male,684.85,46-55,395,540,Mar-24,80
ORD6376,CUST2376,63,PROD1576,Pakistan,07-Jul-23,19-May-25,0,active,16-Sep-24,79.84,5,3,Sports,Sofa,Home,Female,399.2,56+,277,682,Sep-24,50
ORD6377,CUST2377,38,PROD1577,Canada,20-Nov-20,13-Jul-24,4,cancelled,06-Mar-21,59.01,9,47,Beauty,Dumbbells,Sports,Female,531.09,36-45,587,1331,Mar-21,80
ORD6378,CUST2378,33,PROD1578,Germany,06-May-23,07-Jul-25,4,cancelled,03-Jul-24,291,2,47,Sports,Nail Polish,Beauty,Female,582,26-35,228,793,Jul-24,80
ORD6379,CUST2379,22,PROD1579,USA,29-Sep-20,29-Aug-22,1,paused,12-Sep-21,159.4,7,37,Clothing,Cricket Bat,Sports,Female,1115.8,18-25,1271,699,Sep-21,80
ORD6380,CUST2380,67,PROD1580,USA,01-Aug-21,22-Oct-24,3,cancelled,02-Feb-23,755.57,1,20,Clothing,Sneakers,Clothing,Female,755.57,56+,486,1178,Feb-23,80
ORD6381,CUST2381,63,PROD1581,USA,12-Aug-21,27-Oct-24,1,active,20-Apr-22,191.24,9,5,Electronics,Foundation,Beauty,Male,1721.16,56+,481,1172,Apr-22,60
ORD6382,CUST2382,64,PROD1582,USA,30-Sep-21,21-Oct-23,3,paused,02-Oct-23,161.58,1,10,Clothing,Skirt,Clothing,Other,161.58,56+,853,751,Oct-23,100
ORD6383,CUST2383,67,PROD1583,Germany,26-Apr-22,07-Jan-25,3,paused,04-Mar-24,15.82,8,34,Electronics,Jeans,Clothing,Female,126.56,56+,409,987,Mar-24,100
ORD6384,CUST2384,53,PROD1584,Pakistan,05-Jun-23,01-Sep-24,3,active,07-Jan-25,796.22,2,2,Clothing,Microwave,Home,Male,1592.44,46-55,537,454,Jan-25,80
ORD6385,CUST2385,44,PROD1585,Pakistan,12-Jun-23,14-Jul-24,2,cancelled,16-Nov-23,205.61,4,39,Electronics,Jeans,Clothing,Male,822.44,36-45,586,398,Nov-23,70
ORD6386,CUST2386,26,PROD1586,India,17-Dec-22,05-Jan-25,2,active,18-Jan-25,271.7,3,18,Clothing,Microwave,Home,Male,815.1,26-35,411,750,Jan-25,70
ORD6387,CUST2387,25,PROD1587,Pakistan,04-Apr-23,25-Nov-23,1,active,10-Aug-25,46.96,6,15,Clothing,Smartphone,Electronics,Female,281.76,18-25,818,235,Aug-25,60
ORD6388,CUST2388,64,PROD1588,Germany,04-Dec-22,25-Sep-24,2,active,26-Nov-23,1221.69,1,8,Beauty,Sofa,Home,Female,1221.69,56+,513,661,Nov-23,70
ORD6389,CUST2389,39,PROD1589,Germany,22-May-21,03-Jan-24,3,cancelled,17-Feb-23,423.54,3,12,Beauty,Conditioner,Beauty,Male,1270.62,36-45,779,956,Feb-23,80
ORD6390,CUST2390,26,PROD1590,India,27-Jan-22,30-Jun-24,3,cancelled,14-Apr-23,179.2,9,40,Home,Foundation,Beauty,Female,1612.8,26-35,600,885,Apr-23,80
ORD6391,CUST2391,54,PROD1591,USA,17-Oct-20,25-May-21,0,active,19-Jul-21,37.03,4,31,Home,Smartwatch,Electronics,Male,148.12,46-55,1732,220,Jul-21,50
ORD6392,CUST2392,63,PROD1592,India,10-Oct-20,03-Jul-21,0,active,27-Jun-24,118.63,8,47,Electronics,Bluetooth Speaker,Electronics,Male,949.04,56+,1693,266,Jun-24,50
ORD6393,CUST2393,33,PROD1593,UK,10-Apr-23,08-Sep-24,1,paused,26-Feb-25,259.76,5,15,Sports,Cricket Bat,Sports,Male,1298.8,26-35,530,517,Feb-25,80
ORD6394,CUST2394,51,PROD1594,UK,28-Oct-21,16-Jun-24,2,paused,29-Mar-23,169.48,5,39,Clothing,T-Shirt,Clothing,Male,847.4,46-55,614,962,Mar-23,90
ORD6395,CUST2395,59,PROD1595,UK,10-Oct-21,04-Feb-24,4,cancelled,01-Oct-24,99.51,9,31,Home,Smartphone,Electronics,Male,895.59,56+,747,847,Oct-24,80
ORD6396,CUST2396,62,PROD1596,UK,28-Aug-21,18-Jan-25,3,active,05-Jul-23,1615.8,1,9,Home,Dining Table,Home,Female,1615.8,56+,398,1239,Jul-23,80
ORD6397,CUST2397,67,PROD1597,Pakistan,21-Aug-21,25-Feb-25,2,active,26-Feb-24,1785.74,1,41,Sports,Refrigerator,Home,Female,1785.74,56+,360,1284,Feb-24,70
ORD6398,CUST2398,69,PROD1598,Canada,30-Jan-21,05-Nov-22,4,active,22-Feb-23,83.28,7,33,Sports,Tennis Racket,Sports,Male,582.96,56+,1203,644,Feb-23,80
ORD6399,CUST2399,31,PROD1599,USA,22-Aug-21,04-May-23,1,active,31-Dec-23,43.76,9,49,Sports,Lipstick,Beauty,Male,393.84,26-35,1023,620,Dec-23,60
ORD6400,CUST2400,18,PROD1600,Canada,10-Nov-21,09-Nov-24,4,active,29-Jun-23,415.22,4,35,Electronics,Vacuum Cleaner,Home,Male,1660.88,18-25,468,1095,Jun-23,80
ORD6401,CUST2401,56,PROD1601,India,29-Dec-20,15-Sep-24,2,cancelled,01-Apr-22,261.32,6,32,Electronics,Cycling Helmet,Sports,Male,1567.92,56+,523,1356,Apr-22,70
ORD6402,CUST2402,57,PROD1602,USA,01-Jun-22,28-Oct-23,3,active,01-May-23,266.39,3,32,Sports,Bluetooth Speaker,Electronics,Female,799.17,56+,846,514,May-23,80
ORD6403,CUST2403,35,PROD1603,USA,17-May-21,10-Nov-21,2,paused,21-Mar-24,132.31,8,11,Sports,Shampoo,Beauty,Other,1058.48,26-35,1563,177,Mar-24,90
ORD6404,CUST2404,56,PROD1604,UK,04-May-23,27-May-23,3,active,20-Jul-24,384.68,5,18,Electronics,Laptop,Electronics,Male,1923.4,56+,1000,23,Jul-24,80
ORD6405,CUST2405,20,PROD1605,Canada,19-Mar-22,18-Feb-23,5,active,26-Feb-25,1914.38,1,10,Home,Dumbbells,Sports,Male,1914.38,18-25,1098,336,Feb-25,80
ORD6406,CUST2406,49,PROD1606,Pakistan,05-Jun-23,15-Jul-23,0,active,21-Jul-24,679.41,2,41,Clothing,Skirt,Clothing,Male,1358.82,46-55,951,40,Jul-24,50
ORD6407,CUST2407,63,PROD1607,Pakistan,17-Aug-21,11-Nov-21,2,cancelled,04-Nov-21,145.38,3,30,Electronics,Conditioner,Beauty,Male,436.14,56+,1562,86,Nov-21,70
ORD6408,CUST2408,33,PROD1608,Germany,22-Jan-21,18-Apr-21,3,active,20-Aug-25,219.08,7,16,Clothing,Chair,Home,Female,1533.56,26-35,1769,86,Aug-25,80
ORD6409,CUST2409,43,PROD1609,India,24-Apr-21,15-Sep-21,2,active,19-May-22,90.87,7,25,Sports,Dumbbells,Sports,Male,636.09,36-45,1619,144,May-22,70
ORD6410,CUST2410,21,PROD1610,Germany,28-Apr-23,14-Jun-24,4,paused,18-Jun-24,36.01,2,9,Sports,Smartphone,Electronics,Male,72.02,18-25,616,413,Jun-24,100
ORD6411,CUST2411,65,PROD1611,USA,26-Dec-22,13-Aug-24,2,paused,17-Dec-24,388.06,5,45,Beauty,Bluetooth Speaker,Electronics,Male,1940.3,56+,556,596,Dec-24,90
ORD6412,CUST2412,48,PROD1612,Canada,05-Aug-21,23-Mar-25,5,active,26-Apr-22,81.82,4,33,Electronics,Laptop,Electronics,Female,327.28,46-55,334,1326,Apr-22,80
ORD6413,CUST2413,42,PROD1613,Germany,29-Nov-21,08-May-25,0,active,08-Jul-23,107.4,8,5,Sports,Moisturizer,Beauty,Female,859.2,36-45,288,1256,Jul-23,50
ORD6414,CUST2414,38,PROD1614,USA,28-Oct-22,01-May-24,3,active,09-Oct-24,656.65,3,13,Home,Conditioner,Beauty,Male,1969.95,36-45,660,551,Oct-24,80
ORD6415,CUST2415,69,PROD1615,UK,21-Jan-23,17-Dec-24,1,active,07-Jul-24,213.07,8,47,Home,Dumbbells,Sports,Male,1704.56,56+,430,696,Jul-24,60
ORD6416,CUST2416,63,PROD1616,Canada,04-May-23,08-Oct-24,4,cancelled,07-Mar-24,259.9,6,34,Clothing,Sneakers,Clothing,Female,1559.4,56+,500,523,Mar-24,80
ORD6417,CUST2417,59,PROD1617,UK,19-Apr-23,19-Dec-24,1,active,15-Oct-24,1499.25,1,4,Home,Moisturizer,Beauty,Female,1499.25,56+,428,610,Oct-24,60
ORD6418,CUST2418,57,PROD1618,UK,02-Sep-21,21-Jun-24,2,active,04-Sep-23,161.93,9,39,Sports,Laptop,Electronics,Female,1457.37,56+,609,1023,Sep-23,70
ORD6419,CUST2419,33,PROD1619,Pakistan,22-May-21,17-Aug-25,3,active,25-Dec-24,229.55,8,21,Electronics,Jacket,Clothing,Male,1836.4,26-35,187,1548,Dec-24,80
ORD6420,CUST2420,66,PROD1620,USA,24-Apr-23,25-Apr-24,1,cancelled,18-Sep-24,298.18,1,13,Home,Jeans,Clothing,Female,298.18,56+,666,367,Sep-24,60
ORD6421,CUST2421,56,PROD1621,India,16-Jan-22,12-Nov-24,1,cancelled,07-Mar-22,1299.21,1,8,Beauty,Foundation,Beauty,Female,1299.21,56+,465,1031,Mar-22,60
ORD6422,CUST2422,28,PROD1622,India,25-Feb-21,05-Jul-22,0,active,14-May-21,172.69,7,19,Home,Hoodie,Clothing,Female,1208.83,26-35,1326,495,May-21,50
ORD6423,CUST2423,56,PROD1623,UK,16-Feb-23,03-Feb-24,3,active,01-Sep-24,479.12,3,35,Electronics,Cycling Helmet,Sports,Female,1437.36,56+,748,352,Sep-24,80
ORD6424,CUST2424,53,PROD1624,UK,29-Jun-22,21-Oct-23,2,active,16-Nov-24,140.61,8,2,Sports,Smartwatch,Electronics,Female,1124.88,46-55,853,479,Nov-24,70
ORD6425,CUST2425,49,PROD1625,UK,03-May-21,21-May-22,0,paused,25-Dec-24,208.33,7,30,Home,Lipstick,Beauty,Male,1458.31,46-55,1371,383,Dec-24,70
ORD6426,CUST2426,23,PROD1626,Germany,21-Jun-21,26-May-24,1,active,11-Jul-21,100.62,9,13,Beauty,Cricket Bat,Sports,Female,905.58,18-25,635,1070,Jul-21,60
ORD6427,CUST2427,21,PROD1627,Germany,02-Mar-22,13-Apr-23,0,cancelled,21-Dec-22,6.64,8,15,Beauty,Football,Sports,Male,53.12,18-25,1044,407,Dec-22,50
ORD6428,CUST2428,48,PROD1628,Germany,08-May-23,08-Jan-24,4,paused,11-Jul-23,131.34,8,31,Home,Camera,Electronics,Female,1050.72,46-55,774,245,Jul-23,100
ORD6429,CUST2429,36,PROD1629,Germany,20-Jan-23,04-Sep-24,5,active,28-Sep-23,1092.39,1,45,Electronics,Camera,Electronics,Male,1092.39,36-45,534,593,Sep-23,80
ORD6430,CUST2430,50,PROD1630,UK,19-Dec-21,05-Nov-23,2,cancelled,20-Apr-23,409.65,4,41,Home,Dumbbells,Sports,Female,1638.6,46-55,838,686,Apr-23,70
ORD6431,CUST2431,25,PROD1631,USA,26-May-22,17-Nov-23,4,cancelled,27-Oct-24,155.73,4,4,Clothing,Lamp,Home,Male,622.92,18-25,826,540,Oct-24,80
ORD6432,CUST2432,47,PROD1632,UK,14-Oct-20,23-Nov-24,3,paused,13-Jan-22,226.08,8,5,Beauty,Cricket Bat,Sports,Female,1808.64,46-55,454,1501,Jan-22,100
ORD6433,CUST2433,31,PROD1633,Germany,22-Dec-21,05-May-24,0,active,23-Sep-23,1695,1,32,Home,Laptop,Electronics,Female,1695,26-35,656,865,Sep-23,50
ORD6434,CUST2434,54,PROD1634,Germany,20-May-22,17-Sep-23,0,active,18-Jun-24,100.53,7,10,Sports,Dress,Clothing,Male,703.71,46-55,887,485,Jun-24,50
ORD6435,CUST2435,68,PROD1635,Canada,12-Sep-22,06-Nov-24,2,cancelled,16-Apr-25,751.06,2,37,Clothing,Microwave,Home,Female,1502.12,56+,471,786,Apr-25,70
ORD6436,CUST2436,36,PROD1636,Canada,18-Jun-21,20-Feb-24,1,paused,01-Feb-24,454.17,2,34,Clothing,Vacuum Cleaner,Home,Female,908.34,36-45,731,977,Feb-24,80
ORD6437,CUST2437,51,PROD1637,Germany,13-Feb-23,16-Sep-23,0,active,04-May-25,299.3,4,15,Beauty,Headphones,Electronics,Male,1197.2,46-55,888,215,May-25,50
ORD6438,CUST2438,64,PROD1638,USA,06-Oct-21,26-Jul-24,1,active,10-Apr-22,234.74,1,36,Home,Perfume,Beauty,Female,234.74,56+,574,1024,Apr-22,60
ORD6439,CUST2439,63,PROD1639,USA,25-Jun-21,02-Mar-23,2,cancelled,14-May-24,221.69,6,11,Clothing,Sofa,Home,Female,1330.14,56+,1086,615,May-24,70
ORD6440,CUST2440,66,PROD1640,UK,13-Dec-21,11-Mar-22,4,paused,02-Feb-22,744.56,2,37,Electronics,Sofa,Home,Male,1489.12,56+,1442,88,Feb-22,100
ORD6441,CUST2441,26,PROD1641,UK,30-Sep-21,04-Dec-21,3,active,05-Dec-21,400.07,3,24,Beauty,T-Shirt,Clothing,Male,1200.21,26-35,1539,65,Dec-21,80
ORD6442,CUST2442,21,PROD1642,USA,26-Dec-21,03-Dec-24,5,cancelled,04-Jun-22,390.99,3,34,Sports,Tablet,Electronics,Male,1172.97,18-25,444,1073,Jun-22,80
ORD6443,CUST2443,64,PROD1643,India,07-Jul-21,02-Feb-22,2,cancelled,25-Aug-24,111.28,4,8,Sports,Lipstick,Beauty,Male,445.12,56+,1479,210,Aug-24,70
ORD6444,CUST2444,45,PROD1644,India,21-Oct-22,25-Feb-24,3,active,04-Jul-25,260.36,7,49,Beauty,Hoodie,Clothing,Female,1822.52,36-45,726,492,Jul-25,80
ORD6445,CUST2445,26,PROD1645,India,24-Apr-22,19-Jun-24,5,paused,23-Jun-24,228.34,6,15,Home,Face Wash,Beauty,Female,1370.04,26-35,611,787,Jun-24,100
ORD6446,CUST2446,31,PROD1646,UK,14-Feb-21,22-Mar-24,2,active,05-Jan-22,149.01,8,45,Beauty,Sofa,Home,Female,1192.08,26-35,700,1132,Jan-22,70
ORD6447,CUST2447,67,PROD1647,UK,24-Jun-22,12-Dec-22,1,active,23-Dec-24,602.62,2,6,Home,Shampoo,Beauty,Female,1205.24,56+,1166,171,Dec-24,60
ORD6448,CUST2448,52,PROD1648,USA,27-Mar-23,05-May-25,5,active,14-Jul-23,323.71,5,22,Clothing,Foundation,Beauty,Male,1618.55,46-55,291,770,Jul-23,80
ORD6449,CUST2449,58,PROD1649,India,28-Feb-22,20-Jan-25,1,active,21-Sep-23,204.33,9,44,Beauty,Sneakers,Clothing,Male,1838.97,56+,396,1057,Sep-23,60
ORD6450,CUST2450,42,PROD1650,Pakistan,11-Jul-23,04-Jul-25,1,active,01-Nov-24,271.08,6,14,Clothing,Laptop,Electronics,Male,1626.48,36-45,231,724,Nov-24,60
ORD6451,CUST2451,52,PROD1651,Canada,15-Dec-22,05-Oct-24,5,active,10-Sep-24,153.01,8,48,Beauty,Football,Sports,Female,1224.08,46-55,503,660,Sep-24,80
ORD6452,CUST2452,65,PROD1652,Pakistan,29-Sep-20,28-Apr-21,1,cancelled,22-Apr-25,230.35,8,32,Beauty,Dumbbells,Sports,Female,1842.8,56+,1759,211,Apr-25,60
ORD6453,CUST2453,60,PROD1653,UK,05-Mar-23,24-Jan-24,1,cancelled,17-Mar-24,67.11,9,17,Electronics,Tennis Racket,Sports,Female,603.99,56+,758,325,Mar-24,60
ORD6454,CUST2454,23,PROD1654,UK,22-Aug-20,23-Apr-21,1,paused,15-Apr-21,17.4,6,27,Home,Laptop,Electronics,Female,104.4,18-25,1764,244,Apr-21,80
ORD6455,CUST2455,48,PROD1655,UK,20-Feb-21,23-Sep-24,1,active,06-Dec-24,697.2,2,16,Home,Smartwatch,Electronics,Male,1394.4,46-55,515,1311,Dec-24,60
ORD6456,CUST2456,44,PROD1656,Germany,11-Mar-21,01-Nov-22,5,active,13-May-25,976.01,2,45,Clothing,Yoga Mat,Sports,Male,1952.02,36-45,1207,600,May-25,80
ORD6457,CUST2457,35,PROD1657,UK,08-Jun-23,21-Apr-24,1,active,20-Jun-23,240.13,7,15,Beauty,Lipstick,Beauty,Male,1680.91,26-35,670,318,Jun-23,60
ORD6458,CUST2458,43,PROD1658,USA,09-Dec-22,11-Apr-23,5,cancelled,27-Sep-24,81.84,7,19,Electronics,Dress,Clothing,Male,572.88,36-45,1046,123,Sep-24,80
ORD6459,CUST2459,66,PROD1659,India,12-Oct-20,27-Apr-21,2,active,27-Jul-25,126.39,7,22,Home,Running Shoes,Sports,Female,884.73,56+,1760,197,Jul-25,70
ORD6460,CUST2460,42,PROD1660,Germany,13-Feb-21,06-Jun-23,3,paused,26-Oct-21,50.66,4,27,Clothing,Shirt,Clothing,Male,202.64,36-45,990,843,Oct-21,100
ORD6461,CUST2461,20,PROD1661,Pakistan,20-Aug-20,20-Apr-23,4,active,20-Jun-25,1034.24,1,18,Electronics,Laptop,Electronics,Female,1034.24,18-25,1037,973,Jun-25,80
ORD6462,CUST2462,47,PROD1662,Canada,05-Aug-21,02-Mar-25,4,paused,21-Aug-24,43.76,9,24,Electronics,Dining Table,Home,Female,393.84,46-55,355,1305,Aug-24,100
ORD6463,CUST2463,68,PROD1663,USA,29-Jul-23,07-Dec-24,2,active,18-Jul-24,85.89,9,27,Electronics,Lipstick,Beauty,Female,773.01,56+,440,497,Jul-24,70
ORD6464,CUST2464,46,PROD1664,Pakistan,30-Dec-21,12-Apr-24,0,paused,02-Jun-23,271.63,5,21,Clothing,Lipstick,Beauty,Male,1358.15,46-55,679,834,Jun-23,70
ORD6465,CUST2465,43,PROD1665,Pakistan,23-Oct-22,19-Jul-23,5,active,21-Jan-23,8.14,5,30,Sports,Nail Polish,Beauty,Male,40.7,36-45,947,269,Jan-23,80
ORD6466,CUST2466,33,PROD1666,India,12-Dec-20,02-Oct-21,1,active,04-Aug-21,594.86,2,9,Sports,Hoodie,Clothing,Female,1189.72,26-35,1602,294,Aug-21,60
ORD6467,CUST2467,36,PROD1667,Canada,23-Aug-20,16-Nov-23,2,paused,18-Mar-24,170.65,4,36,Beauty,Jeans,Clothing,Male,682.6,36-45,827,1180,Mar-24,90
ORD6468,CUST2468,23,PROD1668,Pakistan,13-Dec-22,22-Sep-23,2,active,22-Aug-23,358.17,5,8,Sports,Camera,Electronics,Female,1790.85,18-25,882,283,Aug-23,70
ORD6469,CUST2469,36,PROD1669,UK,25-Sep-20,29-May-23,4,active,08-Jan-24,623.62,1,4,Electronics,Shampoo,Beauty,Female,623.62,36-45,998,976,Jan-24,80
ORD6470,CUST2470,52,PROD1670,Germany,07-Apr-23,16-Feb-24,0,active,15-Aug-24,666.92,1,34,Home,Sofa,Home,Male,666.92,46-55,735,315,Aug-24,50
ORD6471,CUST2471,54,PROD1671,India,14-May-23,04-Aug-25,2,active,07-May-25,240.82,1,17,Beauty,Chair,Home,Female,240.82,46-55,200,813,May-25,70
ORD6472,CUST2472,21,PROD1672,India,18-Jan-22,30-Apr-23,5,cancelled,25-Sep-22,72.58,7,31,Clothing,Face Wash,Beauty,Male,508.06,18-25,1027,467,Sep-22,80
ORD6473,CUST2473,67,PROD1673,USA,10-Dec-21,18-Feb-25,1,cancelled,19-Oct-23,86.11,5,23,Home,Nail Polish,Beauty,Other,430.55,56+,367,1166,Oct-23,60
ORD6474,CUST2474,64,PROD1674,Germany,16-Jul-22,07-Oct-22,2,active,07-Nov-24,28.47,4,9,Clothing,Perfume,Beauty,Male,113.88,56+,1232,83,Nov-24,70
ORD6475,CUST2475,50,PROD1675,UK,25-Dec-20,30-Nov-22,2,active,06-Apr-24,501.52,2,24,Sports,Football,Sports,Female,1003.04,46-55,1178,705,Apr-24,70
ORD6476,CUST2476,42,PROD1676,Canada,11-Nov-20,07-May-24,2,active,26-Jul-25,916.46,2,8,Clothing,Laptop,Electronics,Male,1832.92,36-45,654,1273,Jul-25,70
ORD6477,CUST2477,36,PROD1677,UK,18-Nov-21,12-Jul-23,1,paused,18-Dec-21,339.31,5,43,Home,Skirt,Clothing,Male,1696.55,36-45,954,601,Dec-21,80
ORD6478,CUST2478,52,PROD1678,Germany,24-May-23,07-Jun-24,2,active,02-Jan-25,589.66,1,25,Clothing,Microwave,Home,Male,589.66,46-55,623,380,Jan-25,70
ORD6479,CUST2479,46,PROD1679,USA,29-Nov-20,19-Mar-21,0,active,27-Apr-24,214.73,7,47,Sports,Moisturizer,Beauty,Female,1503.11,46-55,1799,110,Apr-24,50
ORD6480,CUST2480,64,PROD1680,India,30-Dec-20,21-Aug-24,3,cancelled,15-May-23,913.56,1,46,Beauty,Cycling Helmet,Sports,Female,913.56,56+,548,1330,May-23,80
ORD6481,CUST2481,41,PROD1681,India,07-Oct-21,31-Dec-24,0,active,31-Jul-22,515.65,2,44,Sports,Foundation,Beauty,Male,1031.3,36-45,416,1181,Jul-22,50
ORD6482,CUST2482,46,PROD1682,Pakistan,09-Jun-23,19-Nov-23,3,paused,25-Jul-24,67.77,3,8,Clothing,Football,Sports,Female,203.31,46-55,824,163,Jul-24,100
ORD6483,CUST2483,37,PROD1683,UK,28-Sep-22,15-Jul-25,3,cancelled,07-Apr-23,485.61,4,11,Sports,Lipstick,Beauty,Female,1942.44,36-45,220,1021,Apr-23,80
ORD6484,CUST2484,33,PROD1684,UK,06-Feb-23,21-Nov-24,0,cancelled,22-May-25,176.45,2,19,Clothing,Perfume,Beauty,Female,352.9,26-35,456,654,May-25,50
ORD6485,CUST2485,56,PROD1685,Germany,03-Dec-21,04-Jul-23,0,active,30-May-23,8.27,6,39,Clothing,Blender,Home,Male,49.62,56+,962,578,May-23,50
ORD6486,CUST2486,59,PROD1686,Canada,05-Jan-23,10-Feb-25,4,active,16-Dec-23,407.74,4,49,Clothing,Conditioner,Beauty,Female,1630.96,56+,375,767,Dec-23,80
ORD6487,CUST2487,56,PROD1687,Canada,08-Sep-20,21-May-23,3,active,30-Mar-22,348.65,5,24,Electronics,Foundation,Beauty,Male,1743.25,56+,1006,985,Mar-22,80
ORD6488,CUST2488,63,PROD1688,India,27-Apr-22,14-Dec-22,5,cancelled,09-Apr-25,123.75,7,11,Clothing,Foundation,Beauty,Female,866.25,56+,1164,231,Apr-25,80
ORD6489,CUST2489,29,PROD1689,USA,07-Nov-21,02-Apr-22,5,active,22-Dec-23,187.84,4,45,Home,Cycling Helmet,Sports,Female,751.36,26-35,1420,146,Dec-23,80
ORD6490,CUST2490,47,PROD1690,USA,08-Apr-21,14-Apr-24,2,cancelled,15-Mar-25,204.11,4,34,Clothing,Jacket,Clothing,Male,816.44,46-55,677,1102,Mar-25,70
ORD6491,CUST2491,55,PROD1691,USA,24-Jun-21,17-Aug-24,2,cancelled,10-Jun-22,130.04,8,40,Home,Blender,Home,Male,1040.32,46-55,552,1150,Jun-22,70
ORD6492,CUST2492,68,PROD1692,India,29-Nov-22,05-Apr-23,3,active,28-Nov-23,328.35,4,40,Electronics,Face Wash,Beauty,Male,1313.4,56+,1052,127,Nov-23,80
ORD6493,CUST2493,39,PROD1693,Canada,04-Mar-23,10-Sep-24,4,paused,05-Jun-25,181.01,6,46,Electronics,Yoga Mat,Sports,Male,1086.06,36-45,528,556,Jun-25,100
ORD6494,CUST2494,43,PROD1694,UK,22-Jun-21,15-Sep-22,2,active,18-Oct-24,20.16,8,2,Sports,T-Shirt,Clothing,Male,161.28,36-45,1254,450,Oct-24,70
ORD6495,CUST2495,18,PROD1695,UK,26-Dec-21,31-Dec-24,4,cancelled,18-Oct-24,198.39,7,46,Beauty,Camera,Electronics,Male,1388.73,18-25,416,1101,Oct-24,80
ORD6496,CUST2496,39,PROD1696,Germany,18-Mar-22,02-Mar-23,0,cancelled,04-Apr-25,193.9,5,6,Home,Football,Sports,Male,969.5,36-45,1086,349,Apr-25,50
ORD6497,CUST2497,52,PROD1697,India,02-Jun-21,19-Jul-23,3,cancelled,29-Mar-22,413.8,2,18,Clothing,Skirt,Clothing,Female,827.6,46-55,947,777,Mar-22,80
ORD6498,CUST2498,42,PROD1698,Germany,24-Jan-22,26-Jul-24,0,active,10-Mar-24,341.64,2,12,Sports,Dress,Clothing,Female,683.28,36-45,574,914,Mar-24,50
ORD6499,CUST2499,38,PROD1699,India,24-Apr-23,02-Jun-23,4,active,15-Dec-24,388.6,3,26,Home,Foundation,Beauty,Male,1165.8,36-45,994,39,Dec-24,80
ORD6500,CUST2500,35,PROD1700,India,05-Jul-21,07-Mar-23,2,active,28-Mar-25,187.87,5,42,Home,Laptop,Electronics,Male,939.35,26-35,1081,610,Mar-25,70
ORD6501,CUST2501,66,PROD1701,India,12-Apr-21,23-Mar-23,2,cancelled,30-Sep-21,618.99,3,3,Home,Microwave,Home,Male,1856.97,56+,1065,710,Sep-21,70
ORD6502,CUST2502,28,PROD1702,Germany,28-Feb-21,12-Mar-22,4,active,01-May-25,1155.2,1,29,Home,Face Wash,Beauty,Female,1155.2,26-35,1441,377,May-25,80
ORD6503,CUST2503,40,PROD1703,Germany,16-Jan-22,30-Nov-24,4,active,17-May-22,82.63,9,48,Clothing,Lamp,Home,Male,743.67,36-45,447,1049,May-22,80
ORD6504,CUST2504,49,PROD1704,USA,05-Jul-23,07-Feb-24,5,paused,05-Nov-23,262.1,4,37,Sports,Sofa,Home,Male,1048.4,46-55,744,217,Nov-23,100
ORD6505,CUST2505,55,PROD1705,Pakistan,16-Feb-21,02-Oct-22,3,active,04-Mar-25,738.66,2,37,Sports,Tablet,Electronics,Male,1477.32,46-55,1237,593,Mar-25,80
ORD6506,CUST2506,25,PROD1706,USA,14-Oct-22,05-Mar-24,1,active,28-May-23,2.91,8,48,Beauty,Sofa,Home,Female,23.28,18-25,717,508,May-23,60
ORD6507,CUST2507,26,PROD1707,Canada,06-Jan-23,30-Nov-23,3,active,14-Jul-25,486.08,4,26,Beauty,Basketball,Sports,Male,1944.32,26-35,813,328,Jul-25,80
ORD6508,CUST2508,64,PROD1708,Pakistan,08-Feb-22,22-Apr-25,0,cancelled,25-Aug-23,62.6,6,3,Beauty,Dining Table,Home,Male,375.6,56+,304,1169,Aug-23,50
ORD6509,CUST2509,34,PROD1709,India,24-Jan-22,30-Oct-22,3,paused,05-Mar-22,522.52,1,11,Sports,Tablet,Electronics,Male,522.52,26-35,1209,279,Mar-22,100
ORD6510,CUST2510,46,PROD1710,UK,18-May-22,06-Aug-23,5,active,09-Nov-22,30.67,5,38,Clothing,Basketball,Sports,Male,153.35,46-55,929,445,Nov-22,80
ORD6511,CUST2511,32,PROD1711,Canada,12-Aug-21,26-Apr-22,5,cancelled,25-Jul-24,224.96,8,15,Home,Jacket,Clothing,Female,1799.68,26-35,1396,257,Jul-24,80
ORD6512,CUST2512,20,PROD1712,UK,10-Jun-22,15-Feb-23,2,cancelled,18-Aug-25,2.85,9,34,Clothing,Cycling Helmet,Sports,Male,25.65,18-25,1101,250,Aug-25,70
ORD6513,CUST2513,29,PROD1713,UK,12-Jan-21,04-Nov-23,4,active,09-Feb-23,571.46,2,14,Electronics,Headphones,Electronics,Female,1142.92,26-35,839,1026,Feb-23,80
ORD6514,CUST2514,35,PROD1714,India,24-Mar-21,26-Dec-24,3,active,24-Sep-21,558.66,2,35,Sports,Tablet,Electronics,Female,1117.32,26-35,421,1373,Sep-21,80
ORD6515,CUST2515,20,PROD1715,Pakistan,30-Mar-23,09-Apr-25,1,cancelled,03-Dec-23,34.92,5,7,Electronics,Blender,Home,Male,174.6,18-25,317,741,Dec-23,60
ORD6516,CUST2516,30,PROD1716,Pakistan,08-Oct-21,29-Apr-22,1,active,08-Jul-22,316.57,6,18,Home,Vacuum Cleaner,Home,Male,1899.42,26-35,1393,203,Jul-22,60
ORD6517,CUST2517,28,PROD1717,USA,29-Jan-22,18-Jun-25,2,active,18-Oct-24,243.66,5,37,Clothing,Lamp,Home,Female,1218.3,26-35,247,1236,Oct-24,70
ORD6518,CUST2518,55,PROD1718,Canada,09-Oct-21,29-Jul-22,5,active,10-Apr-25,158.84,9,9,Clothing,Sneakers,Clothing,Female,1429.56,46-55,1302,293,Apr-25,80
ORD6519,CUST2519,64,PROD1719,Germany,11-Oct-20,03-Apr-25,0,cancelled,25-Feb-22,30.74,7,27,Beauty,Shirt,Clothing,Male,215.18,56+,323,1635,Feb-22,50
ORD6520,CUST2520,57,PROD1720,UK,17-Oct-22,23-Mar-24,3,cancelled,22-Sep-23,793.8,2,37,Clothing,Bluetooth Speaker,Electronics,Female,1587.6,56+,699,523,Sep-23,80
ORD6521,CUST2521,20,PROD1721,Germany,28-Nov-22,14-Oct-23,1,active,13-Sep-23,292.99,6,8,Sports,Conditioner,Beauty,Male,1757.94,18-25,860,320,Sep-23,60
ORD6522,CUST2522,62,PROD1722,India,28-Mar-21,29-Nov-22,4,cancelled,30-Aug-21,341.04,2,5,Beauty,Moisturizer,Beauty,Female,682.08,56+,1179,611,Aug-21,80
ORD6523,CUST2523,58,PROD1723,Germany,17-Dec-20,21-Mar-24,0,paused,05-Mar-23,205.75,7,5,Clothing,Gaming Console,Electronics,Male,1440.25,56+,701,1190,Mar-23,70
ORD6524,CUST2524,19,PROD1724,UK,31-Jul-21,29-Apr-24,5,active,21-Jul-23,126.42,7,45,Clothing,Gaming Console,Electronics,Female,884.94,18-25,662,1003,Jul-23,80
ORD6525,CUST2525,18,PROD1725,Canada,03-Jun-23,22-Mar-25,5,active,14-Sep-23,205.06,6,40,Sports,Nail Polish,Beauty,Female,1230.36,18-25,335,658,Sep-23,80
ORD6526,CUST2526,18,PROD1726,Canada,04-Oct-20,05-May-25,4,active,05-Jan-25,87.18,2,14,Home,Microwave,Home,Male,174.36,18-25,291,1674,Jan-25,80
ORD6527,CUST2527,37,PROD1727,USA,03-Oct-22,21-May-24,5,active,24-Nov-24,40.23,7,40,Home,Bluetooth Speaker,Electronics,Male,281.61,36-45,640,596,Nov-24,80
ORD6528,CUST2528,21,PROD1728,USA,23-Feb-23,01-Dec-23,4,cancelled,01-May-24,375.8,5,12,Clothing,Sneakers,Clothing,Male,1879,18-25,812,281,May-24,80
ORD6529,CUST2529,20,PROD1729,USA,28-Jun-22,10-Mar-24,2,cancelled,03-Feb-23,277.5,5,42,Clothing,Nail Polish,Beauty,Male,1387.5,18-25,712,621,Feb-23,70
ORD6530,CUST2530,65,PROD1730,India,15-Sep-22,24-Oct-23,5,active,11-Nov-22,122.48,8,39,Sports,Sofa,Home,Other,979.84,56+,850,404,Nov-22,80
ORD6531,CUST2531,47,PROD1731,Canada,11-Nov-21,27-Sep-23,3,active,20-Jun-23,114.92,4,4,Beauty,Jeans,Clothing,Male,459.68,46-55,877,685,Jun-23,80
ORD6532,CUST2532,53,PROD1732,USA,20-Jun-22,10-Jul-24,5,active,17-May-25,292.53,1,4,Sports,Vacuum Cleaner,Home,Male,292.53,46-55,590,751,May-25,80
ORD6533,CUST2533,66,PROD1733,Pakistan,04-Mar-23,02-May-25,1,active,08-Aug-24,239.23,3,11,Beauty,Smartwatch,Electronics,Male,717.69,56+,294,790,Aug-24,60
ORD6534,CUST2534,35,PROD1734,UK,04-Feb-21,28-Dec-22,3,cancelled,11-Mar-22,120.66,3,10,Electronics,Foundation,Beauty,Male,361.98,26-35,1150,692,Mar-22,80
ORD6535,CUST2535,41,PROD1735,Pakistan,25-Feb-23,17-Aug-24,2,cancelled,17-Aug-24,129,9,30,Sports,Yoga Mat,Sports,Female,1161,36-45,552,539,Aug-24,70
ORD6536,CUST2536,41,PROD1736,Germany,28-Mar-23,02-Sep-24,2,active,07-Jul-25,184.41,9,41,Sports,Tennis Racket,Sports,Male,1659.69,36-45,536,524,Jul-25,70
ORD6537,CUST2537,43,PROD1737,Canada,15-Apr-23,31-Dec-23,2,active,12-Apr-25,90.24,6,16,Home,Skirt,Clothing,Female,541.44,36-45,782,260,Apr-25,70
ORD6538,CUST2538,58,PROD1738,Pakistan,29-Oct-22,03-Apr-23,2,cancelled,15-Sep-23,135.02,4,38,Beauty,Jacket,Clothing,Male,540.08,56+,1054,156,Sep-23,70
ORD6539,CUST2539,59,PROD1739,Canada,28-Mar-22,14-Sep-23,4,active,21-Sep-24,73.1,6,32,Sports,Tablet,Electronics,Female,438.6,56+,890,535,Sep-24,80
ORD6540,CUST2540,30,PROD1740,Canada,27-Sep-20,24-Jan-21,3,paused,16-Oct-23,314.7,2,4,Beauty,Bluetooth Speaker,Electronics,Male,629.4,26-35,1853,119,Oct-23,100
ORD6541,CUST2541,54,PROD1741,Canada,15-Apr-23,02-Jan-24,4,active,27-Mar-25,195.83,3,17,Beauty,Moisturizer,Beauty,Female,587.49,46-55,780,262,Mar-25,80
ORD6542,CUST2542,40,PROD1742,Canada,30-Dec-21,22-Oct-24,4,cancelled,07-Jan-25,226.27,8,15,Home,Skirt,Clothing,Male,1810.16,36-45,486,1027,Jan-25,80
ORD6543,CUST2543,49,PROD1743,Germany,04-Nov-20,30-Jul-21,4,active,25-Jun-23,486.7,3,5,Clothing,Sneakers,Clothing,Female,1460.1,46-55,1666,268,Jun-23,80
ORD6544,CUST2544,36,PROD1744,USA,12-May-23,16-May-24,1,cancelled,19-Jun-25,588.03,3,3,Home,Lipstick,Beauty,Female,1764.09,36-45,645,370,Jun-25,60
ORD6545,CUST2545,34,PROD1745,Germany,21-May-23,14-Feb-24,3,cancelled,31-Oct-23,841.79,2,41,Clothing,Hoodie,Clothing,Female,1683.58,26-35,737,269,Oct-23,80
ORD6546,CUST2546,18,PROD1746,India,17-Mar-23,29-Jul-24,1,paused,19-Sep-24,151.42,1,45,Sports,Lamp,Home,Female,151.42,18-25,571,500,Sep-24,80
ORD6547,CUST2547,65,PROD1747,Germany,29-Dec-20,18-May-21,2,active,27-Aug-22,263.28,4,25,Home,Skirt,Clothing,Female,1053.12,56+,1739,140,Aug-22,70
ORD6548,CUST2548,20,PROD1748,Canada,19-Jun-22,24-Jan-25,2,cancelled,02-Aug-24,129.67,8,20,Home,Nail Polish,Beauty,Female,1037.36,18-25,392,950,Aug-24,70
ORD6549,CUST2549,30,PROD1749,UK,20-Jun-22,06-Nov-24,2,active,31-Oct-23,1735.82,1,42,Sports,Hoodie,Clothing,Female,1735.82,26-35,471,870,Oct-23,70
ORD6550,CUST2550,68,PROD1750,UK,14-Oct-21,26-Jun-23,2,active,19-Jan-25,89.49,4,48,Clothing,Vacuum Cleaner,Home,Female,357.96,56+,970,620,Jan-25,70
ORD6551,CUST2551,40,PROD1751,Canada,09-Sep-22,28-Nov-23,0,cancelled,14-Jun-25,84.45,8,31,Beauty,Chair,Home,Male,675.6,36-45,815,445,Jun-25,50
ORD6552,CUST2552,65,PROD1752,Pakistan,01-Mar-21,12-Nov-21,0,active,17-Jan-22,101.16,7,21,Beauty,Shampoo,Beauty,Male,708.12,56+,1561,256,Jan-22,50
ORD6553,CUST2553,54,PROD1753,Germany,23-Jan-22,28-Apr-24,3,active,03-Mar-22,274.23,4,22,Beauty,Perfume,Beauty,Female,1096.92,46-55,663,826,Mar-22,80
ORD6554,CUST2554,63,PROD1754,India,15-Mar-22,08-Feb-24,2,paused,29-May-25,62.25,9,45,Beauty,Tennis Racket,Sports,Male,560.25,56+,743,695,May-25,90
ORD6555,CUST2555,45,PROD1755,USA,10-Feb-23,06-Aug-24,5,cancelled,25-Oct-24,323.67,5,12,Clothing,Chair,Home,Female,1618.35,36-45,563,543,Oct-24,80
ORD6556,CUST2556,65,PROD1756,Canada,06-Sep-21,21-Mar-24,4,active,03-Jul-25,960.43,1,44,Clothing,Refrigerator,Home,Male,960.43,56+,701,927,Jul-25,80
ORD6557,CUST2557,29,PROD1757,Canada,21-Feb-22,25-Nov-22,3,active,18-May-24,16.74,4,3,Electronics,Dumbbells,Sports,Female,66.96,26-35,1183,277,May-24,80
ORD6558,CUST2558,30,PROD1758,USA,06-Nov-21,15-Sep-23,2,active,09-Dec-22,202.24,6,10,Electronics,Nail Polish,Beauty,Male,1213.44,26-35,889,678,Dec-22,70
ORD6559,CUST2559,57,PROD1759,Germany,26-Oct-22,09-Aug-25,5,active,17-Aug-25,143.16,8,12,Electronics,Nail Polish,Beauty,Female,1145.28,56+,195,1018,Aug-25,80
ORD6560,CUST2560,39,PROD1760,Germany,12-May-23,13-Apr-24,2,active,04-Oct-23,1785.86,1,37,Clothing,Dumbbells,Sports,Female,1785.86,36-45,678,337,Oct-23,70
ORD6561,CUST2561,65,PROD1761,India,08-Sep-21,03-Jul-25,1,paused,22-Apr-22,328.43,5,26,Beauty,Jacket,Clothing,Female,1642.15,56+,232,1394,Apr-22,80
ORD6562,CUST2562,48,PROD1762,India,02-Jan-21,09-Apr-23,4,active,07-Mar-21,298.07,3,7,Clothing,Skirt,Clothing,Male,894.21,46-55,1048,827,Mar-21,80
ORD6563,CUST2563,41,PROD1763,Pakistan,20-Feb-22,14-Sep-22,2,cancelled,22-Jan-25,506.96,1,28,Sports,T-Shirt,Clothing,Female,506.96,36-45,1255,206,Jan-25,70
ORD6564,CUST2564,43,PROD1764,Pakistan,24-May-21,20-Jul-25,1,active,17-Oct-22,234.68,4,43,Electronics,T-Shirt,Clothing,Male,938.72,36-45,215,1518,Oct-22,60
ORD6565,CUST2565,19,PROD1765,Canada,16-Jan-22,09-Apr-23,5,active,15-Feb-25,346.97,3,33,Home,Basketball,Sports,Other,1040.91,18-25,1048,448,Feb-25,80
ORD6566,CUST2566,42,PROD1766,India,08-Aug-22,20-Nov-22,0,cancelled,15-Nov-22,347.84,5,5,Electronics,Smartwatch,Electronics,Male,1739.2,36-45,1188,104,Nov-22,50
ORD6567,CUST2567,35,PROD1767,India,27-Jan-21,07-Sep-21,1,cancelled,13-Aug-24,121.64,8,38,Home,Chair,Home,Male,973.12,26-35,1627,223,Aug-24,60
ORD6568,CUST2568,38,PROD1768,India,06-Mar-21,26-Jul-23,5,active,17-Dec-21,323.96,6,5,Sports,Jeans,Clothing,Female,1943.76,36-45,940,872,Dec-21,80
ORD6569,CUST2569,28,PROD1769,India,26-Jul-22,11-Oct-22,5,active,31-Oct-22,171.03,9,17,Home,Cycling Helmet,Sports,Female,1539.27,26-35,1228,77,Oct-22,80
ORD6570,CUST2570,65,PROD1770,India,17-Jan-22,12-Mar-24,2,paused,28-Nov-22,46.66,2,8,Beauty,Nail Polish,Beauty,Male,93.32,56+,710,785,Nov-22,90
ORD6571,CUST2571,49,PROD1771,Germany,27-Jan-21,10-May-23,2,paused,16-Jun-25,87.07,8,38,Beauty,Smartwatch,Electronics,Female,696.56,46-55,1017,833,Jun-25,90
ORD6572,CUST2572,45,PROD1772,Germany,14-Apr-22,06-Oct-22,1,active,06-Mar-25,169.39,7,5,Sports,Smartphone,Electronics,Female,1185.73,36-45,1233,175,Mar-25,60
ORD6573,CUST2573,42,PROD1773,Pakistan,23-Sep-22,01-Jan-23,0,paused,26-Nov-22,206.04,7,29,Electronics,Football,Sports,Female,1442.28,36-45,1146,100,Nov-22,70
ORD6574,CUST2574,64,PROD1774,Pakistan,30-Dec-21,12-Feb-23,1,active,05-Jul-22,131.98,9,26,Clothing,Sneakers,Clothing,Male,1187.82,56+,1104,409,Jul-22,60
ORD6575,CUST2575,41,PROD1775,Canada,23-Apr-22,27-Dec-24,3,active,05-Jun-24,22.25,2,12,Beauty,Tablet,Electronics,Male,44.5,36-45,420,979,Jun-24,80
ORD6576,CUST2576,49,PROD1776,Canada,09-Oct-20,18-May-25,3,cancelled,15-Jun-21,124.98,6,18,Home,Jeans,Clothing,Female,749.88,46-55,278,1682,Jun-21,80
ORD6577,CUST2577,61,PROD1777,Canada,18-Apr-22,04-Jan-24,2,active,24-May-25,265.51,5,16,Clothing,Vacuum Cleaner,Home,Male,1327.55,56+,778,626,May-25,70
ORD6578,CUST2578,54,PROD1778,Germany,10-Sep-20,31-Mar-21,1,paused,10-Jun-24,219.54,9,19,Beauty,Jacket,Clothing,Male,1975.86,46-55,1787,202,Jun-24,80
ORD6579,CUST2579,61,PROD1779,Pakistan,19-Mar-21,04-Aug-23,4,active,27-Mar-21,255.15,5,41,Electronics,Laptop,Electronics,Male,1275.75,56+,931,868,Mar-21,80
ORD6580,CUST2580,27,PROD1780,Pakistan,10-Oct-20,26-May-21,0,active,01-Feb-21,264.99,7,3,Clothing,Nail Polish,Beauty,Female,1854.93,26-35,1731,228,Feb-21,50
ORD6581,CUST2581,57,PROD1781,Germany,02-Mar-21,05-May-22,0,cancelled,26-Apr-21,253.66,6,38,Home,Skirt,Clothing,Female,1521.96,56+,1387,429,Apr-21,50
ORD6582,CUST2582,59,PROD1782,UK,10-Sep-20,23-Sep-24,0,active,21-Jun-21,215.04,3,14,Electronics,Shirt,Clothing,Female,645.12,56+,515,1474,Jun-21,50
ORD6583,CUST2583,61,PROD1783,Canada,23-Jan-23,11-Jul-24,5,cancelled,22-May-25,1226.37,1,11,Sports,Laptop,Electronics,Male,1226.37,56+,589,535,May-25,80
ORD6584,CUST2584,55,PROD1784,Pakistan,27-Dec-20,17-Mar-24,1,active,19-Nov-24,31.81,5,40,Clothing,Sneakers,Clothing,Female,159.05,46-55,705,1176,Nov-24,60
ORD6585,CUST2585,24,PROD1785,Germany,27-Dec-21,03-Nov-24,4,active,14-Dec-22,966.86,1,44,Clothing,Skirt,Clothing,Male,966.86,18-25,474,1042,Dec-22,80
ORD6586,CUST2586,58,PROD1786,USA,05-Jul-21,01-May-25,5,active,26-Mar-24,196.24,6,31,Sports,Smartphone,Electronics,Male,1177.44,56+,295,1396,Mar-24,80
ORD6587,CUST2587,24,PROD1787,Germany,02-Jun-23,13-Nov-23,0,active,21-May-25,279.32,7,23,Electronics,Sneakers,Clothing,Female,1955.24,18-25,830,164,May-25,50
ORD6588,CUST2588,65,PROD1788,Pakistan,04-Dec-22,08-Aug-24,5,paused,09-Jul-24,125.73,8,17,Clothing,Blender,Home,Male,1005.84,56+,561,613,Jul-24,100
ORD6589,CUST2589,41,PROD1789,Pakistan,24-Jul-23,07-Mar-24,4,active,02-Sep-24,480.9,3,12,Home,Smartwatch,Electronics,Male,1442.7,36-45,715,227,Sep-24,80
ORD6590,CUST2590,59,PROD1790,Canada,14-Jun-21,23-Dec-24,5,active,09-Dec-22,359.75,5,25,Clothing,Shirt,Clothing,Male,1798.75,56+,424,1288,Dec-22,80
ORD6591,CUST2591,63,PROD1791,Germany,08-Jun-23,21-Mar-25,2,active,22-Feb-24,159.41,7,32,Home,Sneakers,Clothing,Other,1115.87,56+,336,652,Feb-24,70
ORD6592,CUST2592,26,PROD1792,India,30-Jun-21,13-Mar-22,0,cancelled,20-Jun-24,623.01,2,8,Beauty,Chair,Home,Other,1246.02,26-35,1440,256,Jun-24,50
ORD6593,CUST2593,34,PROD1793,UK,04-Jan-22,09-Feb-22,1,paused,28-Sep-23,171.77,4,43,Clothing,Shirt,Clothing,Female,687.08,26-35,1472,36,Sep-23,80
ORD6594,CUST2594,53,PROD1794,Germany,25-Sep-22,10-May-24,5,active,29-Jun-25,140.03,3,25,Sports,Dress,Clothing,Female,420.09,46-55,651,593,Jun-25,80
ORD6595,CUST2595,42,PROD1795,Germany,18-Jan-22,17-Oct-24,4,active,19-Feb-22,222.75,5,35,Sports,Sneakers,Clothing,Male,1113.75,36-45,491,1003,Feb-22,80
ORD6596,CUST2596,58,PROD1796,Canada,22-Nov-20,20-Dec-22,2,paused,25-Mar-25,867.89,2,12,Home,Bluetooth Speaker,Electronics,Male,1735.78,56+,1158,758,Mar-25,90
ORD6597,CUST2597,61,PROD1797,UK,20-Jul-21,10-Dec-23,5,paused,18-May-22,426.44,2,10,Beauty,Skirt,Clothing,Female,852.88,56+,803,873,May-22,100
ORD6598,CUST2598,47,PROD1798,USA,13-Aug-22,13-Aug-22,2,active,18-Aug-24,274.02,5,22,Sports,Refrigerator,Home,Female,1370.1,46-55,1287,0,Aug-24,70
ORD6599,CUST2599,33,PROD1799,Germany,13-Jan-23,18-May-25,4,active,29-Jun-25,222.6,6,12,Clothing,Perfume,Beauty,Male,1335.6,26-35,278,856,Jun-25,80
ORD6600,CUST2600,44,PROD1800,Pakistan,25-Jul-22,17-Jun-23,2,active,02-Jan-23,177.18,9,30,Electronics,Tablet,Electronics,Female,1594.62,36-45,979,327,Jan-23,70
ORD6601,CUST2601,58,PROD1801,UK,23-Jun-22,23-Feb-23,3,cancelled,31-Aug-24,506.88,2,47,Clothing,Camera,Electronics,Female,1013.76,56+,1093,245,Aug-24,80
ORD6602,CUST2602,59,PROD1802,India,02-Nov-20,04-Jun-21,2,cancelled,04-Nov-20,142.16,8,1,Clothing,Laptop,Electronics,Female,1137.28,56+,1722,214,Nov-20,70
ORD6603,CUST2603,50,PROD1803,India,07-Jul-23,15-Jul-25,4,active,28-Dec-23,186.9,6,29,Clothing,Vacuum Cleaner,Home,Female,1121.4,46-55,220,739,Dec-23,80
ORD6604,CUST2604,20,PROD1804,Germany,16-Oct-21,18-Mar-23,4,active,26-Sep-22,46.03,8,24,Clothing,Tennis Racket,Sports,Female,368.24,18-25,1070,518,Sep-22,80
ORD6605,CUST2605,60,PROD1805,Germany,18-Aug-23,15-Apr-24,5,active,01-Jul-24,119.98,7,14,Home,Hoodie,Clothing,Male,839.86,56+,676,241,Jul-24,80
ORD6606,CUST2606,43,PROD1806,UK,20-Nov-21,06-Sep-23,0,active,02-Jan-22,428.32,1,38,Electronics,Gaming Console,Electronics,Female,428.32,36-45,898,655,Jan-22,50
ORD6607,CUST2607,62,PROD1807,India,01-Jun-23,11-Nov-23,4,active,14-Jan-24,434.76,4,30,Clothing,Camera,Electronics,Male,1739.04,56+,832,163,Jan-24,80
ORD6608,CUST2608,64,PROD1808,UK,25-May-22,02-Mar-23,1,active,12-Dec-24,823.43,1,16,Electronics,Smartwatch,Electronics,Female,823.43,56+,1086,281,Dec-24,60
ORD6609,CUST2609,35,PROD1809,USA,20-Apr-22,27-Aug-22,4,active,24-Apr-24,457.86,4,11,Electronics,Refrigerator,Home,Female,1831.44,26-35,1273,129,Apr-24,80
ORD6610,CUST2610,18,PROD1810,USA,12-Dec-22,26-Feb-23,0,paused,29-Mar-24,101.26,7,2,Clothing,Dining Table,Home,Female,708.82,18-25,1090,76,Mar-24,70
ORD6611,CUST2611,55,PROD1811,Pakistan,19-Apr-21,30-Apr-25,4,paused,17-Apr-22,96.22,6,20,Beauty,Headphones,Electronics,Male,577.32,46-55,296,1472,Apr-22,100
ORD6612,CUST2612,54,PROD1812,Germany,13-May-23,04-Sep-24,1,cancelled,04-Jun-23,231.8,5,16,Clothing,Football,Sports,Female,1159,46-55,534,480,Jun-23,60
ORD6613,CUST2613,46,PROD1813,Canada,15-Jul-23,26-Jul-24,0,active,20-Apr-24,322.05,5,24,Clothing,Laptop,Electronics,Female,1610.25,46-55,574,377,Apr-24,50
ORD6614,CUST2614,60,PROD1814,Canada,18-Apr-21,26-Jun-21,1,cancelled,19-Feb-23,69.27,6,43,Sports,Sneakers,Clothing,Male,415.62,56+,1700,69,Feb-23,60
ORD6615,CUST2615,65,PROD1815,Germany,28-Oct-21,18-Mar-25,4,active,10-Dec-21,1699.62,1,17,Clothing,Hoodie,Clothing,Male,1699.62,56+,339,1237,Dec-21,80
ORD6616,CUST2616,32,PROD1816,India,25-Jul-23,03-Dec-24,0,active,24-Oct-24,260.12,7,44,Beauty,Cricket Bat,Sports,Male,1820.84,26-35,444,497,Oct-24,50
ORD6617,CUST2617,50,PROD1817,Canada,01-Nov-22,16-Mar-23,0,active,01-Sep-23,161.93,8,43,Beauty,Cricket Bat,Sports,Female,1295.44,46-55,1072,135,Sep-23,50
ORD6618,CUST2618,45,PROD1818,UK,05-Oct-22,03-Aug-24,1,active,20-Oct-24,191.99,7,3,Electronics,Lamp,Home,Female,1343.93,36-45,566,668,Oct-24,60
ORD6619,CUST2619,22,PROD1819,Germany,26-Mar-21,18-Sep-24,2,cancelled,28-Feb-22,91.6,9,37,Home,Shirt,Clothing,Male,824.4,18-25,520,1272,Feb-22,70
ORD6620,CUST2620,65,PROD1820,India,04-May-21,05-Sep-22,0,active,08-Apr-22,109.84,8,12,Home,Chair,Home,Male,878.72,56+,1264,489,Apr-22,50
ORD6621,CUST2621,57,PROD1821,USA,19-Aug-23,06-Jan-25,2,paused,31-May-24,502.39,2,34,Clothing,Laptop,Electronics,Male,1004.78,56+,410,506,May-24,90
ORD6622,CUST2622,66,PROD1822,Pakistan,10-Dec-21,28-Jan-24,3,active,19-Dec-23,201.65,9,21,Beauty,T-Shirt,Clothing,Male,1814.85,56+,754,779,Dec-23,80
ORD6623,CUST2623,24,PROD1823,India,06-Aug-22,18-Jul-24,4,active,14-Aug-25,418.77,4,32,Home,Skirt,Clothing,Female,1675.08,18-25,582,712,Aug-25,80
ORD6624,CUST2624,46,PROD1824,Germany,04-May-21,29-Aug-23,4,cancelled,05-May-23,642.34,2,42,Beauty,Shirt,Clothing,Female,1284.68,46-55,906,847,May-23,80
ORD6625,CUST2625,50,PROD1825,Germany,23-Dec-21,07-Jan-25,4,paused,03-Jul-23,935.56,2,47,Beauty,Gaming Console,Electronics,Male,1871.12,46-55,409,1111,Jul-23,100
ORD6626,CUST2626,46,PROD1826,Pakistan,15-Oct-21,02-Sep-22,2,cancelled,02-Jun-24,339.15,4,27,Home,Basketball,Sports,Male,1356.6,46-55,1267,322,Jun-24,70
ORD6627,CUST2627,23,PROD1827,UK,04-Nov-20,07-Jun-23,4,active,11-Jan-24,375.92,4,26,Electronics,Smartwatch,Electronics,Male,1503.68,18-25,989,945,Jan-24,80
ORD6628,CUST2628,64,PROD1828,Canada,02-Apr-22,01-Aug-22,1,active,28-Oct-22,1105.58,1,30,Sports,Foundation,Beauty,Female,1105.58,56+,1299,121,Oct-22,60
ORD6629,CUST2629,32,PROD1829,Germany,18-Oct-21,10-Jun-24,5,active,27-Dec-23,95.07,9,45,Electronics,T-Shirt,Clothing,Female,855.63,26-35,620,966,Dec-23,80
ORD6630,CUST2630,36,PROD1830,USA,24-Jan-23,26-Dec-24,3,cancelled,09-Aug-25,166.35,8,43,Beauty,Cricket Bat,Sports,Male,1330.8,36-45,421,702,Aug-25,80
ORD6631,CUST2631,26,PROD1831,Pakistan,05-May-23,02-Oct-24,2,active,04-Feb-24,476.29,4,21,Home,Football,Sports,Male,1905.16,26-35,506,516,Feb-24,70
ORD6632,CUST2632,67,PROD1832,UK,14-Jan-21,30-Dec-22,3,paused,03-Sep-22,498.96,3,40,Sports,Football,Sports,Male,1496.88,56+,1148,715,Sep-22,100
ORD6633,CUST2633,61,PROD1833,Canada,29-Jan-23,14-May-25,0,paused,14-Jul-24,212.7,4,29,Electronics,Moisturizer,Beauty,Male,850.8,56+,282,836,Jul-24,70
ORD6634,CUST2634,22,PROD1834,Canada,24-Jun-21,20-Jun-24,1,active,24-Dec-23,1839.2,1,48,Clothing,Lipstick,Beauty,Female,1839.2,18-25,610,1092,Dec-23,60
ORD6635,CUST2635,62,PROD1835,UK,05-Mar-22,09-Jul-25,1,active,10-Oct-24,317.92,4,23,Electronics,Running Shoes,Sports,Male,1271.68,56+,226,1222,Oct-24,60
ORD6636,CUST2636,45,PROD1836,Pakistan,22-Mar-23,17-Aug-23,1,paused,31-Oct-24,125.84,9,49,Electronics,Smartwatch,Electronics,Female,1132.56,36-45,918,148,Oct-24,80
ORD6637,CUST2637,59,PROD1837,India,20-May-23,16-Sep-23,3,active,08-Jul-25,53.62,8,30,Home,Dining Table,Home,Male,428.96,56+,888,119,Jul-25,80
ORD6638,CUST2638,42,PROD1838,Germany,14-Nov-21,27-Nov-24,5,active,03-Jun-22,223.59,7,4,Sports,Bluetooth Speaker,Electronics,Male,1565.13,36-45,450,1109,Jun-22,80
ORD6639,CUST2639,26,PROD1839,USA,15-Jun-21,10-Nov-22,0,paused,14-Apr-25,49.19,3,29,Home,Sofa,Home,Female,147.57,26-35,1198,513,Apr-25,70
ORD6640,CUST2640,37,PROD1840,India,09-Jun-23,24-Apr-24,2,active,03-Oct-23,211,7,15,Sports,Shampoo,Beauty,Female,1477,36-45,667,320,Oct-23,70
ORD6641,CUST2641,36,PROD1841,Germany,21-Aug-21,23-Sep-22,0,active,03-Jan-24,905.81,2,46,Beauty,Headphones,Electronics,Male,1811.62,36-45,1246,398,Jan-24,50
ORD6642,CUST2642,60,PROD1842,Germany,06-May-23,06-Jun-23,5,active,02-Apr-25,97.72,8,2,Clothing,Skirt,Clothing,Female,781.76,56+,990,31,Apr-25,80
ORD6643,CUST2643,34,PROD1843,India,09-Oct-21,28-Feb-22,1,cancelled,10-Jun-25,410.74,3,39,Home,Smartphone,Electronics,Male,1232.22,26-35,1453,142,Jun-25,60
ORD6644,CUST2644,43,PROD1844,Canada,20-Oct-22,21-Jul-24,0,active,25-Jul-23,91.62,6,9,Sports,Hoodie,Clothing,Female,549.72,36-45,579,640,Jul-23,50
ORD6645,CUST2645,55,PROD1845,India,04-Aug-22,11-Jun-24,2,cancelled,16-May-23,173.84,5,46,Home,Laptop,Electronics,Female,869.2,46-55,619,677,May-23,70
ORD6646,CUST2646,33,PROD1846,UK,28-Jan-21,07-May-25,5,active,22-Jul-21,255.81,6,35,Electronics,Yoga Mat,Sports,Female,1534.86,26-35,289,1560,Jul-21,80
ORD6647,CUST2647,40,PROD1847,Pakistan,12-Jul-22,16-Nov-23,2,cancelled,14-Apr-24,358.63,2,6,Clothing,Nail Polish,Beauty,Male,717.26,36-45,827,492,Apr-24,70
ORD6648,CUST2648,47,PROD1848,Germany,12-Nov-22,11-Dec-23,2,paused,25-Jul-23,12.28,4,35,Clothing,Yoga Mat,Sports,Female,49.12,46-55,802,394,Jul-23,90
ORD6649,CUST2649,54,PROD1849,India,30-Apr-21,24-Sep-21,4,active,08-Feb-25,112.04,8,29,Clothing,Skirt,Clothing,Male,896.32,46-55,1610,147,Feb-25,80
ORD6650,CUST2650,36,PROD1850,UK,01-Apr-23,12-Oct-24,0,paused,10-Aug-24,1885.06,1,33,Electronics,Camera,Electronics,Female,1885.06,36-45,496,560,Aug-24,70
ORD6651,CUST2651,26,PROD1851,Pakistan,17-Dec-20,18-Jan-22,3,paused,27-Jul-24,714.4,2,30,Electronics,Sofa,Home,Male,1428.8,26-35,1494,397,Jul-24,100
ORD6652,CUST2652,21,PROD1852,India,18-Jun-21,01-Sep-22,2,active,17-Feb-23,277.69,6,10,Electronics,Sneakers,Clothing,Female,1666.14,18-25,1268,440,Feb-23,70
ORD6653,CUST2653,62,PROD1853,Pakistan,06-Oct-20,09-May-23,5,cancelled,24-Feb-24,108.33,8,33,Electronics,Laptop,Electronics,Male,866.64,56+,1018,945,Feb-24,80
ORD6654,CUST2654,55,PROD1854,Germany,01-Jan-21,07-Oct-21,5,paused,01-Jan-23,1831.4,1,4,Sports,Headphones,Electronics,Female,1831.4,46-55,1597,279,Jan-23,100
ORD6655,CUST2655,42,PROD1855,Germany,10-Jan-21,29-May-21,2,cancelled,01-Dec-21,524.46,1,12,Beauty,Nail Polish,Beauty,Female,524.46,36-45,1728,139,Dec-21,70
ORD6656,CUST2656,35,PROD1856,Canada,28-Aug-22,05-May-25,5,active,05-Jul-24,351.58,3,13,Sports,Shampoo,Beauty,Male,1054.74,26-35,291,981,Jul-24,80
ORD6657,CUST2657,69,PROD1857,India,20-Aug-20,20-Aug-25,5,active,17-Jun-22,79.3,9,34,Electronics,Hoodie,Clothing,Other,713.7,56+,184,1826,Jun-22,80
ORD6658,CUST2658,42,PROD1858,UK,05-Feb-21,19-Mar-25,0,active,01-Oct-24,428.49,3,38,Beauty,Bluetooth Speaker,Electronics,Male,1285.47,36-45,338,1503,Oct-24,50
ORD6659,CUST2659,34,PROD1859,India,02-Mar-21,17-Jan-23,2,active,14-May-25,63.22,5,15,Beauty,Sofa,Home,Male,316.1,26-35,1130,686,May-25,70
ORD6660,CUST2660,39,PROD1860,Germany,28-Apr-21,02-Oct-22,0,paused,04-Jul-25,137.12,8,20,Clothing,Perfume,Beauty,Male,1096.96,36-45,1237,522,Jul-25,70
ORD6661,CUST2661,21,PROD1861,USA,04-Jan-21,07-Dec-23,1,active,23-Apr-22,209.09,3,16,Clothing,Football,Sports,Male,627.27,18-25,806,1067,Apr-22,60
ORD6662,CUST2662,55,PROD1862,Germany,06-Jul-22,25-Nov-24,4,active,08-Nov-22,294.64,4,22,Home,Camera,Electronics,Female,1178.56,46-55,452,873,Nov-22,80
ORD6663,CUST2663,51,PROD1863,Pakistan,26-Nov-22,12-May-24,5,active,19-Jan-24,147.02,5,31,Clothing,Skirt,Clothing,Female,735.1,46-55,649,533,Jan-24,80
ORD6664,CUST2664,64,PROD1864,Pakistan,06-Aug-21,11-Sep-23,5,cancelled,26-Apr-24,327.61,6,19,Clothing,Cycling Helmet,Sports,Male,1965.66,56+,893,766,Apr-24,80
ORD6665,CUST2665,64,PROD1865,USA,07-Oct-21,05-Aug-24,3,paused,17-Jan-23,823.69,2,2,Home,Bluetooth Speaker,Electronics,Male,1647.38,56+,564,1033,Jan-23,100
ORD6666,CUST2666,66,PROD1866,USA,07-Jul-23,25-Feb-24,2,active,02-Jul-24,20.04,7,8,Clothing,Skirt,Clothing,Female,140.28,56+,726,233,Jul-24,70
ORD6667,CUST2667,32,PROD1867,Canada,10-Jun-23,08-Jun-25,4,cancelled,07-Jul-23,175.23,9,22,Clothing,Hoodie,Clothing,Female,1577.07,26-35,257,729,Jul-23,80
ORD6668,CUST2668,55,PROD1868,Germany,01-Jan-21,12-Feb-24,5,active,23-Oct-22,330.08,5,34,Electronics,Chair,Home,Male,1650.4,46-55,739,1137,Oct-22,80
ORD6669,CUST2669,59,PROD1869,USA,07-Apr-23,02-Jul-23,5,paused,21-Jun-25,240.04,2,36,Home,Camera,Electronics,Male,480.08,56+,964,86,Jun-25,100
ORD6670,CUST2670,24,PROD1870,Pakistan,14-May-21,04-Dec-22,0,active,18-May-24,3.68,9,47,Home,Headphones,Electronics,Female,33.12,18-25,1174,569,May-24,50
ORD6671,CUST2671,66,PROD1871,Canada,28-Aug-20,19-Jan-22,3,active,10-Aug-23,323.89,2,37,Home,Lipstick,Beauty,Female,647.78,56+,1493,509,Aug-23,80
ORD6672,CUST2672,48,PROD1872,Germany,13-Aug-23,12-Jun-25,4,cancelled,18-Jul-25,29.26,9,34,Electronics,Face Wash,Beauty,Female,263.34,46-55,253,669,Jul-25,80
ORD6673,CUST2673,22,PROD1873,Pakistan,06-Jul-22,23-Feb-24,3,paused,03-Aug-24,119.12,5,2,Clothing,Lipstick,Beauty,Female,595.6,18-25,728,597,Aug-24,100
ORD6674,CUST2674,66,PROD1874,UK,14-Nov-21,23-Apr-23,5,active,31-Mar-23,156.26,8,42,Home,Laptop,Electronics,Male,1250.08,56+,1034,525,Mar-23,80
ORD6675,CUST2675,28,PROD1875,UK,02-Oct-21,26-Oct-24,4,paused,29-Jul-24,135.47,6,3,Electronics,Gaming Console,Electronics,Male,812.82,26-35,482,1120,Jul-24,100
ORD6676,CUST2676,48,PROD1876,Canada,04-Nov-20,24-Feb-24,3,active,05-Jul-21,814.81,2,25,Beauty,T-Shirt,Clothing,Male,1629.62,46-55,727,1207,Jul-21,80
ORD6677,CUST2677,35,PROD1877,India,15-Oct-20,09-May-23,0,active,24-Mar-24,403.86,2,43,Beauty,Headphones,Electronics,Female,807.72,26-35,1018,936,Mar-24,50
ORD6678,CUST2678,27,PROD1878,USA,11-Jun-21,20-Jan-24,0,active,25-Mar-23,163.55,6,48,Electronics,Foundation,Beauty,Female,981.3,26-35,762,953,Mar-23,50
ORD6679,CUST2679,24,PROD1879,Germany,20-Oct-21,24-Jul-23,2,paused,12-May-24,75.07,5,32,Electronics,T-Shirt,Clothing,Female,375.35,18-25,942,642,May-24,90
ORD6680,CUST2680,69,PROD1880,Pakistan,12-Feb-22,09-Apr-22,0,active,16-Oct-23,118.64,8,1,Clothing,Headphones,Electronics,Female,949.12,56+,1413,56,Oct-23,50
ORD6681,CUST2681,65,PROD1881,UK,01-Jun-21,25-Jun-21,4,active,10-Nov-21,53.37,7,34,Beauty,Microwave,Home,Female,373.59,56+,1701,24,Nov-21,80
ORD6682,CUST2682,65,PROD1882,UK,01-Mar-23,05-Apr-24,3,active,09-Dec-24,101.28,6,38,Clothing,Cycling Helmet,Sports,Female,607.68,56+,686,401,Dec-24,80
ORD6683,CUST2683,55,PROD1883,USA,05-Feb-23,21-Apr-25,4,active,18-Apr-24,86.01,5,48,Home,Laptop,Electronics,Male,430.05,46-55,305,806,Apr-24,80
ORD6684,CUST2684,26,PROD1884,India,23-Dec-22,26-Nov-24,3,active,09-Jan-24,306.85,5,11,Home,Microwave,Home,Male,1534.25,26-35,451,704,Jan-24,80
ORD6685,CUST2685,20,PROD1885,Canada,13-Oct-21,18-Jun-25,1,active,18-May-22,177.19,3,27,Beauty,Bluetooth Speaker,Electronics,Other,531.57,18-25,247,1344,May-22,60
ORD6686,CUST2686,51,PROD1886,Pakistan,14-Mar-21,07-Aug-23,0,cancelled,17-Sep-23,1804.28,1,32,Home,Jacket,Clothing,Female,1804.28,46-55,928,876,Sep-23,50
ORD6687,CUST2687,35,PROD1887,UK,24-Feb-23,15-Mar-25,0,paused,02-May-25,25.63,4,2,Electronics,Sofa,Home,Male,102.52,26-35,342,750,May-25,70
ORD6688,CUST2688,58,PROD1888,USA,23-May-21,10-Aug-21,2,active,20-Sep-24,18.2,6,23,Sports,Jacket,Clothing,Male,109.2,56+,1655,79,Sep-24,70
ORD6689,CUST2689,50,PROD1889,USA,27-Aug-20,19-Mar-24,4,active,06-Apr-23,200.74,5,38,Sports,Tablet,Electronics,Female,1003.7,46-55,703,1300,Apr-23,80
ORD6690,CUST2690,42,PROD1890,Canada,29-Mar-21,20-Aug-25,0,active,28-Apr-25,301.07,6,46,Beauty,Lamp,Home,Female,1806.42,36-45,184,1605,Apr-25,50
ORD6691,CUST2691,21,PROD1891,USA,04-May-23,15-Jun-23,0,active,06-Jul-25,383.59,3,33,Beauty,Yoga Mat,Sports,Male,1150.77,18-25,981,42,Jul-25,50
ORD6692,CUST2692,46,PROD1892,UK,21-Feb-23,22-May-24,4,cancelled,06-Jul-25,159.88,5,31,Electronics,Perfume,Beauty,Male,799.4,46-55,639,456,Jul-25,80
ORD6693,CUST2693,62,PROD1893,UK,07-Jan-23,19-Aug-24,3,active,24-Nov-24,96.74,6,17,Home,Headphones,Electronics,Male,580.44,56+,550,590,Nov-24,80
ORD6694,CUST2694,33,PROD1894,Pakistan,18-Apr-21,14-Jan-25,1,paused,04-Aug-24,147.04,8,12,Sports,Yoga Mat,Sports,Other,1176.32,26-35,402,1367,Aug-24,80
ORD6695,CUST2695,59,PROD1895,UK,14-Feb-22,30-Dec-24,0,active,08-Apr-24,67.84,9,12,Electronics,Chair,Home,Male,610.56,56+,417,1050,Apr-24,50
ORD6696,CUST2696,60,PROD1896,UK,13-May-23,16-Jan-24,3,active,17-Apr-24,488.97,1,49,Clothing,Laptop,Electronics,Male,488.97,56+,766,248,Apr-24,80
ORD6697,CUST2697,21,PROD1897,Pakistan,22-Jun-23,27-Feb-24,1,active,23-Jan-24,257.6,7,34,Sports,Conditioner,Beauty,Male,1803.2,18-25,724,250,Jan-24,60
ORD6698,CUST2698,62,PROD1898,Pakistan,21-Sep-20,11-Jul-22,4,paused,17-Jul-25,200.49,2,41,Electronics,Smartphone,Electronics,Female,400.98,56+,1320,658,Jul-25,100
ORD6699,CUST2699,52,PROD1899,Pakistan,16-May-23,19-May-25,3,active,22-Jun-23,80.9,9,22,Electronics,Camera,Electronics,Male,728.1,46-55,277,734,Jun-23,80
ORD6700,CUST2700,44,PROD1900,Germany,26-Mar-23,17-May-24,3,cancelled,01-Jun-24,157.67,9,13,Sports,Tablet,Electronics,Male,1419.03,36-45,644,418,Jun-24,80
ORD6701,CUST2701,65,PROD1901,USA,26-Sep-20,16-Jan-24,5,active,20-Jun-24,104.98,8,26,Home,Shirt,Clothing,Female,839.84,56+,766,1207,Jun-24,80
ORD6702,CUST2702,50,PROD1902,Pakistan,30-Dec-22,08-Jul-24,4,active,05-Sep-24,62.9,4,13,Clothing,Foundation,Beauty,Female,251.6,46-55,592,556,Sep-24,80
ORD6703,CUST2703,30,PROD1903,Canada,02-Dec-20,22-Apr-25,4,cancelled,20-Jul-23,145.29,3,24,Clothing,Chair,Home,Male,435.87,26-35,304,1602,Jul-23,80
ORD6704,CUST2704,28,PROD1904,India,24-Jun-22,16-Oct-24,4,cancelled,30-Oct-24,858.36,2,44,Home,Camera,Electronics,Female,1716.72,26-35,492,845,Oct-24,80
ORD6705,CUST2705,57,PROD1905,Canada,29-Jun-21,06-Aug-21,1,cancelled,23-Jul-24,821.24,2,23,Home,Football,Sports,Male,1642.48,56+,1659,38,Jul-24,60
ORD6706,CUST2706,40,PROD1906,UK,08-Nov-21,24-Jan-25,3,cancelled,14-Jul-22,165.58,8,21,Electronics,Blender,Home,Male,1324.64,36-45,392,1173,Jul-22,80
ORD6707,CUST2707,39,PROD1907,USA,11-Jan-22,14-Jun-25,5,active,20-Nov-22,93.48,9,39,Clothing,Headphones,Electronics,Female,841.32,36-45,251,1250,Nov-22,80
ORD6708,CUST2708,33,PROD1908,USA,27-Sep-21,12-Oct-24,1,cancelled,10-Aug-25,227.54,8,10,Sports,Sofa,Home,Female,1820.32,26-35,496,1111,Aug-25,60
ORD6709,CUST2709,40,PROD1909,USA,13-Mar-23,20-Apr-25,1,paused,20-Aug-23,259.94,6,35,Clothing,Jeans,Clothing,Male,1559.64,36-45,306,769,Aug-23,80
ORD6710,CUST2710,20,PROD1910,India,30-Mar-22,09-Feb-24,0,active,26-Jan-24,232,8,39,Electronics,Shirt,Clothing,Female,1856,18-25,742,681,Jan-24,50
ORD6711,CUST2711,47,PROD1911,India,02-Apr-22,04-Sep-24,5,paused,01-Feb-23,184.92,7,34,Home,Tablet,Electronics,Male,1294.44,46-55,534,886,Feb-23,100
ORD6712,CUST2712,53,PROD1912,UK,06-Mar-23,21-May-25,2,active,02-Apr-24,186.91,6,30,Clothing,Jeans,Clothing,Male,1121.46,46-55,275,807,Apr-24,70
ORD6713,CUST2713,66,PROD1913,India,04-Aug-21,09-Apr-25,4,active,11-Jan-24,82.59,9,46,Beauty,Refrigerator,Home,Female,743.31,56+,317,1344,Jan-24,80
ORD6714,CUST2714,27,PROD1914,USA,18-Oct-21,20-Mar-23,4,active,14-Mar-24,31.93,3,36,Home,Sofa,Home,Male,95.79,26-35,1068,518,Mar-24,80
ORD6715,CUST2715,48,PROD1915,Pakistan,16-Jul-22,13-May-24,4,paused,20-Dec-23,244.96,4,7,Electronics,Chair,Home,Male,979.84,46-55,648,667,Dec-23,100
ORD6716,CUST2716,36,PROD1916,India,18-May-21,10-Oct-21,2,cancelled,27-Oct-24,79.27,4,48,Clothing,Sofa,Home,Female,317.08,36-45,1594,145,Oct-24,70
ORD6717,CUST2717,43,PROD1917,Pakistan,01-Apr-23,22-Jan-25,4,active,12-May-23,27.61,9,42,Clothing,Dumbbells,Sports,Male,248.49,36-45,394,662,May-23,80
ORD6718,CUST2718,18,PROD1918,Canada,18-Jan-22,13-Feb-22,5,cancelled,24-Jan-25,30.43,9,18,Beauty,Camera,Electronics,Male,273.87,18-25,1468,26,Jan-25,80
ORD6719,CUST2719,40,PROD1919,Pakistan,05-Nov-20,08-Mar-23,1,cancelled,07-Nov-24,870.22,2,35,Beauty,Sneakers,Clothing,Female,1740.44,36-45,1080,853,Nov-24,60
ORD6720,CUST2720,22,PROD1920,USA,10-Jan-23,26-May-25,3,paused,21-Dec-24,175.59,9,41,Home,Jeans,Clothing,Female,1580.31,18-25,270,867,Dec-24,100
ORD6721,CUST2721,18,PROD1921,UK,09-Oct-20,06-Apr-24,2,active,25-Dec-23,362.98,4,27,Clothing,Dining Table,Home,Female,1451.92,18-25,685,1275,Dec-23,70
ORD6722,CUST2722,25,PROD1922,USA,14-Jun-22,22-Jan-24,3,cancelled,28-Aug-24,473.31,3,2,Electronics,Face Wash,Beauty,Female,1419.93,18-25,760,587,Aug-24,80
ORD6723,CUST2723,18,PROD1923,UK,29-Sep-22,29-Sep-24,3,active,30-Mar-23,156.06,6,9,Electronics,Foundation,Beauty,Female,936.36,18-25,509,731,Mar-23,80
ORD6724,CUST2724,42,PROD1924,USA,23-Jun-23,13-Sep-23,4,active,28-Jul-23,14.15,5,31,Home,Dumbbells,Sports,Male,70.75,36-45,891,82,Jul-23,80
ORD6725,CUST2725,26,PROD1925,Canada,04-May-21,13-Jun-21,5,cancelled,14-Mar-23,164.04,8,13,Home,Shirt,Clothing,Male,1312.32,26-35,1713,40,Mar-23,80
ORD6726,CUST2726,53,PROD1926,Canada,24-Jan-21,30-May-21,5,active,28-Apr-21,206.77,3,23,Sports,Shampoo,Beauty,Female,620.31,46-55,1727,126,Apr-21,80
ORD6727,CUST2727,49,PROD1927,Germany,17-Apr-21,14-Feb-23,1,cancelled,29-Jul-21,972.15,2,1,Home,Shirt,Clothing,Other,1944.3,46-55,1102,668,Jul-21,60
ORD6728,CUST2728,43,PROD1928,USA,23-Jan-23,25-May-25,3,active,21-Apr-23,33.55,2,36,Clothing,Shirt,Clothing,Female,67.1,36-45,271,853,Apr-23,80
ORD6729,CUST2729,18,PROD1929,Pakistan,08-Jul-22,07-Mar-23,5,active,20-Aug-22,227.4,4,18,Home,Conditioner,Beauty,Other,909.6,18-25,1081,242,Aug-22,80
ORD6730,CUST2730,25,PROD1930,USA,22-Feb-21,24-Jul-23,2,cancelled,10-Nov-22,262.56,4,26,Sports,Laptop,Electronics,Male,1050.24,18-25,942,882,Nov-22,70
ORD6731,CUST2731,42,PROD1931,India,04-Aug-22,03-Feb-23,3,active,05-Oct-22,388.38,2,35,Clothing,Dining Table,Home,Female,776.76,36-45,1113,183,Oct-22,80
ORD6732,CUST2732,47,PROD1932,Germany,09-Sep-22,08-Apr-25,3,active,13-Mar-24,157.06,9,34,Sports,Gaming Console,Electronics,Male,1413.54,46-55,318,942,Mar-24,80
ORD6733,CUST2733,20,PROD1933,Canada,27-Jul-22,25-Jun-25,2,active,09-Nov-23,171.09,5,36,Electronics,Tennis Racket,Sports,Female,855.45,18-25,240,1064,Nov-23,70
ORD6734,CUST2734,41,PROD1934,India,12-Dec-22,24-Jun-23,1,active,24-Sep-24,317.36,5,19,Clothing,Lamp,Home,Female,1586.8,36-45,972,194,Sep-24,60
ORD6735,CUST2735,65,PROD1935,UK,19-Apr-22,06-Jul-24,0,active,08-Jul-22,613.07,3,22,Clothing,Vacuum Cleaner,Home,Male,1839.21,56+,594,809,Jul-22,50
ORD6736,CUST2736,33,PROD1936,Germany,03-Apr-22,07-Aug-23,4,active,21-May-24,87.29,9,40,Home,Skirt,Clothing,Male,785.61,26-35,928,491,May-24,80
ORD6737,CUST2737,69,PROD1937,USA,29-May-22,17-Oct-22,4,active,26-May-25,90.99,5,35,Sports,Shirt,Clothing,Female,454.95,56+,1222,141,May-25,80
ORD6738,CUST2738,27,PROD1938,Germany,31-Oct-22,22-Feb-24,4,active,11-Mar-24,291.43,3,40,Home,Chair,Home,Male,874.29,26-35,729,479,Mar-24,80
ORD6739,CUST2739,36,PROD1939,Pakistan,18-Jun-23,16-Sep-23,3,cancelled,22-Jun-23,407.69,1,47,Home,Basketball,Sports,Male,407.69,36-45,888,90,Jun-23,80
ORD6740,CUST2740,69,PROD1940,India,20-Jan-23,08-May-25,3,active,28-May-25,52.8,8,33,Clothing,Dress,Clothing,Male,422.4,56+,288,839,May-25,80
ORD6741,CUST2741,32,PROD1941,USA,23-Aug-20,17-Oct-20,4,active,04-Dec-22,248.17,1,18,Sports,Vacuum Cleaner,Home,Female,248.17,26-35,1952,55,Dec-22,80
ORD6742,CUST2742,52,PROD1942,India,22-Aug-20,19-Jun-25,1,active,25-Jul-25,406.4,4,19,Clothing,Laptop,Electronics,Female,1625.6,46-55,246,1762,Jul-25,60
ORD6743,CUST2743,62,PROD1943,Canada,12-Apr-21,27-Jan-22,2,active,31-Oct-22,49.62,6,49,Sports,Hoodie,Clothing,Female,297.72,56+,1485,290,Oct-22,70
ORD6744,CUST2744,26,PROD1944,Pakistan,20-Nov-21,17-Jan-22,5,active,29-Mar-25,194.3,6,11,Clothing,Headphones,Electronics,Male,1165.8,26-35,1495,58,Mar-25,80
ORD6745,CUST2745,33,PROD1945,USA,14-May-21,27-Jan-23,0,active,09-Jan-24,141.25,7,16,Beauty,Smartphone,Electronics,Female,988.75,26-35,1120,623,Jan-24,50
ORD6746,CUST2746,53,PROD1946,Canada,17-Oct-22,25-May-24,1,paused,01-Jan-24,499.41,3,35,Electronics,Hoodie,Clothing,Female,1498.23,46-55,636,586,Jan-24,80
ORD6747,CUST2747,56,PROD1947,UK,23-Jun-22,12-Aug-24,1,cancelled,06-May-25,242.33,1,12,Beauty,Blender,Home,Female,242.33,56+,557,781,May-25,60
ORD6748,CUST2748,52,PROD1948,UK,15-Mar-21,19-Aug-23,2,active,15-Oct-23,946.91,1,21,Electronics,Laptop,Electronics,Female,946.91,46-55,916,887,Oct-23,70
ORD6749,CUST2749,50,PROD1949,UK,28-Nov-21,11-Apr-22,0,active,16-Mar-22,411.67,1,25,Clothing,Lamp,Home,Male,411.67,46-55,1411,134,Mar-22,50
ORD6750,CUST2750,34,PROD1950,Canada,14-Dec-21,07-Mar-25,1,active,16-May-24,177.74,8,34,Clothing,Moisturizer,Beauty,Female,1421.92,26-35,350,1179,May-24,60
ORD6751,CUST2751,26,PROD1951,UK,21-Aug-21,12-Nov-22,4,active,01-Jul-23,500.06,3,4,Sports,Chair,Home,Female,1500.18,26-35,1196,448,Jul-23,80
ORD6752,CUST2752,59,PROD1952,Canada,22-Feb-22,29-Jan-24,5,active,11-Oct-22,397.85,3,24,Clothing,Bluetooth Speaker,Electronics,Female,1193.55,56+,753,706,Oct-22,80
ORD6753,CUST2753,29,PROD1953,UK,14-Dec-22,25-Jan-24,3,active,29-Apr-25,48.17,5,12,Electronics,Jacket,Clothing,Male,240.85,26-35,757,407,Apr-25,80
ORD6754,CUST2754,41,PROD1954,USA,09-Mar-22,30-Apr-22,4,paused,19-Oct-23,205.14,6,38,Clothing,Face Wash,Beauty,Male,1230.84,36-45,1392,52,Oct-23,100
ORD6755,CUST2755,51,PROD1955,USA,03-Aug-22,18-Dec-23,4,active,30-Apr-24,168.77,5,25,Sports,Shirt,Clothing,Female,843.85,46-55,795,502,Apr-24,80
ORD6756,CUST2756,56,PROD1956,Pakistan,24-Feb-23,07-Aug-23,5,active,28-Apr-24,246.43,6,25,Electronics,Sneakers,Clothing,Male,1478.58,56+,928,164,Apr-24,80
ORD6757,CUST2757,22,PROD1957,Germany,25-Aug-21,02-Aug-25,0,active,21-Jun-22,292.64,5,32,Beauty,T-Shirt,Clothing,Male,1463.2,18-25,202,1438,Jun-22,50
ORD6758,CUST2758,61,PROD1958,Canada,25-Nov-22,09-Mar-25,4,cancelled,10-May-24,203.28,5,47,Home,Shampoo,Beauty,Female,1016.4,56+,348,835,May-24,80
ORD6759,CUST2759,37,PROD1959,Pakistan,17-Dec-22,09-Apr-23,4,paused,21-Apr-24,931.8,2,46,Clothing,Laptop,Electronics,Male,1863.6,36-45,1048,113,Apr-24,100
ORD6760,CUST2760,62,PROD1960,USA,04-Dec-22,18-Jul-23,1,cancelled,01-Dec-24,117.18,9,9,Electronics,Football,Sports,Male,1054.62,56+,948,226,Dec-24,60
ORD6761,CUST2761,42,PROD1961,Canada,04-Aug-21,02-Jul-22,4,cancelled,22-May-24,39.66,7,34,Electronics,Football,Sports,Male,277.62,36-45,1329,332,May-24,80
ORD6762,CUST2762,26,PROD1962,Pakistan,19-Mar-22,10-Jun-22,1,cancelled,04-Nov-23,47.52,5,25,Sports,Face Wash,Beauty,Male,237.6,26-35,1351,83,Nov-23,60
ORD6763,CUST2763,34,PROD1963,Germany,02-Mar-23,29-Jul-25,1,cancelled,21-Apr-24,165.16,9,9,Electronics,Foundation,Beauty,Male,1486.44,26-35,206,880,Apr-24,60
ORD6764,CUST2764,46,PROD1964,India,20-Sep-22,05-Jan-24,5,active,11-Sep-24,28.8,2,15,Clothing,Dumbbells,Sports,Female,57.6,46-55,777,472,Sep-24,80
ORD6765,CUST2765,44,PROD1965,India,27-Feb-23,01-Apr-25,1,active,03-Jun-25,64.24,9,39,Home,Hoodie,Clothing,Female,578.16,36-45,325,764,Jun-25,60
ORD6766,CUST2766,29,PROD1966,USA,17-Jul-23,30-Jun-25,1,active,15-Jun-25,493.6,2,31,Sports,Tablet,Electronics,Male,987.2,26-35,235,714,Jun-25,60
ORD6767,CUST2767,42,PROD1967,Germany,17-Feb-23,26-Mar-23,2,paused,24-May-23,180.2,7,39,Home,Jacket,Clothing,Male,1261.4,36-45,1062,37,May-23,90
ORD6768,CUST2768,37,PROD1968,UK,19-Dec-22,09-Feb-24,4,active,05-Sep-23,121.43,3,36,Sports,Football,Sports,Female,364.29,36-45,742,417,Sep-23,80
ORD6769,CUST2769,46,PROD1969,UK,27-Jan-21,14-Jan-23,0,paused,31-Jul-24,322.7,3,26,Electronics,Shampoo,Beauty,Other,968.1,46-55,1133,717,Jul-24,70
ORD6770,CUST2770,58,PROD1970,Germany,06-Aug-22,15-May-23,4,cancelled,06-Jun-24,527.36,1,35,Home,Moisturizer,Beauty,Female,527.36,56+,1012,282,Jun-24,80
ORD6771,CUST2771,50,PROD1971,Canada,29-Aug-21,09-Nov-24,3,active,18-May-25,101.44,9,33,Clothing,Jacket,Clothing,Male,912.96,46-55,468,1168,May-25,80
ORD6772,CUST2772,44,PROD1972,Canada,07-Jul-21,16-Jan-22,2,active,24-Jun-22,225.41,5,1,Sports,Shampoo,Beauty,Male,1127.05,36-45,1496,193,Jun-22,70
ORD6773,CUST2773,33,PROD1973,UK,15-Apr-22,27-Feb-24,1,active,31-Dec-23,554.73,1,16,Beauty,Dress,Clothing,Female,554.73,26-35,724,683,Dec-23,60
ORD6774,CUST2774,58,PROD1974,UK,19-Oct-22,12-Jun-23,2,active,30-Sep-23,641.76,3,18,Home,Nail Polish,Beauty,Male,1925.28,56+,984,236,Sep-23,70
ORD6775,CUST2775,26,PROD1975,Germany,26-Feb-23,28-Sep-23,0,paused,24-May-23,116.39,9,38,Beauty,Jacket,Clothing,Male,1047.51,26-35,876,214,May-23,70
ORD6776,CUST2776,48,PROD1976,USA,02-Apr-22,13-Sep-23,4,cancelled,27-Feb-23,277.09,3,12,Electronics,Dumbbells,Sports,Male,831.27,46-55,891,529,Feb-23,80
ORD6777,CUST2777,60,PROD1977,Germany,06-May-21,02-Jul-25,5,active,26-Jul-21,68.3,8,9,Electronics,Smartphone,Electronics,Female,546.4,56+,233,1518,Jul-21,80
ORD6778,CUST2778,33,PROD1978,Germany,03-Feb-22,05-Jun-24,3,cancelled,28-Oct-22,978.54,2,37,Electronics,Chair,Home,Male,1957.08,26-35,625,853,Oct-22,80
ORD6779,CUST2779,35,PROD1979,Pakistan,12-Aug-21,12-Nov-24,0,active,21-May-25,1241.77,1,36,Electronics,Tennis Racket,Sports,Male,1241.77,26-35,465,1188,May-25,50
ORD6780,CUST2780,30,PROD1980,India,14-Nov-22,04-Jun-25,0,active,04-Aug-25,394.54,3,11,Clothing,Headphones,Electronics,Male,1183.62,26-35,261,933,Aug-25,50
ORD6781,CUST2781,50,PROD1981,India,30-Jun-23,15-Oct-24,1,cancelled,03-Aug-24,5.39,8,38,Electronics,Smartwatch,Electronics,Female,43.12,46-55,493,473,Aug-24,60
ORD6782,CUST2782,40,PROD1982,India,24-May-21,19-Jan-25,5,active,03-Jan-23,120.41,8,19,Home,Yoga Mat,Sports,Male,963.28,36-45,397,1336,Jan-23,80
ORD6783,CUST2783,48,PROD1983,UK,11-Aug-22,02-May-23,3,active,21-Jan-25,124.3,8,15,Sports,Yoga Mat,Sports,Male,994.4,46-55,1025,264,Jan-25,80
ORD6784,CUST2784,48,PROD1984,UK,18-Aug-21,23-Oct-21,5,active,26-Apr-24,179.9,2,40,Electronics,Nail Polish,Beauty,Male,359.8,46-55,1581,66,Apr-24,80
ORD6785,CUST2785,64,PROD1985,Canada,18-Jun-21,11-Oct-22,1,cancelled,09-Mar-24,151.58,7,47,Home,Jeans,Clothing,Male,1061.06,56+,1228,480,Mar-24,60
ORD6786,CUST2786,61,PROD1986,USA,11-Jul-23,08-Nov-23,3,active,15-Dec-23,165.18,8,19,Home,Refrigerator,Home,Female,1321.44,56+,835,120,Dec-23,80
ORD6787,CUST2787,29,PROD1987,Canada,14-Nov-22,14-Oct-23,4,active,28-Nov-24,65.76,7,5,Electronics,Running Shoes,Sports,Male,460.32,26-35,860,334,Nov-24,80
ORD6788,CUST2788,64,PROD1988,Pakistan,26-Jul-21,30-Mar-25,1,cancelled,01-Aug-21,123.74,9,8,Home,Dining Table,Home,Female,1113.66,56+,327,1343,Aug-21,60
ORD6789,CUST2789,22,PROD1989,Canada,15-Sep-20,29-May-21,1,active,05-Apr-21,62.2,4,11,Electronics,Basketball,Sports,Male,248.8,18-25,1728,256,Apr-21,60
ORD6790,CUST2790,54,PROD1990,Germany,01-Dec-22,12-May-23,3,active,29-Aug-24,10.18,4,13,Electronics,Dress,Clothing,Female,40.72,46-55,1015,162,Aug-24,80
ORD6791,CUST2791,52,PROD1991,Germany,22-Dec-22,05-Jun-25,5,paused,08-Jul-24,178.14,7,31,Home,Dress,Clothing,Female,1246.98,46-55,260,896,Jul-24,100
ORD6792,CUST2792,47,PROD1992,Canada,08-Aug-22,22-Feb-25,4,active,19-Nov-23,821.69,1,44,Sports,Lipstick,Beauty,Male,821.69,46-55,363,929,Nov-23,80
ORD6793,CUST2793,63,PROD1993,Canada,30-Apr-23,01-Oct-23,0,paused,17-Mar-25,166.66,7,16,Home,Tablet,Electronics,Male,1166.62,56+,873,154,Mar-25,70
ORD6794,CUST2794,25,PROD1994,India,25-Apr-22,30-Nov-23,2,paused,23-Nov-24,715.99,1,39,Beauty,Dining Table,Home,Female,715.99,18-25,813,584,Nov-24,90
ORD6795,CUST2795,50,PROD1995,India,18-Jun-22,30-Jan-25,1,cancelled,13-Jan-25,1397.94,1,5,Sports,Cricket Bat,Sports,Male,1397.94,46-55,386,957,Jan-25,60
ORD6796,CUST2796,21,PROD1996,Germany,13-Mar-21,15-Nov-23,1,active,14-Sep-21,307.89,5,35,Sports,Bluetooth Speaker,Electronics,Female,1539.45,18-25,828,977,Sep-21,60
ORD6797,CUST2797,68,PROD1997,Germany,29-Aug-21,05-Dec-24,4,active,13-Feb-23,146.78,9,6,Electronics,Shirt,Clothing,Female,1321.02,56+,442,1194,Feb-23,80
ORD6798,CUST2798,40,PROD1998,Germany,17-Feb-23,28-Jan-25,1,active,17-May-24,82.46,3,41,Clothing,Headphones,Electronics,Female,247.38,36-45,388,711,May-24,60
ORD6799,CUST2799,20,PROD1999,Germany,08-Sep-21,11-Oct-21,1,active,07-Sep-23,406.43,4,11,Sports,Yoga Mat,Sports,Female,1625.72,18-25,1593,33,Sep-23,60
ORD6800,CUST2800,20,PROD2000,Germany,24-Nov-21,04-May-22,2,active,29-Jan-24,871.44,2,35,Home,Nail Polish,Beauty,Female,1742.88,18-25,1388,161,Jan-24,70
ORD6801,CUST2801,51,PROD2001,Germany,11-Dec-22,21-Jun-25,5,active,14-Jan-24,204.5,8,9,Home,Running Shoes,Sports,Female,1636,46-55,244,923,Jan-24,80
ORD6802,CUST2802,37,PROD2002,Pakistan,08-Dec-20,14-Dec-21,4,active,08-Jan-22,390.24,2,49,Electronics,Football,Sports,Female,780.48,36-45,1529,371,Jan-22,80
ORD6803,CUST2803,57,PROD2003,Pakistan,12-Aug-22,19-Mar-25,1,active,30-Jul-24,295.37,6,27,Sports,Lamp,Home,Male,1772.22,56+,338,950,Jul-24,60
ORD6804,CUST2804,40,PROD2004,Germany,08-Apr-22,11-Jan-25,5,cancelled,19-Jun-24,855.07,2,2,Sports,Moisturizer,Beauty,Male,1710.14,36-45,405,1009,Jun-24,80
ORD6805,CUST2805,55,PROD2005,Canada,26-Oct-22,29-Jan-24,0,active,03-Aug-23,1595.97,1,9,Electronics,T-Shirt,Clothing,Female,1595.97,46-55,753,460,Aug-23,50
ORD6806,CUST2806,66,PROD2006,UK,22-Mar-22,03-Mar-23,5,cancelled,15-Dec-23,139.58,3,17,Home,Camera,Electronics,Female,418.74,56+,1085,346,Dec-23,80
ORD6807,CUST2807,44,PROD2007,Pakistan,12-Aug-22,10-Mar-25,5,active,30-Nov-22,493.19,4,7,Clothing,Camera,Electronics,Female,1972.76,36-45,347,941,Nov-22,80
ORD6808,CUST2808,25,PROD2008,UK,06-Sep-20,01-Dec-23,4,active,03-Mar-24,3.87,9,3,Beauty,Perfume,Beauty,Female,34.83,18-25,812,1181,Mar-24,80
ORD6809,CUST2809,53,PROD2009,USA,21-Aug-21,16-Aug-22,3,active,20-Jan-24,646.02,3,46,Electronics,Face Wash,Beauty,Female,1938.06,46-55,1284,360,Jan-24,80
ORD6810,CUST2810,65,PROD2010,Pakistan,11-Feb-21,23-Apr-25,1,cancelled,18-Apr-25,331.29,6,20,Home,Foundation,Beauty,Female,1987.74,56+,303,1532,Apr-25,60
ORD6811,CUST2811,44,PROD2011,Germany,25-May-22,04-May-24,3,active,26-May-22,95.93,5,17,Clothing,Lipstick,Beauty,Male,479.65,36-45,657,710,May-22,80
ORD6812,CUST2812,24,PROD2012,Canada,03-Jan-21,06-Feb-21,5,cancelled,07-Jul-25,243.85,7,5,Electronics,Basketball,Sports,Female,1706.95,18-25,1840,34,Jul-25,80
ORD6813,CUST2813,69,PROD2013,UK,12-Mar-21,02-Jun-23,0,active,05-Aug-25,57.06,9,36,Beauty,Lamp,Home,Other,513.54,56+,994,812,Aug-25,50
ORD6814,CUST2814,56,PROD2014,India,07-Mar-21,14-Sep-21,3,active,17-Aug-25,248.2,5,49,Beauty,Tennis Racket,Sports,Female,1241,56+,1620,191,Aug-25,80
ORD6815,CUST2815,54,PROD2015,India,11-Sep-21,23-Apr-23,2,active,31-Dec-24,40.29,8,27,Sports,Tennis Racket,Sports,Female,322.32,46-55,1034,589,Dec-24,70
ORD6816,CUST2816,37,PROD2016,Canada,03-Sep-21,17-Dec-24,2,active,11-Feb-22,294.37,5,30,Beauty,Lamp,Home,Male,1471.85,36-45,430,1201,Feb-22,70
ORD6817,CUST2817,58,PROD2017,UK,26-Dec-21,22-Feb-22,0,active,24-Jun-24,103.64,9,1,Sports,Jeans,Clothing,Male,932.76,56+,1459,58,Jun-24,50
ORD6818,CUST2818,28,PROD2018,Germany,28-Aug-20,01-Mar-22,2,active,20-Aug-22,452,4,20,Electronics,Lamp,Home,Male,1808,26-35,1452,550,Aug-22,70
ORD6819,CUST2819,18,PROD2019,UK,29-Sep-21,23-Apr-25,5,active,15-May-22,899.63,1,10,Electronics,Refrigerator,Home,Female,899.63,18-25,303,1302,May-22,80
ORD6820,CUST2820,26,PROD2020,USA,10-Apr-21,31-Oct-21,2,active,03-May-24,219.62,9,21,Home,Camera,Electronics,Female,1976.58,26-35,1573,204,May-24,70
ORD6821,CUST2821,21,PROD2021,USA,25-Dec-20,27-Apr-24,2,active,26-Jan-22,183.35,9,13,Beauty,Conditioner,Beauty,Male,1650.15,18-25,664,1219,Jan-22,70
ORD6822,CUST2822,28,PROD2022,USA,12-Nov-22,28-Apr-24,5,active,22-Jul-25,634.36,3,21,Sports,Microwave,Home,Female,1903.08,26-35,663,533,Jul-25,80
ORD6823,CUST2823,20,PROD2023,Pakistan,27-Feb-21,30-Dec-22,0,active,19-Nov-22,90.04,8,47,Clothing,Smartwatch,Electronics,Female,720.32,18-25,1148,671,Nov-22,50
ORD6824,CUST2824,53,PROD2024,Pakistan,24-Oct-21,01-Oct-23,0,active,23-Jul-25,132.42,3,1,Beauty,Dumbbells,Sports,Other,397.26,46-55,873,707,Jul-25,50
ORD6825,CUST2825,39,PROD2025,USA,27-Jun-22,04-Aug-25,1,paused,22-Jan-24,369.9,2,48,Electronics,Shampoo,Beauty,Male,739.8,36-45,200,1134,Jan-24,80
ORD6826,CUST2826,45,PROD2026,Pakistan,19-Sep-20,01-Jan-22,2,cancelled,10-Jun-21,193.98,6,43,Home,Football,Sports,Male,1163.88,36-45,1511,469,Jun-21,70
ORD6827,CUST2827,61,PROD2027,Germany,19-Jul-21,06-Jan-25,4,active,23-Oct-24,213.98,3,27,Home,Sneakers,Clothing,Female,641.94,56+,410,1267,Oct-24,80
ORD6828,CUST2828,51,PROD2028,Canada,22-Aug-20,17-Aug-22,5,cancelled,23-Dec-22,139.2,9,48,Home,Jacket,Clothing,Female,1252.8,46-55,1283,725,Dec-22,80
ORD6829,CUST2829,39,PROD2029,UK,15-Mar-23,30-May-23,5,cancelled,01-Oct-23,429.99,1,29,Home,Smartwatch,Electronics,Female,429.99,36-45,997,76,Oct-23,80
ORD6830,CUST2830,66,PROD2030,Germany,10-Apr-23,29-May-23,5,cancelled,31-Jul-23,204.48,6,10,Electronics,Camera,Electronics,Male,1226.88,56+,998,49,Jul-23,80
ORD6831,CUST2831,62,PROD2031,Germany,05-Jan-22,05-Jun-25,0,cancelled,28-Sep-23,26.95,5,33,Clothing,Nail Polish,Beauty,Female,134.75,56+,260,1247,Sep-23,50
ORD6832,CUST2832,53,PROD2032,Canada,15-Jun-22,24-Mar-23,1,active,06-Jul-25,22.66,6,32,Sports,Smartwatch,Electronics,Female,135.96,46-55,1064,282,Jul-25,60
ORD6833,CUST2833,32,PROD2033,Pakistan,10-Apr-23,28-Jul-25,2,active,03-Aug-25,150.86,9,48,Electronics,Shampoo,Beauty,Male,1357.74,26-35,207,840,Aug-25,70
ORD6834,CUST2834,38,PROD2034,India,19-Aug-22,04-Jul-23,0,paused,06-May-23,347.74,3,29,Beauty,Headphones,Electronics,Male,1043.22,36-45,962,319,May-23,70
ORD6835,CUST2835,38,PROD2035,Pakistan,05-May-22,14-Feb-24,4,cancelled,08-Feb-25,11.42,9,34,Beauty,Cycling Helmet,Sports,Female,102.78,36-45,737,650,Feb-25,80
ORD6836,CUST2836,64,PROD2036,Germany,26-Mar-22,15-Jan-23,1,active,25-Jul-23,531.15,3,26,Electronics,Jacket,Clothing,Male,1593.45,56+,1132,295,Jul-23,60
ORD6837,CUST2837,33,PROD2037,India,12-Jul-22,09-Oct-22,3,paused,28-Jul-24,1339,1,48,Clothing,Conditioner,Beauty,Female,1339,26-35,1230,89,Jul-24,100
ORD6838,CUST2838,23,PROD2038,India,11-Apr-21,02-May-22,0,active,29-Sep-24,809.03,1,42,Home,Gaming Console,Electronics,Male,809.03,18-25,1390,386,Sep-24,50
ORD6839,CUST2839,45,PROD2039,USA,04-Jan-23,28-May-25,1,cancelled,27-Dec-23,423.72,3,43,Electronics,Hoodie,Clothing,Male,1271.16,36-45,268,875,Dec-23,60
ORD6840,CUST2840,31,PROD2040,USA,16-Sep-22,22-Jan-23,3,cancelled,02-Nov-23,72.44,7,33,Beauty,Bluetooth Speaker,Electronics,Male,507.08,26-35,1125,128,Nov-23,80
ORD6841,CUST2841,58,PROD2041,USA,07-Feb-22,12-Feb-22,2,paused,24-May-25,156.44,4,36,Clothing,Bluetooth Speaker,Electronics,Female,625.76,56+,1469,5,May-25,90
ORD6842,CUST2842,34,PROD2042,Canada,01-Jul-21,22-Feb-22,3,active,28-Oct-21,158.08,6,7,Beauty,Jeans,Clothing,Male,948.48,26-35,1459,236,Oct-21,80
ORD6843,CUST2843,26,PROD2043,Pakistan,26-Sep-22,21-Jan-24,2,active,12-Dec-23,644.69,1,46,Beauty,Nail Polish,Beauty,Male,644.69,26-35,761,482,Dec-23,70
ORD6844,CUST2844,43,PROD2044,India,20-Dec-21,22-Feb-24,4,active,25-Mar-24,570.25,3,33,Clothing,T-Shirt,Clothing,Male,1710.75,36-45,729,794,Mar-24,80
ORD6845,CUST2845,61,PROD2045,Germany,02-Sep-21,24-Apr-23,1,active,21-Aug-22,267,7,14,Sports,Cricket Bat,Sports,Male,1869,56+,1033,599,Aug-22,60
ORD6846,CUST2846,19,PROD2046,USA,04-Jan-22,03-Sep-24,3,active,11-Nov-22,138.42,4,14,Electronics,Face Wash,Beauty,Male,553.68,18-25,535,973,Nov-22,80
ORD6847,CUST2847,47,PROD2047,Pakistan,08-Oct-20,18-May-24,4,active,21-Aug-23,71.79,7,33,Home,Conditioner,Beauty,Female,502.53,46-55,643,1318,Aug-23,80
ORD6848,CUST2848,30,PROD2048,USA,22-May-23,19-Jul-23,3,active,08-Feb-24,477.46,4,28,Electronics,Basketball,Sports,Male,1909.84,26-35,947,58,Feb-24,80
ORD6849,CUST2849,43,PROD2049,India,25-Apr-22,09-Sep-22,3,active,12-May-23,601.04,1,5,Clothing,Foundation,Beauty,Male,601.04,36-45,1260,137,May-23,80
ORD6850,CUST2850,28,PROD2050,UK,04-Apr-21,14-Oct-24,4,cancelled,09-Mar-25,467.71,3,30,Electronics,Chair,Home,Female,1403.13,26-35,494,1289,Mar-25,80
ORD6851,CUST2851,47,PROD2051,Germany,12-Sep-20,18-Mar-22,1,active,23-Jan-21,147.14,7,36,Clothing,Chair,Home,Male,1029.98,46-55,1435,552,Jan-21,60
ORD6852,CUST2852,60,PROD2052,USA,14-May-22,30-Nov-23,3,cancelled,27-Dec-23,283.39,2,17,Electronics,Foundation,Beauty,Male,566.78,56+,813,565,Dec-23,80
ORD6853,CUST2853,21,PROD2053,Germany,16-Oct-21,30-Jul-25,1,cancelled,21-Jul-22,743.56,2,28,Electronics,Blender,Home,Female,1487.12,18-25,205,1383,Jul-22,60
ORD6854,CUST2854,61,PROD2054,USA,01-Aug-21,13-Oct-22,1,active,12-Jul-25,63.1,8,29,Beauty,Football,Sports,Male,504.8,56+,1226,438,Jul-25,60
ORD6855,CUST2855,28,PROD2055,UK,20-Dec-22,18-Jul-24,3,paused,16-Apr-25,189.33,7,4,Beauty,Conditioner,Beauty,Male,1325.31,26-35,582,576,Apr-25,100
ORD6856,CUST2856,65,PROD2056,Germany,26-Feb-23,01-Sep-24,0,active,05-Mar-23,365.3,4,18,Sports,Sofa,Home,Other,1461.2,56+,537,553,Mar-23,50
ORD6857,CUST2857,61,PROD2057,Canada,23-Feb-23,10-Oct-23,1,active,06-Nov-24,44.94,9,7,Clothing,Sneakers,Clothing,Female,404.46,56+,864,229,Nov-24,60
ORD6858,CUST2858,46,PROD2058,USA,31-Dec-22,29-Aug-23,1,active,01-Mar-23,556.42,2,6,Beauty,Vacuum Cleaner,Home,Male,1112.84,46-55,906,241,Mar-23,60
ORD6859,CUST2859,63,PROD2059,USA,30-May-22,18-Dec-24,2,cancelled,06-Jul-23,103.42,6,40,Home,Lipstick,Beauty,Male,620.52,56+,429,933,Jul-23,70
ORD6860,CUST2860,35,PROD2060,Pakistan,17-Feb-23,17-Dec-24,0,active,12-Sep-24,300.08,4,25,Electronics,Conditioner,Beauty,Other,1200.32,26-35,430,669,Sep-24,50
ORD6861,CUST2861,39,PROD2061,USA,08-Apr-21,15-Aug-24,5,active,12-Nov-24,117.58,2,4,Clothing,Sneakers,Clothing,Female,235.16,36-45,554,1225,Nov-24,80
ORD6862,CUST2862,43,PROD2062,UK,18-Oct-20,24-Feb-21,4,active,16-Oct-23,1685.5,1,8,Beauty,Jacket,Clothing,Male,1685.5,36-45,1822,129,Oct-23,80
ORD6863,CUST2863,58,PROD2063,Germany,17-Aug-21,01-Oct-23,4,active,24-Oct-22,331.38,5,6,Clothing,Gaming Console,Electronics,Male,1656.9,56+,873,775,Oct-22,80
ORD6864,CUST2864,21,PROD2064,USA,23-Nov-20,04-Nov-23,0,paused,27-Jun-21,529.98,1,41,Sports,Cricket Bat,Sports,Female,529.98,18-25,839,1076,Jun-21,70
ORD6865,CUST2865,46,PROD2065,Pakistan,15-Jul-22,13-Jun-25,5,cancelled,18-Sep-24,642.41,3,26,Clothing,Smartphone,Electronics,Male,1927.23,46-55,252,1064,Sep-24,80
ORD6866,CUST2866,67,PROD2066,Canada,24-Jan-22,25-Jul-25,3,active,17-Mar-23,118.68,9,38,Electronics,Shampoo,Beauty,Female,1068.12,56+,210,1278,Mar-23,80
ORD6867,CUST2867,24,PROD2067,Canada,17-Mar-22,27-Sep-22,2,cancelled,06-Sep-23,570.81,1,40,Clothing,Face Wash,Beauty,Female,570.81,18-25,1242,194,Sep-23,70
ORD6868,CUST2868,28,PROD2068,Canada,09-Nov-20,31-Dec-22,0,active,26-Mar-23,410.67,3,42,Electronics,Jacket,Clothing,Female,1232.01,26-35,1147,782,Mar-23,50
ORD6869,CUST2869,68,PROD2069,UK,11-Aug-21,15-May-23,1,active,14-May-24,21.9,8,14,Sports,Camera,Electronics,Male,175.2,56+,1012,642,May-24,60
ORD6870,CUST2870,26,PROD2070,UK,14-Jun-23,06-Feb-25,2,cancelled,06-Nov-24,239.88,8,44,Home,Headphones,Electronics,Female,1919.04,26-35,379,603,Nov-24,70
ORD6871,CUST2871,27,PROD2071,Pakistan,09-May-23,08-Jul-25,1,cancelled,25-Sep-23,1761.57,1,16,Electronics,Dumbbells,Sports,Male,1761.57,26-35,227,791,Sep-23,60
ORD6872,CUST2872,48,PROD2072,USA,01-Oct-21,22-Apr-24,5,active,14-Oct-24,1081.8,1,40,Clothing,Yoga Mat,Sports,Male,1081.8,46-55,669,934,Oct-24,80
ORD6873,CUST2873,37,PROD2073,Germany,03-Jul-22,06-Dec-23,3,active,30-Sep-22,152.49,5,42,Sports,Cricket Bat,Sports,Male,762.45,36-45,807,521,Sep-22,80
ORD6874,CUST2874,50,PROD2074,India,21-May-21,16-Feb-25,0,cancelled,05-Jul-25,1955.81,1,30,Electronics,Skirt,Clothing,Male,1955.81,46-55,369,1367,Jul-25,50
ORD6875,CUST2875,44,PROD2075,Canada,13-Sep-20,09-Nov-20,2,active,09-Dec-23,92.5,7,11,Home,Bluetooth Speaker,Electronics,Male,647.5,36-45,1929,57,Dec-23,70
ORD6876,CUST2876,41,PROD2076,Canada,18-Jun-21,25-Dec-21,1,paused,03-Mar-23,207.01,3,17,Electronics,Dining Table,Home,Female,621.03,36-45,1518,190,Mar-23,80
ORD6877,CUST2877,66,PROD2077,Germany,27-Feb-22,19-Feb-23,2,paused,26-Jul-25,51.21,8,48,Clothing,Perfume,Beauty,Other,409.68,56+,1097,357,Jul-25,90
ORD6878,CUST2878,30,PROD2078,UK,20-Jan-22,20-Jan-24,5,active,20-Nov-22,1358.08,1,46,Electronics,Bluetooth Speaker,Electronics,Male,1358.08,26-35,762,730,Nov-22,80
ORD6879,CUST2879,46,PROD2079,Pakistan,16-Mar-21,20-Mar-22,1,active,27-Jul-24,420.35,2,21,Home,Lipstick,Beauty,Female,840.7,46-55,1433,369,Jul-24,60
ORD6880,CUST2880,51,PROD2080,India,26-May-22,11-Jun-24,1,cancelled,02-Nov-22,418.53,3,43,Beauty,Yoga Mat,Sports,Male,1255.59,46-55,619,747,Nov-22,60
ORD6881,CUST2881,53,PROD2081,UK,11-Jan-21,08-Sep-23,3,active,02-Apr-21,192.16,6,22,Clothing,Blender,Home,Male,1152.96,46-55,896,970,Apr-21,80
ORD6882,CUST2882,54,PROD2082,USA,09-Sep-21,26-Mar-23,4,cancelled,15-Apr-25,410.43,3,42,Electronics,Jacket,Clothing,Female,1231.29,46-55,1062,563,Apr-25,80
ORD6883,CUST2883,58,PROD2083,Canada,25-Sep-22,16-Mar-24,2,active,25-Oct-23,170.66,6,46,Home,Refrigerator,Home,Male,1023.96,56+,706,538,Oct-23,70
ORD6884,CUST2884,48,PROD2084,USA,13-Apr-23,17-Apr-24,0,paused,22-Mar-25,32.67,8,9,Sports,Cycling Helmet,Sports,Male,261.36,46-55,674,370,Mar-25,70
ORD6885,CUST2885,59,PROD2085,Germany,16-Sep-22,21-Mar-24,0,active,24-Apr-24,1453.08,1,34,Electronics,Vacuum Cleaner,Home,Female,1453.08,56+,701,552,Apr-24,50
ORD6886,CUST2886,69,PROD2086,Germany,20-Jan-22,11-Jul-24,0,active,09-Jun-22,104.39,9,19,Beauty,Perfume,Beauty,Female,939.51,56+,589,903,Jun-22,50
ORD6887,CUST2887,25,PROD2087,India,14-Aug-22,24-Oct-24,0,cancelled,02-Jan-25,935.95,1,11,Electronics,Basketball,Sports,Female,935.95,18-25,484,802,Jan-25,50
ORD6888,CUST2888,28,PROD2088,India,30-Aug-20,20-Mar-23,4,cancelled,05-Nov-24,6.43,6,43,Beauty,Chair,Home,Male,38.58,26-35,1068,932,Nov-24,80
ORD6889,CUST2889,31,PROD2089,India,28-Mar-21,12-Dec-23,4,paused,01-Nov-23,334.5,2,15,Electronics,Cricket Bat,Sports,Male,669,26-35,801,989,Nov-23,100
ORD6890,CUST2890,51,PROD2090,UK,23-Jun-21,04-Aug-21,2,active,04-Jul-21,72.16,7,4,Electronics,Football,Sports,Female,505.12,46-55,1661,42,Jul-21,70
ORD6891,CUST2891,22,PROD2091,India,30-Apr-22,22-Sep-24,1,cancelled,21-Jul-22,198.07,5,36,Clothing,Laptop,Electronics,Female,990.35,18-25,516,876,Jul-22,60
ORD6892,CUST2892,34,PROD2092,USA,19-Feb-22,11-Apr-23,1,active,22-Apr-22,1180.59,1,22,Beauty,Skirt,Clothing,Male,1180.59,26-35,1046,416,Apr-22,60
ORD6893,CUST2893,24,PROD2093,India,05-Jul-21,14-Nov-24,3,active,05-Dec-23,83.69,5,7,Beauty,Microwave,Home,Female,418.45,18-25,463,1228,Dec-23,80
ORD6894,CUST2894,24,PROD2094,USA,01-Aug-23,15-May-24,5,active,05-Jul-25,228.12,7,25,Beauty,Sneakers,Clothing,Male,1596.84,18-25,646,288,Jul-25,80
ORD6895,CUST2895,53,PROD2095,Germany,28-Aug-20,11-Feb-22,4,active,06-Dec-20,284.69,5,13,Beauty,Microwave,Home,Female,1423.45,46-55,1470,532,Dec-20,80
ORD6896,CUST2896,67,PROD2096,India,05-Aug-21,07-Sep-24,1,paused,01-Jan-22,10.34,5,10,Home,Shirt,Clothing,Male,51.7,56+,531,1129,Jan-22,80
ORD6897,CUST2897,57,PROD2097,Canada,04-Feb-22,10-Nov-23,5,active,28-May-22,218.72,6,37,Home,Bluetooth Speaker,Electronics,Female,1312.32,56+,833,644,May-22,80
ORD6898,CUST2898,32,PROD2098,Pakistan,05-Dec-20,22-Apr-23,5,cancelled,06-Sep-23,211.68,6,25,Home,Moisturizer,Beauty,Female,1270.08,26-35,1035,868,Sep-23,80
ORD6899,CUST2899,45,PROD2099,Pakistan,16-Mar-23,01-Apr-24,1,active,27-Apr-23,102.92,7,2,Beauty,Vacuum Cleaner,Home,Male,720.44,36-45,690,382,Apr-23,60
ORD6900,CUST2900,52,PROD2100,Pakistan,25-Oct-21,06-Jun-23,5,active,03-Apr-24,277.83,6,41,Clothing,T-Shirt,Clothing,Female,1666.98,46-55,990,589,Apr-24,80
ORD6901,CUST2901,51,PROD2101,Canada,26-Feb-21,22-Feb-22,2,active,06-Jan-25,224.46,6,30,Beauty,Jacket,Clothing,Male,1346.76,46-55,1459,361,Jan-25,70
ORD6902,CUST2902,21,PROD2102,UK,21-Mar-21,25-Apr-22,4,active,07-Feb-23,277.63,3,16,Beauty,Cycling Helmet,Sports,Male,832.89,18-25,1397,400,Feb-23,80
ORD6903,CUST2903,28,PROD2103,UK,15-Sep-21,22-Oct-22,4,active,21-Mar-23,350.36,4,22,Home,Conditioner,Beauty,Female,1401.44,26-35,1217,402,Mar-23,80
ORD6904,CUST2904,26,PROD2104,UK,18-Oct-22,09-Jun-24,2,paused,22-Nov-22,213.68,5,35,Sports,Moisturizer,Beauty,Female,1068.4,26-35,621,600,Nov-22,90
ORD6905,CUST2905,59,PROD2105,Pakistan,13-Aug-22,26-Jan-23,4,active,21-Dec-22,36.09,8,27,Home,Tennis Racket,Sports,Female,288.72,56+,1121,166,Dec-22,80
ORD6906,CUST2906,18,PROD2106,India,11-Mar-22,09-Aug-22,3,cancelled,02-Apr-25,267.89,6,2,Electronics,Football,Sports,Male,1607.34,18-25,1291,151,Apr-25,80
ORD6907,CUST2907,40,PROD2107,Germany,27-Apr-23,21-Jan-25,5,active,01-Feb-24,755.64,2,38,Home,Bluetooth Speaker,Electronics,Male,1511.28,36-45,395,635,Feb-24,80
ORD6908,CUST2908,25,PROD2108,India,12-Oct-20,31-Aug-21,5,cancelled,07-Feb-22,1725.32,1,5,Clothing,Cycling Helmet,Sports,Male,1725.32,18-25,1634,323,Feb-22,80
ORD6909,CUST2909,29,PROD2109,USA,24-Jun-21,10-Oct-24,5,active,05-Aug-25,87.1,7,45,Sports,Dumbbells,Sports,Male,609.7,26-35,498,1204,Aug-25,80
ORD6910,CUST2910,63,PROD2110,USA,29-Jan-21,20-Jun-24,1,active,17-Apr-23,104.59,6,22,Beauty,T-Shirt,Clothing,Male,627.54,56+,610,1238,Apr-23,60
ORD6911,CUST2911,44,PROD2111,UK,09-May-21,30-Nov-23,1,cancelled,15-Apr-22,79.28,2,9,Electronics,Sofa,Home,Female,158.56,36-45,813,935,Apr-22,60
ORD6912,CUST2912,48,PROD2112,Pakistan,11-Jan-23,26-Sep-24,0,active,17-Feb-24,197.22,6,9,Electronics,Cycling Helmet,Sports,Male,1183.32,46-55,512,624,Feb-24,50
ORD6913,CUST2913,45,PROD2113,Pakistan,04-Feb-21,06-Jun-22,4,paused,23-May-24,343.73,1,23,Beauty,Face Wash,Beauty,Male,343.73,36-45,1355,487,May-24,100
ORD6914,CUST2914,67,PROD2114,India,21-May-23,14-Oct-23,3,active,26-Nov-23,183.62,6,37,Home,T-Shirt,Clothing,Female,1101.72,56+,860,146,Nov-23,80
ORD6915,CUST2915,25,PROD2115,Canada,26-Nov-20,09-Jan-25,5,active,31-Mar-25,266.26,7,15,Clothing,Face Wash,Beauty,Other,1863.82,18-25,407,1505,Mar-25,80
ORD6916,CUST2916,39,PROD2116,Germany,04-Sep-20,26-Apr-25,3,active,14-Aug-25,231.08,6,4,Beauty,T-Shirt,Clothing,Male,1386.48,36-45,300,1695,Aug-25,80
ORD6917,CUST2917,42,PROD2117,Pakistan,12-Aug-21,20-Nov-22,2,active,07-Jan-22,261.03,7,15,Clothing,Dress,Clothing,Male,1827.21,36-45,1188,465,Jan-22,70
ORD6918,CUST2918,49,PROD2118,India,24-Sep-20,17-Nov-23,2,active,08-Apr-23,220.35,4,25,Sports,Microwave,Home,Male,881.4,46-55,826,1149,Apr-23,70
ORD6919,CUST2919,22,PROD2119,Canada,06-Apr-21,22-Jul-21,2,paused,10-Apr-24,88.49,7,34,Clothing,Dumbbells,Sports,Female,619.43,18-25,1674,107,Apr-24,90
ORD6920,CUST2920,64,PROD2120,Pakistan,14-Dec-21,28-Jan-22,4,cancelled,10-Mar-24,229.56,7,9,Sports,Sofa,Home,Female,1606.92,56+,1484,45,Mar-24,80
ORD6921,CUST2921,64,PROD2121,Pakistan,25-Nov-22,12-Apr-25,3,active,04-Jun-25,38.42,6,34,Electronics,Camera,Electronics,Female,230.52,56+,314,869,Jun-25,80
ORD6922,CUST2922,51,PROD2122,Pakistan,24-May-23,09-Feb-25,1,cancelled,22-Jul-23,35.18,6,26,Beauty,Microwave,Home,Male,211.08,46-55,376,627,Jul-23,60
ORD6923,CUST2923,44,PROD2123,Germany,20-May-21,28-Nov-21,0,active,04-Jun-25,96.43,1,8,Sports,Tablet,Electronics,Female,96.43,36-45,1545,192,Jun-25,50
ORD6924,CUST2924,53,PROD2124,USA,03-Nov-21,21-Feb-25,0,active,31-Jan-22,198.52,9,44,Home,Basketball,Sports,Male,1786.68,46-55,364,1206,Jan-22,50
ORD6925,CUST2925,33,PROD2125,Pakistan,26-Dec-20,28-Oct-21,4,paused,02-Feb-25,423.9,3,47,Sports,Refrigerator,Home,Female,1271.7,26-35,1576,306,Feb-25,100
ORD6926,CUST2926,27,PROD2126,Canada,06-Mar-23,24-Jul-24,2,active,21-May-25,182.16,4,48,Clothing,T-Shirt,Clothing,Female,728.64,26-35,576,506,May-25,70
ORD6927,CUST2927,30,PROD2127,USA,12-May-22,29-Jun-22,2,cancelled,28-Jul-22,978.85,1,44,Sports,Gaming Console,Electronics,Female,978.85,26-35,1332,48,Jul-22,70
ORD6928,CUST2928,27,PROD2128,Germany,25-Apr-22,14-May-22,1,cancelled,25-Nov-23,657.06,2,31,Home,Microwave,Home,Female,1314.12,26-35,1378,19,Nov-23,60
ORD6929,CUST2929,18,PROD2129,USA,30-Nov-20,14-Sep-23,5,active,23-Sep-21,6.78,8,41,Home,Smartphone,Electronics,Female,54.24,18-25,890,1018,Sep-21,80
ORD6930,CUST2930,21,PROD2130,India,21-Jan-21,24-Oct-23,0,cancelled,29-Nov-21,289.8,2,48,Sports,Jacket,Clothing,Male,579.6,18-25,850,1006,Nov-21,50
ORD6931,CUST2931,19,PROD2131,USA,02-Jun-22,26-Jan-23,0,cancelled,19-Sep-23,21.72,8,12,Clothing,Perfume,Beauty,Female,173.76,18-25,1121,238,Sep-23,50
ORD6932,CUST2932,49,PROD2132,UK,07-Jun-21,21-Oct-22,1,cancelled,24-May-25,780.1,1,32,Home,Smartphone,Electronics,Female,780.1,46-55,1218,501,May-25,60
ORD6933,CUST2933,46,PROD2133,Canada,13-Jul-22,01-Jan-25,0,active,29-Oct-24,460.48,3,8,Sports,Bluetooth Speaker,Electronics,Male,1381.44,46-55,415,903,Oct-24,50
ORD6934,CUST2934,58,PROD2134,Germany,29-Nov-21,20-Feb-22,5,active,17-Jul-24,332.45,6,1,Electronics,Lamp,Home,Female,1994.7,56+,1461,83,Jul-24,80
ORD6935,CUST2935,26,PROD2135,Germany,17-Jan-22,06-Apr-23,0,active,04-Sep-24,66.25,4,2,Sports,T-Shirt,Clothing,Other,265,26-35,1051,444,Sep-24,50
ORD6936,CUST2936,49,PROD2136,USA,09-Nov-20,14-Mar-22,0,cancelled,09-Sep-21,132.92,8,14,Home,Face Wash,Beauty,Male,1063.36,46-55,1439,490,Sep-21,50
ORD6937,CUST2937,63,PROD2137,Germany,21-Jul-22,09-Jan-23,0,active,03-May-24,187.24,9,5,Sports,Gaming Console,Electronics,Female,1685.16,56+,1138,172,May-24,50
ORD6938,CUST2938,41,PROD2138,UK,01-Mar-22,09-Jan-24,2,paused,29-Oct-22,1575.87,1,48,Home,Refrigerator,Home,Female,1575.87,36-45,773,679,Oct-22,90
ORD6939,CUST2939,50,PROD2139,India,20-Aug-22,12-Feb-24,0,active,09-Jul-23,141.13,5,11,Electronics,Smartphone,Electronics,Male,705.65,46-55,739,541,Jul-23,50
ORD6940,CUST2940,46,PROD2140,Pakistan,08-Sep-21,26-Feb-25,5,active,05-Nov-24,584.37,3,11,Sports,Dress,Clothing,Male,1753.11,46-55,359,1267,Nov-24,80
ORD6941,CUST2941,59,PROD2141,USA,02-Jul-22,17-Nov-23,4,active,04-Jun-23,389.05,5,17,Electronics,Vacuum Cleaner,Home,Female,1945.25,56+,826,503,Jun-23,80
ORD6942,CUST2942,61,PROD2142,Germany,29-Mar-23,06-Dec-24,2,active,26-Apr-25,495.74,3,41,Home,Foundation,Beauty,Female,1487.22,56+,441,618,Apr-25,70
ORD6943,CUST2943,60,PROD2143,Germany,25-Apr-22,08-May-25,5,active,02-Nov-22,19.39,9,32,Sports,Lamp,Home,Male,174.51,56+,288,1109,Nov-22,80
ORD6944,CUST2944,35,PROD2144,UK,26-Feb-23,29-Jun-23,2,cancelled,27-Jun-23,444.92,3,28,Electronics,Football,Sports,Male,1334.76,26-35,967,123,Jun-23,70
ORD6945,CUST2945,36,PROD2145,Canada,14-Jul-22,23-Nov-22,2,cancelled,26-Dec-23,85.87,6,28,Home,Hoodie,Clothing,Female,515.22,36-45,1185,132,Dec-23,70
ORD6946,CUST2946,64,PROD2146,UK,08-May-21,21-Nov-23,2,active,31-Dec-23,382.88,3,1,Electronics,Running Shoes,Sports,Female,1148.64,56+,822,927,Dec-23,70
ORD6947,CUST2947,34,PROD2147,Canada,24-Dec-20,11-Dec-23,2,active,20-Jun-24,177.29,9,44,Clothing,Yoga Mat,Sports,Male,1595.61,26-35,802,1082,Jun-24,70
ORD6948,CUST2948,67,PROD2148,UK,10-Oct-20,27-Sep-24,2,active,31-Oct-24,130.54,6,11,Electronics,Skirt,Clothing,Male,783.24,56+,511,1448,Oct-24,70
ORD6949,CUST2949,27,PROD2149,Germany,27-Apr-22,13-Mar-25,5,active,10-Sep-23,1249.74,1,5,Sports,Yoga Mat,Sports,Female,1249.74,26-35,344,1051,Sep-23,80
ORD6950,CUST2950,19,PROD2150,Germany,10-Jun-22,19-Sep-22,4,paused,08-Dec-23,290.81,4,49,Sports,Jacket,Clothing,Male,1163.24,18-25,1250,101,Dec-23,100
ORD6951,CUST2951,21,PROD2151,India,07-Apr-21,09-Jul-24,0,active,24-Jun-21,366.09,5,5,Beauty,Tennis Racket,Sports,Male,1830.45,18-25,591,1189,Jun-21,50
ORD6952,CUST2952,61,PROD2152,Pakistan,03-Dec-22,05-May-25,2,active,26-Jul-25,34.53,3,36,Sports,Shirt,Clothing,Female,103.59,56+,291,884,Jul-25,70
ORD6953,CUST2953,60,PROD2153,UK,18-Dec-20,14-May-24,0,active,14-Jul-24,112.73,8,34,Sports,Perfume,Beauty,Female,901.84,56+,647,1243,Jul-24,50
ORD6954,CUST2954,62,PROD2154,Canada,23-May-23,30-Nov-23,2,cancelled,24-Apr-24,1019.71,1,8,Beauty,Moisturizer,Beauty,Male,1019.71,56+,813,191,Apr-24,70
ORD6955,CUST2955,51,PROD2155,India,11-Feb-23,07-Jun-25,4,active,10-Aug-24,74.99,6,4,Clothing,Laptop,Electronics,Male,449.94,46-55,258,847,Aug-24,80
ORD6956,CUST2956,69,PROD2156,Pakistan,10-Mar-23,29-Nov-23,4,active,17-Oct-23,434.02,4,44,Clothing,Nail Polish,Beauty,Female,1736.08,56+,814,264,Oct-23,80
ORD6957,CUST2957,42,PROD2157,UK,11-Nov-20,19-Mar-23,4,active,23-May-21,358.32,4,32,Electronics,Nail Polish,Beauty,Female,1433.28,36-45,1069,858,May-21,80
ORD6958,CUST2958,54,PROD2158,Germany,07-Sep-21,05-Nov-23,4,active,26-Feb-25,189.52,9,48,Home,Jeans,Clothing,Male,1705.68,46-55,838,789,Feb-25,80
ORD6959,CUST2959,55,PROD2159,India,03-Mar-22,30-Dec-23,0,paused,18-Apr-22,239.76,3,19,Home,Conditioner,Beauty,Male,719.28,46-55,783,667,Apr-22,70
ORD6960,CUST2960,67,PROD2160,UK,20-Jan-23,22-May-25,4,cancelled,01-May-24,43.42,9,5,Electronics,Sofa,Home,Male,390.78,56+,274,853,May-24,80
ORD6961,CUST2961,37,PROD2161,Canada,02-Feb-23,27-Feb-25,4,active,29-Jan-24,153.87,2,2,Home,Vacuum Cleaner,Home,Male,307.74,36-45,358,756,Jan-24,80
ORD6962,CUST2962,21,PROD2162,UK,18-Nov-21,15-Mar-25,4,paused,07-Jan-22,8.1,4,15,Electronics,Face Wash,Beauty,Male,32.4,18-25,342,1213,Jan-22,100
ORD6963,CUST2963,43,PROD2163,Canada,13-Jul-22,16-Jan-25,4,paused,13-Jul-25,325.53,4,16,Sports,Hoodie,Clothing,Male,1302.12,36-45,400,918,Jul-25,100
ORD6964,CUST2964,58,PROD2164,India,21-Jan-23,03-May-23,3,paused,30-Oct-23,211.46,8,6,Beauty,Cycling Helmet,Sports,Male,1691.68,56+,1024,102,Oct-23,100
ORD6965,CUST2965,31,PROD2165,USA,06-Aug-22,04-Oct-23,0,active,19-Apr-23,293.7,2,1,Clothing,Shirt,Clothing,Female,587.4,26-35,870,424,Apr-23,50
ORD6966,CUST2966,31,PROD2166,Pakistan,13-Nov-22,13-Mar-23,4,active,24-Jul-24,157.86,8,41,Sports,Dining Table,Home,Female,1262.88,26-35,1075,120,Jul-24,80
ORD6967,CUST2967,42,PROD2167,UK,13-Jul-23,03-Apr-25,1,cancelled,16-Nov-23,927.22,2,16,Electronics,Cycling Helmet,Sports,Female,1854.44,36-45,323,630,Nov-23,60
ORD6968,CUST2968,57,PROD2168,USA,25-Jul-22,14-Apr-23,5,paused,24-Feb-23,33.59,5,8,Home,Perfume,Beauty,Male,167.95,56+,1043,263,Feb-23,100
ORD6969,CUST2969,56,PROD2169,USA,13-Nov-20,17-Jan-21,4,active,12-Apr-22,295.43,4,21,Sports,Jeans,Clothing,Female,1181.72,56+,1860,65,Apr-22,80
ORD6970,CUST2970,33,PROD2170,India,10-Aug-22,03-Aug-24,1,cancelled,03-Jun-25,91.9,9,23,Home,Perfume,Beauty,Male,827.1,26-35,566,724,Jun-25,60
ORD6971,CUST2971,43,PROD2171,India,18-Dec-21,17-Sep-24,5,active,09-Apr-23,531.37,2,18,Clothing,Smartwatch,Electronics,Male,1062.74,36-45,521,1004,Apr-23,80
ORD6972,CUST2972,41,PROD2172,India,02-Sep-21,02-Nov-24,4,active,08-Mar-23,143.44,4,38,Sports,Bluetooth Speaker,Electronics,Male,573.76,36-45,475,1157,Mar-23,80
ORD6973,CUST2973,46,PROD2173,UK,10-Jul-23,12-Jun-25,1,active,27-Jun-25,432.84,4,46,Clothing,Cycling Helmet,Sports,Male,1731.36,46-55,253,703,Jun-25,60
ORD6974,CUST2974,56,PROD2174,Pakistan,14-Apr-21,01-Jun-23,1,active,08-Jul-25,61.63,4,13,Clothing,Smartphone,Electronics,Male,246.52,56+,995,778,Jul-25,60
ORD6975,CUST2975,24,PROD2175,Germany,25-Jul-22,09-Sep-22,3,active,20-Oct-22,146.29,7,28,Sports,Smartwatch,Electronics,Male,1024.03,18-25,1260,46,Oct-22,80
ORD6976,CUST2976,28,PROD2176,UK,27-Aug-22,23-Nov-24,0,active,21-Aug-23,142.63,2,35,Electronics,Sofa,Home,Female,285.26,26-35,454,819,Aug-23,50
ORD6977,CUST2977,61,PROD2177,India,02-Apr-23,13-Aug-25,3,active,15-Dec-24,281.51,5,12,Clothing,Running Shoes,Sports,Female,1407.55,56+,191,864,Dec-24,80
ORD6978,CUST2978,61,PROD2178,UK,30-Oct-21,09-Jan-24,0,active,17-Nov-24,314.29,4,46,Home,Skirt,Clothing,Male,1257.16,56+,773,801,Nov-24,50
ORD6979,CUST2979,25,PROD2179,Pakistan,29-Aug-20,07-Nov-20,4,cancelled,28-Dec-21,628.04,3,14,Electronics,Jacket,Clothing,Male,1884.12,18-25,1931,70,Dec-21,80
ORD6980,CUST2980,40,PROD2180,UK,20-Mar-22,16-Dec-22,3,paused,06-Jan-23,145.3,3,28,Sports,T-Shirt,Clothing,Male,435.9,36-45,1162,271,Jan-23,100
ORD6981,CUST2981,56,PROD2181,India,28-Feb-22,01-Dec-24,1,cancelled,13-Jul-24,81.86,3,10,Electronics,Basketball,Sports,Male,245.58,56+,446,1007,Jul-24,60
ORD6982,CUST2982,26,PROD2182,Pakistan,08-Apr-22,22-Jul-25,0,active,26-Aug-24,478.29,4,3,Home,Shampoo,Beauty,Female,1913.16,26-35,213,1201,Aug-24,50
ORD6983,CUST2983,53,PROD2183,USA,15-Jul-22,19-Jul-22,4,paused,13-Jan-23,386.17,2,9,Electronics,Refrigerator,Home,Female,772.34,46-55,1312,4,Jan-23,100
ORD6984,CUST2984,23,PROD2184,India,12-Mar-22,03-Apr-24,2,active,28-Jun-23,1902.06,1,28,Sports,Foundation,Beauty,Female,1902.06,18-25,688,753,Jun-23,70
ORD6985,CUST2985,52,PROD2185,UK,26-Aug-22,21-Aug-23,3,cancelled,06-Feb-25,11.23,8,6,Sports,Bluetooth Speaker,Electronics,Female,89.84,46-55,914,360,Feb-25,80
ORD6986,CUST2986,21,PROD2186,USA,24-Jan-21,03-Aug-24,1,active,03-May-24,522.95,2,2,Clothing,Camera,Electronics,Female,1045.9,18-25,566,1287,May-24,60
ORD6987,CUST2987,65,PROD2187,Canada,05-Dec-20,21-Apr-24,3,active,24-Jan-21,354.59,4,47,Electronics,Perfume,Beauty,Male,1418.36,56+,670,1233,Jan-21,80
ORD6988,CUST2988,50,PROD2188,Canada,20-Jan-22,10-Jul-24,0,active,03-Jul-23,35.7,8,38,Clothing,Smartwatch,Electronics,Male,285.6,46-55,590,902,Jul-23,50
ORD6989,CUST2989,36,PROD2189,Germany,23-Mar-22,05-Jun-25,2,cancelled,27-Sep-23,394.6,5,43,Beauty,Lipstick,Beauty,Female,1973,36-45,260,1170,Sep-23,70
ORD6990,CUST2990,69,PROD2190,Canada,17-Aug-23,21-May-25,4,paused,21-Aug-23,71.62,5,17,Clothing,Football,Sports,Female,358.1,56+,275,643,Aug-23,100
ORD6991,CUST2991,55,PROD2191,India,17-Jul-22,16-Dec-24,4,active,13-May-23,260.37,3,36,Clothing,Vacuum Cleaner,Home,Male,781.11,46-55,431,883,May-23,80
ORD6992,CUST2992,35,PROD2192,Germany,05-Mar-21,14-Nov-23,5,active,02-Feb-25,281.42,3,46,Electronics,Tablet,Electronics,Male,844.26,26-35,829,984,Feb-25,80
ORD6993,CUST2993,23,PROD2193,Pakistan,28-Nov-20,09-Aug-21,3,active,20-May-25,54.05,9,29,Clothing,Dining Table,Home,Female,486.45,18-25,1656,254,May-25,80
ORD6994,CUST2994,40,PROD2194,India,07-Feb-21,15-Feb-24,4,active,26-Dec-23,77.92,4,5,Home,Dress,Clothing,Male,311.68,36-45,736,1103,Dec-23,80
ORD6995,CUST2995,27,PROD2195,UK,11-Jul-21,22-Jul-23,0,active,23-Jul-22,30.34,7,25,Beauty,Sneakers,Clothing,Female,212.38,26-35,944,741,Jul-22,50
ORD6996,CUST2996,59,PROD2196,Canada,26-Nov-22,29-Oct-23,4,paused,05-Mar-24,381.38,3,12,Electronics,Chair,Home,Male,1144.14,56+,845,337,Mar-24,100
ORD6997,CUST2997,41,PROD2197,India,20-Apr-22,15-Aug-22,1,active,29-Apr-23,305.05,6,38,Beauty,Lipstick,Beauty,Male,1830.3,36-45,1285,117,Apr-23,60
ORD6998,CUST2998,20,PROD2198,USA,16-May-21,15-Dec-24,0,active,17-Feb-22,229.14,1,49,Beauty,Face Wash,Beauty,Male,229.14,18-25,432,1309,Feb-22,50
ORD6999,CUST2999,54,PROD2199,India,31-Jan-23,25-Jul-23,5,cancelled,31-May-24,4.41,7,24,Beauty,Hoodie,Clothing,Male,30.87,46-55,941,175,May-24,80
